{
  "klass": "Specie",
  "id": 190,
  "dbSymbol": "aipom",
  "forms": [
    {
      "form": 0,
      "height": 0.8,
      "weight": 11.5,
      "type1": "normal",
      "type2": "__undef__",
      "baseHp": 55,
      "baseAtk": 70,
      "baseDfe": 55,
      "baseSpd": 85,
      "baseAts": 40,
      "baseDfs": 55,
      "evHp": 0,
      "evAtk": 0,
      "evDfe": 0,
      "evSpd": 1,
      "evAts": 0,
      "evDfs": 0,
      "evolutions": [
        {
          "dbSymbol": "ambipom",
          "form": 0,
          "conditions": [
            {
              "type": "skill1",
              "value": "double_hit"
            }
          ]
        }
      ],
      "experienceType": 0,
      "baseExperience": 72,
      "baseLoyalty": 70,
      "catchRate": 45,
      "femaleRate": 50,
      "breedGroups": [
        5,
        5
      ],
      "hatchSteps": 5120,
      "babyDbSymbol": "aipom",
      "babyForm": 0,
      "itemHeld": [
        {
          "dbSymbol": "none",
          "chance": 0
        },
        {
          "dbSymbol": "none",
          "chance": 0
        }
      ],
      "abilities": [
        "run_away",
        "pickup",
        "skill_link"
      ],
      "frontOffsetY": 0,
      "moveSet": [
        {
          "klass": "LevelLearnableMove",
          "move": "scratch",
          "level": 1
        },
        {
          "klass": "LevelLearnableMove",
          "move": "tail_whip",
          "level": 1
        },
        {
          "klass": "LevelLearnableMove",
          "move": "sand_attack",
          "level": 4
        },
        {
          "klass": "LevelLearnableMove",
          "move": "astonish",
          "level": 8
        },
        {
          "klass": "LevelLearnableMove",
          "move": "baton_pass",
          "level": 11
        },
        {
          "klass": "LevelLearnableMove",
          "move": "tickle",
          "level": 15
        },
        {
          "klass": "LevelLearnableMove",
          "move": "fury_swipes",
          "level": 18
        },
        {
          "klass": "LevelLearnableMove",
          "move": "swift",
          "level": 22
        },
        {
          "klass": "LevelLearnableMove",
          "move": "screech",
          "level": 25
        },
        {
          "klass": "LevelLearnableMove",
          "move": "agility",
          "level": 29
        },
        {
          "klass": "LevelLearnableMove",
          "move": "double_hit",
          "level": 32
        },
        {
          "klass": "LevelLearnableMove",
          "move": "fling",
          "level": 36
        },
        {
          "klass": "LevelLearnableMove",
          "move": "nasty_plot",
          "level": 39
        },
        {
          "klass": "LevelLearnableMove",
          "move": "last_resort",
          "level": 43
        },
        {
          "klass": "TutorLearnableMove",
          "move": "low_kick"
        },
        {
          "klass": "TutorLearnableMove",
          "move": "uproar"
        },
        {
          "klass": "TutorLearnableMove",
          "move": "seed_bomb"
        },
        {
          "klass": "TutorLearnableMove",
          "move": "spite"
        },
        {
          "klass": "TutorLearnableMove",
          "move": "last_resort"
        },
        {
          "klass": "TutorLearnableMove",
          "move": "gunk_shot"
        },
        {
          "klass": "TutorLearnableMove",
          "move": "role_play"
        },
        {
          "klass": "TutorLearnableMove",
          "move": "covet"
        },
        {
          "klass": "TutorLearnableMove",
          "move": "focus_punch"
        },
        {
          "klass": "TutorLearnableMove",
          "move": "shock_wave"
        },
        {
          "klass": "TutorLearnableMove",
          "move": "thunder_punch"
        },
        {
          "klass": "TutorLearnableMove",
          "move": "fire_punch"
        },
        {
          "klass": "TutorLearnableMove",
          "move": "ice_punch"
        },
        {
          "klass": "TutorLearnableMove",
          "move": "iron_tail"
        },
        {
          "klass": "TutorLearnableMove",
          "move": "bounce"
        },
        {
          "klass": "TutorLearnableMove",
          "move": "snore"
        },
        {
          "klass": "TutorLearnableMove",
          "move": "knock_off"
        },
        {
          "klass": "TutorLearnableMove",
          "move": "snatch"
        },
        {
          "klass": "TutorLearnableMove",
          "move": "water_pulse"
        },
        {
          "klass": "TutorLearnableMove",
          "move": "foul_play"
        },
        {
          "klass": "TechLearnableMove",
          "move": "work_up"
        },
        {
          "klass": "TechLearnableMove",
          "move": "toxic"
        },
        {
          "klass": "TechLearnableMove",
          "move": "hidden_power"
        },
        {
          "klass": "TechLearnableMove",
          "move": "sunny_day"
        },
        {
          "klass": "TechLearnableMove",
          "move": "taunt"
        },
        {
          "klass": "TechLearnableMove",
          "move": "protect"
        },
        {
          "klass": "TechLearnableMove",
          "move": "rain_dance"
        },
        {
          "klass": "TechLearnableMove",
          "move": "frustration"
        },
        {
          "klass": "TechLearnableMove",
          "move": "solar_beam"
        },
        {
          "klass": "TechLearnableMove",
          "move": "thunderbolt"
        },
        {
          "klass": "TechLearnableMove",
          "move": "thunder"
        },
        {
          "klass": "TechLearnableMove",
          "move": "return"
        },
        {
          "klass": "TechLearnableMove",
          "move": "shadow_ball"
        },
        {
          "klass": "TechLearnableMove",
          "move": "brick_break"
        },
        {
          "klass": "TechLearnableMove",
          "move": "double_team"
        },
        {
          "klass": "TechLearnableMove",
          "move": "aerial_ace"
        },
        {
          "klass": "TechLearnableMove",
          "move": "facade"
        },
        {
          "klass": "TechLearnableMove",
          "move": "rest"
        },
        {
          "klass": "TechLearnableMove",
          "move": "attract"
        },
        {
          "klass": "TechLearnableMove",
          "move": "thief"
        },
        {
          "klass": "TechLearnableMove",
          "move": "low_sweep"
        },
        {
          "klass": "TechLearnableMove",
          "move": "round"
        },
        {
          "klass": "TechLearnableMove",
          "move": "fling"
        },
        {
          "klass": "TechLearnableMove",
          "move": "acrobatics"
        },
        {
          "klass": "TechLearnableMove",
          "move": "shadow_claw"
        },
        {
          "klass": "TechLearnableMove",
          "move": "payback"
        },
        {
          "klass": "TechLearnableMove",
          "move": "thunder_wave"
        },
        {
          "klass": "TechLearnableMove",
          "move": "dream_eater"
        },
        {
          "klass": "TechLearnableMove",
          "move": "grass_knot"
        },
        {
          "klass": "TechLearnableMove",
          "move": "swagger"
        },
        {
          "klass": "TechLearnableMove",
          "move": "sleep_talk"
        },
        {
          "klass": "TechLearnableMove",
          "move": "u_turn"
        },
        {
          "klass": "TechLearnableMove",
          "move": "substitute"
        },
        {
          "klass": "TechLearnableMove",
          "move": "confide"
        },
        {
          "klass": "TechLearnableMove",
          "move": "secret_power"
        },
        {
          "klass": "TechLearnableMove",
          "move": "power_up_punch"
        },
        {
          "klass": "TechLearnableMove",
          "move": "cut"
        },
        {
          "klass": "TechLearnableMove",
          "move": "rock_smash"
        },
        {
          "klass": "BreedLearnableMove",
          "move": "agility"
        },
        {
          "klass": "BreedLearnableMove",
          "move": "beat_up"
        },
        {
          "klass": "BreedLearnableMove",
          "move": "bounce"
        },
        {
          "klass": "BreedLearnableMove",
          "move": "counter"
        },
        {
          "klass": "BreedLearnableMove",
          "move": "covet"
        },
        {
          "klass": "BreedLearnableMove",
          "move": "double_slap"
        },
        {
          "klass": "BreedLearnableMove",
          "move": "fake_out"
        },
        {
          "klass": "BreedLearnableMove",
          "move": "pursuit"
        },
        {
          "klass": "BreedLearnableMove",
          "move": "quick_guard"
        },
        {
          "klass": "BreedLearnableMove",
          "move": "revenge"
        },
        {
          "klass": "BreedLearnableMove",
          "move": "screech"
        },
        {
          "klass": "BreedLearnableMove",
          "move": "slam"
        },
        {
          "klass": "BreedLearnableMove",
          "move": "spite"
        },
        {
          "klass": "BreedLearnableMove",
          "move": "switcheroo"
        },
        {
          "klass": "BreedLearnableMove",
          "move": "tail_slap"
        }
      ],
      "resources": {
        "icon": "190",
        "iconShiny": "",
        "front": "190",
        "frontF": "190f",
        "frontShiny": "190",
        "frontShinyF": "190f",
        "back": "190",
        "backF": "190f",
        "backShiny": "190",
        "backShinyF": "190f",
        "footprint": "190",
        "character": "190_0",
        "characterShiny": "190s_0",
        "cry": "190cry.ogg",
        "hasFemale": true
      }
    }
  ]
}