{
  "klass": "Specie",
  "id": 698,
  "dbSymbol": "amaura",
  "forms": [
    {
      "form": 0,
      "height": 1.3,
      "weight": 25.2,
      "type1": "rock",
      "type2": "ice",
      "baseHp": 77,
      "baseAtk": 59,
      "baseDfe": 50,
      "baseSpd": 46,
      "baseAts": 67,
      "baseDfs": 63,
      "evHp": 1,
      "evAtk": 0,
      "evDfe": 0,
      "evSpd": 0,
      "evAts": 0,
      "evDfs": 0,
      "evolutions": [
        {
          "dbSymbol": "aurorus",
          "form": 0,
          "conditions": [
            {
              "type": "minLevel",
              "value": 39
            },
            {
              "type": "dayNight",
              "value": 0
            }
          ]
        }
      ],
      "experienceType": 1,
      "baseExperience": 72,
      "baseLoyalty": 70,
      "catchRate": 45,
      "femaleRate": 12.5,
      "breedGroups": [
        1,
        1
      ],
      "hatchSteps": 7680,
      "babyDbSymbol": "amaura",
      "babyForm": 0,
      "itemHeld": [
        {
          "dbSymbol": "none",
          "chance": 0
        },
        {
          "dbSymbol": "none",
          "chance": 0
        }
      ],
      "abilities": [
        "refrigerate",
        "refrigerate",
        "snow_warning"
      ],
      "frontOffsetY": 0,
      "moveSet": [
        {
          "klass": "LevelLearnableMove",
          "move": "powder_snow",
          "level": 1
        },
        {
          "klass": "LevelLearnableMove",
          "move": "growl",
          "level": 1
        },
        {
          "klass": "LevelLearnableMove",
          "move": "thunder_wave",
          "level": 5
        },
        {
          "klass": "LevelLearnableMove",
          "move": "rock_throw",
          "level": 10
        },
        {
          "klass": "LevelLearnableMove",
          "move": "icy_wind",
          "level": 13
        },
        {
          "klass": "LevelLearnableMove",
          "move": "take_down",
          "level": 15
        },
        {
          "klass": "LevelLearnableMove",
          "move": "mist",
          "level": 18
        },
        {
          "klass": "LevelLearnableMove",
          "move": "aurora_beam",
          "level": 20
        },
        {
          "klass": "LevelLearnableMove",
          "move": "ancient_power",
          "level": 26
        },
        {
          "klass": "LevelLearnableMove",
          "move": "round",
          "level": 30
        },
        {
          "klass": "LevelLearnableMove",
          "move": "avalanche",
          "level": 34
        },
        {
          "klass": "LevelLearnableMove",
          "move": "hail",
          "level": 38
        },
        {
          "klass": "LevelLearnableMove",
          "move": "nature_power",
          "level": 41
        },
        {
          "klass": "LevelLearnableMove",
          "move": "encore",
          "level": 44
        },
        {
          "klass": "LevelLearnableMove",
          "move": "light_screen",
          "level": 47
        },
        {
          "klass": "LevelLearnableMove",
          "move": "ice_beam",
          "level": 50
        },
        {
          "klass": "LevelLearnableMove",
          "move": "hyper_beam",
          "level": 57
        },
        {
          "klass": "LevelLearnableMove",
          "move": "blizzard",
          "level": 65
        },
        {
          "klass": "TutorLearnableMove",
          "move": "outrage"
        },
        {
          "klass": "TutorLearnableMove",
          "move": "aqua_tail"
        },
        {
          "klass": "TutorLearnableMove",
          "move": "hyper_voice"
        },
        {
          "klass": "TutorLearnableMove",
          "move": "iron_defense"
        },
        {
          "klass": "TutorLearnableMove",
          "move": "stealth_rock"
        },
        {
          "klass": "TutorLearnableMove",
          "move": "iron_tail"
        },
        {
          "klass": "TutorLearnableMove",
          "move": "snore"
        },
        {
          "klass": "TutorLearnableMove",
          "move": "earth_power"
        },
        {
          "klass": "TutorLearnableMove",
          "move": "iron_head"
        },
        {
          "klass": "TutorLearnableMove",
          "move": "zen_headbutt"
        },
        {
          "klass": "TutorLearnableMove",
          "move": "icy_wind"
        },
        {
          "klass": "TutorLearnableMove",
          "move": "water_pulse"
        },
        {
          "klass": "TutorLearnableMove",
          "move": "magnet_rise"
        },
        {
          "klass": "TechLearnableMove",
          "move": "calm_mind"
        },
        {
          "klass": "TechLearnableMove",
          "move": "roar"
        },
        {
          "klass": "TechLearnableMove",
          "move": "toxic"
        },
        {
          "klass": "TechLearnableMove",
          "move": "hail"
        },
        {
          "klass": "TechLearnableMove",
          "move": "hidden_power"
        },
        {
          "klass": "TechLearnableMove",
          "move": "ice_beam"
        },
        {
          "klass": "TechLearnableMove",
          "move": "blizzard"
        },
        {
          "klass": "TechLearnableMove",
          "move": "hyper_beam"
        },
        {
          "klass": "TechLearnableMove",
          "move": "light_screen"
        },
        {
          "klass": "TechLearnableMove",
          "move": "protect"
        },
        {
          "klass": "TechLearnableMove",
          "move": "rain_dance"
        },
        {
          "klass": "TechLearnableMove",
          "move": "safeguard"
        },
        {
          "klass": "TechLearnableMove",
          "move": "frustration"
        },
        {
          "klass": "TechLearnableMove",
          "move": "thunderbolt"
        },
        {
          "klass": "TechLearnableMove",
          "move": "return"
        },
        {
          "klass": "TechLearnableMove",
          "move": "double_team"
        },
        {
          "klass": "TechLearnableMove",
          "move": "reflect"
        },
        {
          "klass": "TechLearnableMove",
          "move": "sandstorm"
        },
        {
          "klass": "TechLearnableMove",
          "move": "rock_tomb"
        },
        {
          "klass": "TechLearnableMove",
          "move": "facade"
        },
        {
          "klass": "TechLearnableMove",
          "move": "rest"
        },
        {
          "klass": "TechLearnableMove",
          "move": "attract"
        },
        {
          "klass": "TechLearnableMove",
          "move": "round"
        },
        {
          "klass": "TechLearnableMove",
          "move": "echoed_voice"
        },
        {
          "klass": "TechLearnableMove",
          "move": "charge_beam"
        },
        {
          "klass": "TechLearnableMove",
          "move": "rock_polish"
        },
        {
          "klass": "TechLearnableMove",
          "move": "stone_edge"
        },
        {
          "klass": "TechLearnableMove",
          "move": "thunder_wave"
        },
        {
          "klass": "TechLearnableMove",
          "move": "psych_up"
        },
        {
          "klass": "TechLearnableMove",
          "move": "bulldoze"
        },
        {
          "klass": "TechLearnableMove",
          "move": "frost_breath"
        },
        {
          "klass": "TechLearnableMove",
          "move": "rock_slide"
        },
        {
          "klass": "TechLearnableMove",
          "move": "dragon_tail"
        },
        {
          "klass": "TechLearnableMove",
          "move": "dream_eater"
        },
        {
          "klass": "TechLearnableMove",
          "move": "swagger"
        },
        {
          "klass": "TechLearnableMove",
          "move": "sleep_talk"
        },
        {
          "klass": "TechLearnableMove",
          "move": "substitute"
        },
        {
          "klass": "TechLearnableMove",
          "move": "flash_cannon"
        },
        {
          "klass": "TechLearnableMove",
          "move": "nature_power"
        },
        {
          "klass": "TechLearnableMove",
          "move": "dark_pulse"
        },
        {
          "klass": "TechLearnableMove",
          "move": "confide"
        },
        {
          "klass": "TechLearnableMove",
          "move": "secret_power"
        },
        {
          "klass": "TechLearnableMove",
          "move": "rock_smash"
        },
        {
          "klass": "BreedLearnableMove",
          "move": "barrier"
        },
        {
          "klass": "BreedLearnableMove",
          "move": "discharge"
        },
        {
          "klass": "BreedLearnableMove",
          "move": "haze"
        },
        {
          "klass": "BreedLearnableMove",
          "move": "magnet_rise"
        },
        {
          "klass": "BreedLearnableMove",
          "move": "mirror_coat"
        }
      ],
      "resources": {
        "icon": "698",
        "iconShiny": "",
        "front": "698",
        "frontShiny": "698",
        "back": "698",
        "backShiny": "698",
        "footprint": "",
        "character": "698_0",
        "characterShiny": "698s_0",
        "cry": "698cry.ogg",
        "hasFemale": false
      }
    }
  ]
}