{
  "klass": "Specie",
  "id": 752,
  "dbSymbol": "araquanid",
  "forms": [
    {
      "form": 0,
      "height": 1.8,
      "weight": 82,
      "type1": "water",
      "type2": "bug",
      "baseHp": 68,
      "baseAtk": 70,
      "baseDfe": 92,
      "baseSpd": 42,
      "baseAts": 50,
      "baseDfs": 132,
      "evHp": 0,
      "evAtk": 0,
      "evDfe": 0,
      "evSpd": 0,
      "evAts": 0,
      "evDfs": 2,
      "evolutions": [],
      "experienceType": 1,
      "baseExperience": 159,
      "baseLoyalty": 70,
      "catchRate": 100,
      "femaleRate": 50,
      "breedGroups": [
        2,
        3
      ],
      "hatchSteps": 3840,
      "babyDbSymbol": "dewpider",
      "babyForm": 0,
      "itemHeld": [
        {
          "dbSymbol": "none",
          "chance": 0
        },
        {
          "dbSymbol": "none",
          "chance": 0
        }
      ],
      "abilities": [
        "water_bubble",
        "water_bubble",
        "water_absorb"
      ],
      "frontOffsetY": 0,
      "moveSet": [
        {
          "klass": "LevelLearnableMove",
          "move": "bubble",
          "level": 1
        },
        {
          "klass": "LevelLearnableMove",
          "move": "wide_guard",
          "level": 1
        },
        {
          "klass": "LevelLearnableMove",
          "move": "soak",
          "level": 1
        },
        {
          "klass": "LevelLearnableMove",
          "move": "infestation",
          "level": 1
        },
        {
          "klass": "LevelLearnableMove",
          "move": "bug_bite",
          "level": 1
        },
        {
          "klass": "LevelLearnableMove",
          "move": "spider_web",
          "level": 1
        },
        {
          "klass": "LevelLearnableMove",
          "move": "infestation",
          "level": 5
        },
        {
          "klass": "LevelLearnableMove",
          "move": "spider_web",
          "level": 8
        },
        {
          "klass": "LevelLearnableMove",
          "move": "bug_bite",
          "level": 13
        },
        {
          "klass": "LevelLearnableMove",
          "move": "bubble_beam",
          "level": 16
        },
        {
          "klass": "LevelLearnableMove",
          "move": "bite",
          "level": 21
        },
        {
          "klass": "LevelLearnableMove",
          "move": "aqua_ring",
          "level": 26
        },
        {
          "klass": "LevelLearnableMove",
          "move": "leech_life",
          "level": 33
        },
        {
          "klass": "LevelLearnableMove",
          "move": "crunch",
          "level": 38
        },
        {
          "klass": "LevelLearnableMove",
          "move": "lunge",
          "level": 45
        },
        {
          "klass": "LevelLearnableMove",
          "move": "mirror_coat",
          "level": 50
        },
        {
          "klass": "LevelLearnableMove",
          "move": "liquidation",
          "level": 57
        },
        {
          "klass": "LevelLearnableMove",
          "move": "entrainment",
          "level": 62
        },
        {
          "klass": "TutorLearnableMove",
          "move": "liquidation"
        },
        {
          "klass": "TutorLearnableMove",
          "move": "giga_drain"
        },
        {
          "klass": "TutorLearnableMove",
          "move": "iron_defense"
        },
        {
          "klass": "TutorLearnableMove",
          "move": "bug_bite"
        },
        {
          "klass": "TutorLearnableMove",
          "move": "signal_beam"
        },
        {
          "klass": "TutorLearnableMove",
          "move": "magic_coat"
        },
        {
          "klass": "TutorLearnableMove",
          "move": "snore"
        },
        {
          "klass": "TutorLearnableMove",
          "move": "laser_focus"
        },
        {
          "klass": "TutorLearnableMove",
          "move": "icy_wind"
        },
        {
          "klass": "TutorLearnableMove",
          "move": "water_pulse"
        },
        {
          "klass": "TutorLearnableMove",
          "move": "wonder_room"
        },
        {
          "klass": "TutorLearnableMove",
          "move": "magic_room"
        },
        {
          "klass": "TechLearnableMove",
          "move": "toxic"
        },
        {
          "klass": "TechLearnableMove",
          "move": "hidden_power"
        },
        {
          "klass": "TechLearnableMove",
          "move": "ice_beam"
        },
        {
          "klass": "TechLearnableMove",
          "move": "blizzard"
        },
        {
          "klass": "TechLearnableMove",
          "move": "protect"
        },
        {
          "klass": "TechLearnableMove",
          "move": "rain_dance"
        },
        {
          "klass": "TechLearnableMove",
          "move": "safeguard"
        },
        {
          "klass": "TechLearnableMove",
          "move": "frustration"
        },
        {
          "klass": "TechLearnableMove",
          "move": "return"
        },
        {
          "klass": "TechLearnableMove",
          "move": "leech_life"
        },
        {
          "klass": "TechLearnableMove",
          "move": "double_team"
        },
        {
          "klass": "TechLearnableMove",
          "move": "reflect"
        },
        {
          "klass": "TechLearnableMove",
          "move": "facade"
        },
        {
          "klass": "TechLearnableMove",
          "move": "rest"
        },
        {
          "klass": "TechLearnableMove",
          "move": "attract"
        },
        {
          "klass": "TechLearnableMove",
          "move": "round"
        },
        {
          "klass": "TechLearnableMove",
          "move": "scald"
        },
        {
          "klass": "TechLearnableMove",
          "move": "frost_breath"
        },
        {
          "klass": "TechLearnableMove",
          "move": "x_scissor"
        },
        {
          "klass": "TechLearnableMove",
          "move": "infestation"
        },
        {
          "klass": "TechLearnableMove",
          "move": "poison_jab"
        },
        {
          "klass": "TechLearnableMove",
          "move": "swagger"
        },
        {
          "klass": "TechLearnableMove",
          "move": "sleep_talk"
        },
        {
          "klass": "TechLearnableMove",
          "move": "substitute"
        },
        {
          "klass": "TechLearnableMove",
          "move": "surf"
        },
        {
          "klass": "TechLearnableMove",
          "move": "waterfall"
        },
        {
          "klass": "TechLearnableMove",
          "move": "confide"
        },
        {
          "klass": "TechLearnableMove",
          "move": "struggle_bug"
        },
        {
          "klass": "TechLearnableMove",
          "move": "secret_power"
        },
        {
          "klass": "TechLearnableMove",
          "move": "cut"
        },
        {
          "klass": "TechLearnableMove",
          "move": "whirlpool"
        }
      ],
      "resources": {
        "icon": "752",
        "iconShiny": "",
        "front": "752",
        "frontShiny": "752",
        "back": "752",
        "backShiny": "752",
        "footprint": "",
        "character": "752_0",
        "characterShiny": "752s_0",
        "cry": "752cry.ogg",
        "hasFemale": false
      }
    }
  ]
}
