{
  "klass": "Specie",
  "id": 567,
  "dbSymbol": "archeops",
  "forms": [
    {
      "form": 0,
      "height": 1.4,
      "weight": 32,
      "type1": "rock",
      "type2": "flying",
      "baseHp": 75,
      "baseAtk": 140,
      "baseDfe": 65,
      "baseSpd": 110,
      "baseAts": 112,
      "baseDfs": 65,
      "evHp": 0,
      "evAtk": 2,
      "evDfe": 0,
      "evSpd": 0,
      "evAts": 0,
      "evDfs": 0,
      "evolutions": [],
      "experienceType": 1,
      "baseExperience": 177,
      "baseLoyalty": 70,
      "catchRate": 45,
      "femaleRate": 12.5,
      "breedGroups": [
        4,
        9
      ],
      "hatchSteps": 7680,
      "babyDbSymbol": "archen",
      "babyForm": 0,
      "itemHeld": [
        {
          "dbSymbol": "none",
          "chance": 0
        },
        {
          "dbSymbol": "none",
          "chance": 0
        }
      ],
      "abilities": [
        "defeatist",
        "defeatist",
        "defeatist"
      ],
      "frontOffsetY": 0,
      "moveSet": [
        {
          "klass": "LevelLearnableMove",
          "move": "wing_attack",
          "level": 1
        },
        {
          "klass": "LevelLearnableMove",
          "move": "leer",
          "level": 1
        },
        {
          "klass": "LevelLearnableMove",
          "move": "quick_attack",
          "level": 1
        },
        {
          "klass": "LevelLearnableMove",
          "move": "rock_throw",
          "level": 1
        },
        {
          "klass": "LevelLearnableMove",
          "move": "rock_throw",
          "level": 5
        },
        {
          "klass": "LevelLearnableMove",
          "move": "double_team",
          "level": 8
        },
        {
          "klass": "LevelLearnableMove",
          "move": "scary_face",
          "level": 11
        },
        {
          "klass": "LevelLearnableMove",
          "move": "pluck",
          "level": 15
        },
        {
          "klass": "LevelLearnableMove",
          "move": "ancient_power",
          "level": 18
        },
        {
          "klass": "LevelLearnableMove",
          "move": "agility",
          "level": 21
        },
        {
          "klass": "LevelLearnableMove",
          "move": "quick_guard",
          "level": 25
        },
        {
          "klass": "LevelLearnableMove",
          "move": "acrobatics",
          "level": 28
        },
        {
          "klass": "LevelLearnableMove",
          "move": "dragon_breath",
          "level": 31
        },
        {
          "klass": "LevelLearnableMove",
          "move": "crunch",
          "level": 35
        },
        {
          "klass": "LevelLearnableMove",
          "move": "endeavor",
          "level": 40
        },
        {
          "klass": "LevelLearnableMove",
          "move": "u_turn",
          "level": 45
        },
        {
          "klass": "LevelLearnableMove",
          "move": "rock_slide",
          "level": 51
        },
        {
          "klass": "LevelLearnableMove",
          "move": "dragon_claw",
          "level": 56
        },
        {
          "klass": "LevelLearnableMove",
          "move": "thrash",
          "level": 61
        },
        {
          "klass": "TutorLearnableMove",
          "move": "defog"
        },
        {
          "klass": "TutorLearnableMove",
          "move": "uproar"
        },
        {
          "klass": "TutorLearnableMove",
          "move": "heat_wave"
        },
        {
          "klass": "TutorLearnableMove",
          "move": "outrage"
        },
        {
          "klass": "TutorLearnableMove",
          "move": "dragon_pulse"
        },
        {
          "klass": "TutorLearnableMove",
          "move": "endeavor"
        },
        {
          "klass": "TutorLearnableMove",
          "move": "aqua_tail"
        },
        {
          "klass": "TutorLearnableMove",
          "move": "ally_switch"
        },
        {
          "klass": "TutorLearnableMove",
          "move": "iron_defense"
        },
        {
          "klass": "TutorLearnableMove",
          "move": "stealth_rock"
        },
        {
          "klass": "TutorLearnableMove",
          "move": "zen_headbutt"
        },
        {
          "klass": "TutorLearnableMove",
          "move": "iron_tail"
        },
        {
          "klass": "TutorLearnableMove",
          "move": "bounce"
        },
        {
          "klass": "TutorLearnableMove",
          "move": "snore"
        },
        {
          "klass": "TutorLearnableMove",
          "move": "knock_off"
        },
        {
          "klass": "TutorLearnableMove",
          "move": "earth_power"
        },
        {
          "klass": "TutorLearnableMove",
          "move": "sky_attack"
        },
        {
          "klass": "TutorLearnableMove",
          "move": "tailwind"
        },
        {
          "klass": "TechLearnableMove",
          "move": "dragon_claw"
        },
        {
          "klass": "TechLearnableMove",
          "move": "roar"
        },
        {
          "klass": "TechLearnableMove",
          "move": "toxic"
        },
        {
          "klass": "TechLearnableMove",
          "move": "hidden_power"
        },
        {
          "klass": "TechLearnableMove",
          "move": "taunt"
        },
        {
          "klass": "TechLearnableMove",
          "move": "hyper_beam"
        },
        {
          "klass": "TechLearnableMove",
          "move": "protect"
        },
        {
          "klass": "TechLearnableMove",
          "move": "roost"
        },
        {
          "klass": "TechLearnableMove",
          "move": "frustration"
        },
        {
          "klass": "TechLearnableMove",
          "move": "smack_down"
        },
        {
          "klass": "TechLearnableMove",
          "move": "earthquake"
        },
        {
          "klass": "TechLearnableMove",
          "move": "return"
        },
        {
          "klass": "TechLearnableMove",
          "move": "double_team"
        },
        {
          "klass": "TechLearnableMove",
          "move": "sandstorm"
        },
        {
          "klass": "TechLearnableMove",
          "move": "rock_tomb"
        },
        {
          "klass": "TechLearnableMove",
          "move": "aerial_ace"
        },
        {
          "klass": "TechLearnableMove",
          "move": "torment"
        },
        {
          "klass": "TechLearnableMove",
          "move": "facade"
        },
        {
          "klass": "TechLearnableMove",
          "move": "rest"
        },
        {
          "klass": "TechLearnableMove",
          "move": "attract"
        },
        {
          "klass": "TechLearnableMove",
          "move": "round"
        },
        {
          "klass": "TechLearnableMove",
          "move": "steel_wing"
        },
        {
          "klass": "TechLearnableMove",
          "move": "focus_blast"
        },
        {
          "klass": "TechLearnableMove",
          "move": "acrobatics"
        },
        {
          "klass": "TechLearnableMove",
          "move": "shadow_claw"
        },
        {
          "klass": "TechLearnableMove",
          "move": "giga_impact"
        },
        {
          "klass": "TechLearnableMove",
          "move": "rock_polish"
        },
        {
          "klass": "TechLearnableMove",
          "move": "stone_edge"
        },
        {
          "klass": "TechLearnableMove",
          "move": "fly"
        },
        {
          "klass": "TechLearnableMove",
          "move": "bulldoze"
        },
        {
          "klass": "TechLearnableMove",
          "move": "rock_slide"
        },
        {
          "klass": "TechLearnableMove",
          "move": "dragon_tail"
        },
        {
          "klass": "TechLearnableMove",
          "move": "swagger"
        },
        {
          "klass": "TechLearnableMove",
          "move": "sleep_talk"
        },
        {
          "klass": "TechLearnableMove",
          "move": "u_turn"
        },
        {
          "klass": "TechLearnableMove",
          "move": "substitute"
        },
        {
          "klass": "TechLearnableMove",
          "move": "confide"
        },
        {
          "klass": "TechLearnableMove",
          "move": "secret_power"
        },
        {
          "klass": "TechLearnableMove",
          "move": "cut"
        },
        {
          "klass": "TechLearnableMove",
          "move": "rock_smash"
        }
      ],
      "resources": {
        "icon": "567",
        "iconShiny": "",
        "front": "567",
        "frontShiny": "567",
        "back": "567",
        "backShiny": "567",
        "footprint": "567",
        "character": "567_0",
        "characterShiny": "567s_0",
        "cry": "567cry.ogg",
        "hasFemale": false
      }
    }
  ]
}