{
  "klass": "Specie",
  "id": 610,
  "dbSymbol": "axew",
  "forms": [
    {
      "form": 0,
      "height": 0.6,
      "weight": 18,
      "type1": "dragon",
      "type2": "__undef__",
      "baseHp": 46,
      "baseAtk": 87,
      "baseDfe": 60,
      "baseSpd": 57,
      "baseAts": 30,
      "baseDfs": 40,
      "evHp": 0,
      "evAtk": 1,
      "evDfe": 0,
      "evSpd": 0,
      "evAts": 0,
      "evDfs": 0,
      "evolutions": [
        {
          "dbSymbol": "fraxure",
          "form": 0,
          "conditions": [
            {
              "type": "minLevel",
              "value": 38
            }
          ]
        }
      ],
      "experienceType": 2,
      "baseExperience": 64,
      "baseLoyalty": 35,
      "catchRate": 75,
      "femaleRate": 50,
      "breedGroups": [
        1,
        14
      ],
      "hatchSteps": 10240,
      "babyDbSymbol": "axew",
      "babyForm": 0,
      "itemHeld": [
        {
          "dbSymbol": "none",
          "chance": 0
        },
        {
          "dbSymbol": "none",
          "chance": 0
        }
      ],
      "abilities": [
        "rivalry",
        "mold_breaker",
        "unnerve"
      ],
      "frontOffsetY": 0,
      "moveSet": [
        {
          "klass": "LevelLearnableMove",
          "move": "scratch",
          "level": 1
        },
        {
          "klass": "LevelLearnableMove",
          "move": "leer",
          "level": 4
        },
        {
          "klass": "LevelLearnableMove",
          "move": "assurance",
          "level": 7
        },
        {
          "klass": "LevelLearnableMove",
          "move": "dragon_rage",
          "level": 10
        },
        {
          "klass": "LevelLearnableMove",
          "move": "dual_chop",
          "level": 13
        },
        {
          "klass": "LevelLearnableMove",
          "move": "scary_face",
          "level": 16
        },
        {
          "klass": "LevelLearnableMove",
          "move": "slash",
          "level": 20
        },
        {
          "klass": "LevelLearnableMove",
          "move": "false_swipe",
          "level": 24
        },
        {
          "klass": "LevelLearnableMove",
          "move": "dragon_claw",
          "level": 28
        },
        {
          "klass": "LevelLearnableMove",
          "move": "dragon_dance",
          "level": 32
        },
        {
          "klass": "LevelLearnableMove",
          "move": "taunt",
          "level": 36
        },
        {
          "klass": "LevelLearnableMove",
          "move": "dragon_pulse",
          "level": 41
        },
        {
          "klass": "LevelLearnableMove",
          "move": "swords_dance",
          "level": 46
        },
        {
          "klass": "LevelLearnableMove",
          "move": "guillotine",
          "level": 50
        },
        {
          "klass": "LevelLearnableMove",
          "move": "outrage",
          "level": 56
        },
        {
          "klass": "LevelLearnableMove",
          "move": "giga_impact",
          "level": 61
        },
        {
          "klass": "TutorLearnableMove",
          "move": "outrage"
        },
        {
          "klass": "TutorLearnableMove",
          "move": "dual_chop"
        },
        {
          "klass": "TutorLearnableMove",
          "move": "dragon_pulse"
        },
        {
          "klass": "TutorLearnableMove",
          "move": "draco_meteor"
        },
        {
          "klass": "TutorLearnableMove",
          "move": "endeavor"
        },
        {
          "klass": "TutorLearnableMove",
          "move": "aqua_tail"
        },
        {
          "klass": "TutorLearnableMove",
          "move": "shock_wave"
        },
        {
          "klass": "TutorLearnableMove",
          "move": "iron_tail"
        },
        {
          "klass": "TutorLearnableMove",
          "move": "snore"
        },
        {
          "klass": "TutorLearnableMove",
          "move": "superpower"
        },
        {
          "klass": "TechLearnableMove",
          "move": "dragon_claw"
        },
        {
          "klass": "TechLearnableMove",
          "move": "roar"
        },
        {
          "klass": "TechLearnableMove",
          "move": "toxic"
        },
        {
          "klass": "TechLearnableMove",
          "move": "hidden_power"
        },
        {
          "klass": "TechLearnableMove",
          "move": "sunny_day"
        },
        {
          "klass": "TechLearnableMove",
          "move": "taunt"
        },
        {
          "klass": "TechLearnableMove",
          "move": "protect"
        },
        {
          "klass": "TechLearnableMove",
          "move": "rain_dance"
        },
        {
          "klass": "TechLearnableMove",
          "move": "frustration"
        },
        {
          "klass": "TechLearnableMove",
          "move": "return"
        },
        {
          "klass": "TechLearnableMove",
          "move": "double_team"
        },
        {
          "klass": "TechLearnableMove",
          "move": "rock_tomb"
        },
        {
          "klass": "TechLearnableMove",
          "move": "aerial_ace"
        },
        {
          "klass": "TechLearnableMove",
          "move": "facade"
        },
        {
          "klass": "TechLearnableMove",
          "move": "rest"
        },
        {
          "klass": "TechLearnableMove",
          "move": "attract"
        },
        {
          "klass": "TechLearnableMove",
          "move": "round"
        },
        {
          "klass": "TechLearnableMove",
          "move": "false_swipe"
        },
        {
          "klass": "TechLearnableMove",
          "move": "fling"
        },
        {
          "klass": "TechLearnableMove",
          "move": "payback"
        },
        {
          "klass": "TechLearnableMove",
          "move": "giga_impact"
        },
        {
          "klass": "TechLearnableMove",
          "move": "swords_dance"
        },
        {
          "klass": "TechLearnableMove",
          "move": "x_scissor"
        },
        {
          "klass": "TechLearnableMove",
          "move": "poison_jab"
        },
        {
          "klass": "TechLearnableMove",
          "move": "swagger"
        },
        {
          "klass": "TechLearnableMove",
          "move": "sleep_talk"
        },
        {
          "klass": "TechLearnableMove",
          "move": "substitute"
        },
        {
          "klass": "TechLearnableMove",
          "move": "confide"
        },
        {
          "klass": "TechLearnableMove",
          "move": "secret_power"
        },
        {
          "klass": "TechLearnableMove",
          "move": "cut"
        },
        {
          "klass": "TechLearnableMove",
          "move": "strength"
        },
        {
          "klass": "TechLearnableMove",
          "move": "rock_smash"
        },
        {
          "klass": "BreedLearnableMove",
          "move": "counter"
        },
        {
          "klass": "BreedLearnableMove",
          "move": "dragon_pulse"
        },
        {
          "klass": "BreedLearnableMove",
          "move": "endeavor"
        },
        {
          "klass": "BreedLearnableMove",
          "move": "endure"
        },
        {
          "klass": "BreedLearnableMove",
          "move": "focus_energy"
        },
        {
          "klass": "BreedLearnableMove",
          "move": "harden"
        },
        {
          "klass": "BreedLearnableMove",
          "move": "iron_tail"
        },
        {
          "klass": "BreedLearnableMove",
          "move": "night_slash"
        },
        {
          "klass": "BreedLearnableMove",
          "move": "razor_wind"
        },
        {
          "klass": "BreedLearnableMove",
          "move": "reversal"
        }
      ],
      "resources": {
        "icon": "610",
        "iconShiny": "",
        "front": "610",
        "frontShiny": "610",
        "back": "610",
        "backShiny": "610",
        "footprint": "610",
        "character": "610_0",
        "characterShiny": "610s_0",
        "cry": "610cry.ogg",
        "hasFemale": false
      }
    }
  ]
}