{
  "klass": "Specie",
  "id": 184,
  "dbSymbol": "azumarill",
  "forms": [
    {
      "form": 0,
      "height": 0.8,
      "weight": 28.5,
      "type1": "water",
      "type2": "fairy",
      "baseHp": 100,
      "baseAtk": 50,
      "baseDfe": 80,
      "baseSpd": 50,
      "baseAts": 60,
      "baseDfs": 80,
      "evHp": 3,
      "evAtk": 0,
      "evDfe": 0,
      "evSpd": 0,
      "evAts": 0,
      "evDfs": 0,
      "evolutions": [],
      "experienceType": 0,
      "baseExperience": 189,
      "baseLoyalty": 70,
      "catchRate": 75,
      "femaleRate": 50,
      "breedGroups": [
        2,
        6
      ],
      "hatchSteps": 2560,
      "babyDbSymbol": "marill",
      "babyForm": 0,
      "itemHeld": [
        {
          "dbSymbol": "none",
          "chance": 0
        },
        {
          "dbSymbol": "none",
          "chance": 0
        }
      ],
      "abilities": [
        "huge_power",
        "thick_fat",
        "sap_sipper"
      ],
      "frontOffsetY": 0,
      "moveSet": [
        {
          "klass": "LevelLearnableMove",
          "move": "tackle",
          "level": 1
        },
        {
          "klass": "LevelLearnableMove",
          "move": "water_gun",
          "level": 1
        },
        {
          "klass": "LevelLearnableMove",
          "move": "tail_whip",
          "level": 1
        },
        {
          "klass": "LevelLearnableMove",
          "move": "water_sport",
          "level": 1
        },
        {
          "klass": "LevelLearnableMove",
          "move": "tail_whip",
          "level": 2
        },
        {
          "klass": "LevelLearnableMove",
          "move": "water_sport",
          "level": 5
        },
        {
          "klass": "LevelLearnableMove",
          "move": "bubble",
          "level": 7
        },
        {
          "klass": "LevelLearnableMove",
          "move": "defense_curl",
          "level": 10
        },
        {
          "klass": "LevelLearnableMove",
          "move": "rollout",
          "level": 10
        },
        {
          "klass": "LevelLearnableMove",
          "move": "bubble_beam",
          "level": 13
        },
        {
          "klass": "LevelLearnableMove",
          "move": "helping_hand",
          "level": 16
        },
        {
          "klass": "LevelLearnableMove",
          "move": "aqua_tail",
          "level": 21
        },
        {
          "klass": "LevelLearnableMove",
          "move": "play_rough",
          "level": 25
        },
        {
          "klass": "LevelLearnableMove",
          "move": "aqua_ring",
          "level": 31
        },
        {
          "klass": "LevelLearnableMove",
          "move": "rain_dance",
          "level": 35
        },
        {
          "klass": "LevelLearnableMove",
          "move": "double_edge",
          "level": 42
        },
        {
          "klass": "LevelLearnableMove",
          "move": "superpower",
          "level": 46
        },
        {
          "klass": "LevelLearnableMove",
          "move": "hydro_pump",
          "level": 55
        },
        {
          "klass": "TutorLearnableMove",
          "move": "helping_hand"
        },
        {
          "klass": "TutorLearnableMove",
          "move": "aqua_tail"
        },
        {
          "klass": "TutorLearnableMove",
          "move": "covet"
        },
        {
          "klass": "TutorLearnableMove",
          "move": "hyper_voice"
        },
        {
          "klass": "TutorLearnableMove",
          "move": "focus_punch"
        },
        {
          "klass": "TutorLearnableMove",
          "move": "ice_punch"
        },
        {
          "klass": "TutorLearnableMove",
          "move": "iron_tail"
        },
        {
          "klass": "TutorLearnableMove",
          "move": "bounce"
        },
        {
          "klass": "TutorLearnableMove",
          "move": "snore"
        },
        {
          "klass": "TutorLearnableMove",
          "move": "knock_off"
        },
        {
          "klass": "TutorLearnableMove",
          "move": "superpower"
        },
        {
          "klass": "TutorLearnableMove",
          "move": "liquidation"
        },
        {
          "klass": "TutorLearnableMove",
          "move": "icy_wind"
        },
        {
          "klass": "TutorLearnableMove",
          "move": "water_pulse"
        },
        {
          "klass": "TechLearnableMove",
          "move": "work_up"
        },
        {
          "klass": "TechLearnableMove",
          "move": "toxic"
        },
        {
          "klass": "TechLearnableMove",
          "move": "hail"
        },
        {
          "klass": "TechLearnableMove",
          "move": "hidden_power"
        },
        {
          "klass": "TechLearnableMove",
          "move": "ice_beam"
        },
        {
          "klass": "TechLearnableMove",
          "move": "blizzard"
        },
        {
          "klass": "TechLearnableMove",
          "move": "hyper_beam"
        },
        {
          "klass": "TechLearnableMove",
          "move": "light_screen"
        },
        {
          "klass": "TechLearnableMove",
          "move": "protect"
        },
        {
          "klass": "TechLearnableMove",
          "move": "rain_dance"
        },
        {
          "klass": "TechLearnableMove",
          "move": "frustration"
        },
        {
          "klass": "TechLearnableMove",
          "move": "return"
        },
        {
          "klass": "TechLearnableMove",
          "move": "brick_break"
        },
        {
          "klass": "TechLearnableMove",
          "move": "double_team"
        },
        {
          "klass": "TechLearnableMove",
          "move": "facade"
        },
        {
          "klass": "TechLearnableMove",
          "move": "rest"
        },
        {
          "klass": "TechLearnableMove",
          "move": "attract"
        },
        {
          "klass": "TechLearnableMove",
          "move": "round"
        },
        {
          "klass": "TechLearnableMove",
          "move": "focus_blast"
        },
        {
          "klass": "TechLearnableMove",
          "move": "scald"
        },
        {
          "klass": "TechLearnableMove",
          "move": "fling"
        },
        {
          "klass": "TechLearnableMove",
          "move": "giga_impact"
        },
        {
          "klass": "TechLearnableMove",
          "move": "bulldoze"
        },
        {
          "klass": "TechLearnableMove",
          "move": "grass_knot"
        },
        {
          "klass": "TechLearnableMove",
          "move": "swagger"
        },
        {
          "klass": "TechLearnableMove",
          "move": "sleep_talk"
        },
        {
          "klass": "TechLearnableMove",
          "move": "substitute"
        },
        {
          "klass": "TechLearnableMove",
          "move": "surf"
        },
        {
          "klass": "TechLearnableMove",
          "move": "waterfall"
        },
        {
          "klass": "TechLearnableMove",
          "move": "confide"
        },
        {
          "klass": "TechLearnableMove",
          "move": "secret_power"
        },
        {
          "klass": "TechLearnableMove",
          "move": "power_up_punch"
        },
        {
          "klass": "TechLearnableMove",
          "move": "strength"
        },
        {
          "klass": "TechLearnableMove",
          "move": "rock_smash"
        },
        {
          "klass": "TechLearnableMove",
          "move": "whirlpool"
        }
      ],
      "resources": {
        "icon": "184",
        "iconShiny": "",
        "front": "184",
        "frontShiny": "184",
        "back": "184",
        "backShiny": "184",
        "footprint": "184",
        "character": "184_0",
        "characterShiny": "184s_0",
        "cry": "184cry.ogg",
        "hasFemale": false
      }
    }
  ]
}
