{
  "klass": "Specie",
  "id": 371,
  "dbSymbol": "bagon",
  "forms": [
    {
      "form": 0,
      "height": 0.6,
      "weight": 42.1,
      "type1": "dragon",
      "type2": "__undef__",
      "baseHp": 45,
      "baseAtk": 75,
      "baseDfe": 60,
      "baseSpd": 50,
      "baseAts": 40,
      "baseDfs": 30,
      "evHp": 0,
      "evAtk": 1,
      "evDfe": 0,
      "evSpd": 0,
      "evAts": 0,
      "evDfs": 0,
      "evolutions": [
        {
          "dbSymbol": "shelgon",
          "form": 0,
          "conditions": [
            {
              "type": "minLevel",
              "value": 30
            }
          ]
        }
      ],
      "experienceType": 2,
      "baseExperience": 60,
      "baseLoyalty": 35,
      "catchRate": 45,
      "femaleRate": 50,
      "breedGroups": [
        14,
        14
      ],
      "hatchSteps": 10240,
      "babyDbSymbol": "bagon",
      "babyForm": 0,
      "itemHeld": [
        {
          "dbSymbol": "dragon_fang",
          "chance": 5
        },
        {
          "dbSymbol": "none",
          "chance": 0
        }
      ],
      "abilities": [
        "rock_head",
        "rock_head",
        "sheer_force"
      ],
      "frontOffsetY": 0,
      "moveSet": [
        {
          "klass": "LevelLearnableMove",
          "move": "rage",
          "level": 1
        },
        {
          "klass": "LevelLearnableMove",
          "move": "ember",
          "level": 4
        },
        {
          "klass": "LevelLearnableMove",
          "move": "leer",
          "level": 7
        },
        {
          "klass": "LevelLearnableMove",
          "move": "bite",
          "level": 10
        },
        {
          "klass": "LevelLearnableMove",
          "move": "dragon_breath",
          "level": 13
        },
        {
          "klass": "LevelLearnableMove",
          "move": "headbutt",
          "level": 17
        },
        {
          "klass": "LevelLearnableMove",
          "move": "focus_energy",
          "level": 21
        },
        {
          "klass": "LevelLearnableMove",
          "move": "crunch",
          "level": 25
        },
        {
          "klass": "LevelLearnableMove",
          "move": "dragon_claw",
          "level": 29
        },
        {
          "klass": "LevelLearnableMove",
          "move": "zen_headbutt",
          "level": 34
        },
        {
          "klass": "LevelLearnableMove",
          "move": "scary_face",
          "level": 39
        },
        {
          "klass": "LevelLearnableMove",
          "move": "flamethrower",
          "level": 44
        },
        {
          "klass": "LevelLearnableMove",
          "move": "double_edge",
          "level": 49
        },
        {
          "klass": "TutorLearnableMove",
          "move": "outrage"
        },
        {
          "klass": "TutorLearnableMove",
          "move": "dragon_pulse"
        },
        {
          "klass": "TutorLearnableMove",
          "move": "draco_meteor"
        },
        {
          "klass": "TutorLearnableMove",
          "move": "hyper_voice"
        },
        {
          "klass": "TutorLearnableMove",
          "move": "snore"
        },
        {
          "klass": "TutorLearnableMove",
          "move": "zen_headbutt"
        },
        {
          "klass": "TechLearnableMove",
          "move": "dragon_claw"
        },
        {
          "klass": "TechLearnableMove",
          "move": "roar"
        },
        {
          "klass": "TechLearnableMove",
          "move": "toxic"
        },
        {
          "klass": "TechLearnableMove",
          "move": "hidden_power"
        },
        {
          "klass": "TechLearnableMove",
          "move": "sunny_day"
        },
        {
          "klass": "TechLearnableMove",
          "move": "protect"
        },
        {
          "klass": "TechLearnableMove",
          "move": "rain_dance"
        },
        {
          "klass": "TechLearnableMove",
          "move": "frustration"
        },
        {
          "klass": "TechLearnableMove",
          "move": "return"
        },
        {
          "klass": "TechLearnableMove",
          "move": "brick_break"
        },
        {
          "klass": "TechLearnableMove",
          "move": "double_team"
        },
        {
          "klass": "TechLearnableMove",
          "move": "flamethrower"
        },
        {
          "klass": "TechLearnableMove",
          "move": "fire_blast"
        },
        {
          "klass": "TechLearnableMove",
          "move": "rock_tomb"
        },
        {
          "klass": "TechLearnableMove",
          "move": "aerial_ace"
        },
        {
          "klass": "TechLearnableMove",
          "move": "facade"
        },
        {
          "klass": "TechLearnableMove",
          "move": "rest"
        },
        {
          "klass": "TechLearnableMove",
          "move": "attract"
        },
        {
          "klass": "TechLearnableMove",
          "move": "round"
        },
        {
          "klass": "TechLearnableMove",
          "move": "shadow_claw"
        },
        {
          "klass": "TechLearnableMove",
          "move": "rock_slide"
        },
        {
          "klass": "TechLearnableMove",
          "move": "swagger"
        },
        {
          "klass": "TechLearnableMove",
          "move": "sleep_talk"
        },
        {
          "klass": "TechLearnableMove",
          "move": "substitute"
        },
        {
          "klass": "TechLearnableMove",
          "move": "confide"
        },
        {
          "klass": "TechLearnableMove",
          "move": "secret_power"
        },
        {
          "klass": "TechLearnableMove",
          "move": "cut"
        },
        {
          "klass": "TechLearnableMove",
          "move": "strength"
        },
        {
          "klass": "TechLearnableMove",
          "move": "rock_smash"
        },
        {
          "klass": "BreedLearnableMove",
          "move": "defense_curl"
        },
        {
          "klass": "BreedLearnableMove",
          "move": "dragon_dance"
        },
        {
          "klass": "BreedLearnableMove",
          "move": "dragon_pulse"
        },
        {
          "klass": "BreedLearnableMove",
          "move": "dragon_rage"
        },
        {
          "klass": "BreedLearnableMove",
          "move": "dragon_rush"
        },
        {
          "klass": "BreedLearnableMove",
          "move": "endure"
        },
        {
          "klass": "BreedLearnableMove",
          "move": "fire_fang"
        },
        {
          "klass": "BreedLearnableMove",
          "move": "hydro_pump"
        },
        {
          "klass": "BreedLearnableMove",
          "move": "thrash"
        },
        {
          "klass": "BreedLearnableMove",
          "move": "twister"
        }
      ],
      "resources": {
        "icon": "371",
        "iconShiny": "",
        "front": "371",
        "frontShiny": "371",
        "back": "371",
        "backShiny": "371",
        "footprint": "371",
        "character": "371_0",
        "characterShiny": "371s_0",
        "cry": "371cry.ogg",
        "hasFemale": false
      }
    }
  ]
}