{
  "klass": "Specie",
  "id": 153,
  "dbSymbol": "bayleef",
  "forms": [
    {
      "form": 0,
      "height": 1.2,
      "weight": 15.8,
      "type1": "grass",
      "type2": "__undef__",
      "baseHp": 60,
      "baseAtk": 62,
      "baseDfe": 80,
      "baseSpd": 60,
      "baseAts": 63,
      "baseDfs": 80,
      "evHp": 0,
      "evAtk": 0,
      "evDfe": 1,
      "evSpd": 0,
      "evAts": 0,
      "evDfs": 1,
      "evolutions": [
        {
          "dbSymbol": "meganium",
          "form": 0,
          "conditions": [
            {
              "type": "minLevel",
              "value": 32
            }
          ]
        }
      ],
      "experienceType": 3,
      "baseExperience": 142,
      "baseLoyalty": 70,
      "catchRate": 45,
      "femaleRate": 12.5,
      "breedGroups": [
        1,
        7
      ],
      "hatchSteps": 5120,
      "babyDbSymbol": "chikorita",
      "babyForm": 0,
      "itemHeld": [
        {
          "dbSymbol": "none",
          "chance": 0
        },
        {
          "dbSymbol": "none",
          "chance": 0
        }
      ],
      "abilities": [
        "overgrow",
        "overgrow",
        "leaf_guard"
      ],
      "frontOffsetY": 0,
      "moveSet": [
        {
          "klass": "LevelLearnableMove",
          "move": "tackle",
          "level": 1
        },
        {
          "klass": "LevelLearnableMove",
          "move": "growl",
          "level": 1
        },
        {
          "klass": "LevelLearnableMove",
          "move": "poison_powder",
          "level": 1
        },
        {
          "klass": "LevelLearnableMove",
          "move": "razor_leaf",
          "level": 1
        },
        {
          "klass": "LevelLearnableMove",
          "move": "razor_leaf",
          "level": 6
        },
        {
          "klass": "LevelLearnableMove",
          "move": "poison_powder",
          "level": 9
        },
        {
          "klass": "LevelLearnableMove",
          "move": "synthesis",
          "level": 12
        },
        {
          "klass": "LevelLearnableMove",
          "move": "reflect",
          "level": 18
        },
        {
          "klass": "LevelLearnableMove",
          "move": "magical_leaf",
          "level": 22
        },
        {
          "klass": "LevelLearnableMove",
          "move": "natural_gift",
          "level": 26
        },
        {
          "klass": "LevelLearnableMove",
          "move": "sweet_scent",
          "level": 32
        },
        {
          "klass": "LevelLearnableMove",
          "move": "light_screen",
          "level": 36
        },
        {
          "klass": "LevelLearnableMove",
          "move": "body_slam",
          "level": 40
        },
        {
          "klass": "LevelLearnableMove",
          "move": "safeguard",
          "level": 46
        },
        {
          "klass": "LevelLearnableMove",
          "move": "aromatherapy",
          "level": 50
        },
        {
          "klass": "LevelLearnableMove",
          "move": "solar_beam",
          "level": 54
        },
        {
          "klass": "TutorLearnableMove",
          "move": "grass_pledge"
        },
        {
          "klass": "TutorLearnableMove",
          "move": "seed_bomb"
        },
        {
          "klass": "TutorLearnableMove",
          "move": "giga_drain"
        },
        {
          "klass": "TutorLearnableMove",
          "move": "iron_tail"
        },
        {
          "klass": "TutorLearnableMove",
          "move": "magic_coat"
        },
        {
          "klass": "TutorLearnableMove",
          "move": "snore"
        },
        {
          "klass": "TutorLearnableMove",
          "move": "worry_seed"
        },
        {
          "klass": "TutorLearnableMove",
          "move": "synthesis"
        },
        {
          "klass": "TutorLearnableMove",
          "move": "laser_focus"
        },
        {
          "klass": "TechLearnableMove",
          "move": "work_up"
        },
        {
          "klass": "TechLearnableMove",
          "move": "toxic"
        },
        {
          "klass": "TechLearnableMove",
          "move": "hidden_power"
        },
        {
          "klass": "TechLearnableMove",
          "move": "sunny_day"
        },
        {
          "klass": "TechLearnableMove",
          "move": "light_screen"
        },
        {
          "klass": "TechLearnableMove",
          "move": "protect"
        },
        {
          "klass": "TechLearnableMove",
          "move": "safeguard"
        },
        {
          "klass": "TechLearnableMove",
          "move": "frustration"
        },
        {
          "klass": "TechLearnableMove",
          "move": "solar_beam"
        },
        {
          "klass": "TechLearnableMove",
          "move": "return"
        },
        {
          "klass": "TechLearnableMove",
          "move": "double_team"
        },
        {
          "klass": "TechLearnableMove",
          "move": "reflect"
        },
        {
          "klass": "TechLearnableMove",
          "move": "facade"
        },
        {
          "klass": "TechLearnableMove",
          "move": "rest"
        },
        {
          "klass": "TechLearnableMove",
          "move": "attract"
        },
        {
          "klass": "TechLearnableMove",
          "move": "round"
        },
        {
          "klass": "TechLearnableMove",
          "move": "echoed_voice"
        },
        {
          "klass": "TechLearnableMove",
          "move": "energy_ball"
        },
        {
          "klass": "TechLearnableMove",
          "move": "swords_dance"
        },
        {
          "klass": "TechLearnableMove",
          "move": "grass_knot"
        },
        {
          "klass": "TechLearnableMove",
          "move": "swagger"
        },
        {
          "klass": "TechLearnableMove",
          "move": "sleep_talk"
        },
        {
          "klass": "TechLearnableMove",
          "move": "substitute"
        },
        {
          "klass": "TechLearnableMove",
          "move": "nature_power"
        },
        {
          "klass": "TechLearnableMove",
          "move": "confide"
        },
        {
          "klass": "TechLearnableMove",
          "move": "secret_power"
        },
        {
          "klass": "TechLearnableMove",
          "move": "cut"
        },
        {
          "klass": "TechLearnableMove",
          "move": "strength"
        },
        {
          "klass": "TechLearnableMove",
          "move": "rock_smash"
        }
      ],
      "resources": {
        "icon": "153",
        "iconShiny": "",
        "front": "153",
        "frontShiny": "153",
        "back": "153",
        "backShiny": "153",
        "footprint": "153",
        "character": "153_0",
        "characterShiny": "153s_0",
        "cry": "153cry.ogg",
        "hasFemale": false
      }
    }
  ]
}