{
  "klass": "Specie",
  "id": 267,
  "dbSymbol": "beautifly",
  "forms": [
    {
      "form": 0,
      "height": 1,
      "weight": 28.4,
      "type1": "bug",
      "type2": "flying",
      "baseHp": 60,
      "baseAtk": 70,
      "baseDfe": 50,
      "baseSpd": 65,
      "baseAts": 100,
      "baseDfs": 50,
      "evHp": 0,
      "evAtk": 0,
      "evDfe": 0,
      "evSpd": 0,
      "evAts": 3,
      "evDfs": 0,
      "evolutions": [],
      "experienceType": 1,
      "baseExperience": 178,
      "baseLoyalty": 70,
      "catchRate": 45,
      "femaleRate": 50,
      "breedGroups": [
        3,
        3
      ],
      "hatchSteps": 3840,
      "babyDbSymbol": "wurmple",
      "babyForm": 0,
      "itemHeld": [
        {
          "dbSymbol": "silver_powder",
          "chance": 5
        },
        {
          "dbSymbol": "none",
          "chance": 0
        }
      ],
      "abilities": [
        "swarm",
        "swarm",
        "rivalry"
      ],
      "frontOffsetY": 0,
      "moveSet": [
        {
          "klass": "LevelLearnableMove",
          "move": "gust",
          "level": 1
        },
        {
          "klass": "LevelLearnableMove",
          "move": "absorb",
          "level": 12
        },
        {
          "klass": "LevelLearnableMove",
          "move": "stun_spore",
          "level": 15
        },
        {
          "klass": "LevelLearnableMove",
          "move": "morning_sun",
          "level": 17
        },
        {
          "klass": "LevelLearnableMove",
          "move": "air_cutter",
          "level": 20
        },
        {
          "klass": "LevelLearnableMove",
          "move": "mega_drain",
          "level": 22
        },
        {
          "klass": "LevelLearnableMove",
          "move": "silver_wind",
          "level": 25
        },
        {
          "klass": "LevelLearnableMove",
          "move": "attract",
          "level": 27
        },
        {
          "klass": "LevelLearnableMove",
          "move": "whirlwind",
          "level": 30
        },
        {
          "klass": "LevelLearnableMove",
          "move": "giga_drain",
          "level": 32
        },
        {
          "klass": "LevelLearnableMove",
          "move": "bug_buzz",
          "level": 35
        },
        {
          "klass": "LevelLearnableMove",
          "move": "rage",
          "level": 37
        },
        {
          "klass": "LevelLearnableMove",
          "move": "quiver_dance",
          "level": 40
        },
        {
          "klass": "TutorLearnableMove",
          "move": "laser_focus"
        },
        {
          "klass": "TutorLearnableMove",
          "move": "defog"
        },
        {
          "klass": "TutorLearnableMove",
          "move": "giga_drain"
        },
        {
          "klass": "TutorLearnableMove",
          "move": "bug_bite"
        },
        {
          "klass": "TutorLearnableMove",
          "move": "signal_beam"
        },
        {
          "klass": "TutorLearnableMove",
          "move": "snore"
        },
        {
          "klass": "TutorLearnableMove",
          "move": "electroweb"
        },
        {
          "klass": "TutorLearnableMove",
          "move": "tailwind"
        },
        {
          "klass": "TechLearnableMove",
          "move": "toxic"
        },
        {
          "klass": "TechLearnableMove",
          "move": "venoshock"
        },
        {
          "klass": "TechLearnableMove",
          "move": "hidden_power"
        },
        {
          "klass": "TechLearnableMove",
          "move": "sunny_day"
        },
        {
          "klass": "TechLearnableMove",
          "move": "hyper_beam"
        },
        {
          "klass": "TechLearnableMove",
          "move": "protect"
        },
        {
          "klass": "TechLearnableMove",
          "move": "roost"
        },
        {
          "klass": "TechLearnableMove",
          "move": "safeguard"
        },
        {
          "klass": "TechLearnableMove",
          "move": "frustration"
        },
        {
          "klass": "TechLearnableMove",
          "move": "solar_beam"
        },
        {
          "klass": "TechLearnableMove",
          "move": "return"
        },
        {
          "klass": "TechLearnableMove",
          "move": "psychic"
        },
        {
          "klass": "TechLearnableMove",
          "move": "shadow_ball"
        },
        {
          "klass": "TechLearnableMove",
          "move": "double_team"
        },
        {
          "klass": "TechLearnableMove",
          "move": "aerial_ace"
        },
        {
          "klass": "TechLearnableMove",
          "move": "facade"
        },
        {
          "klass": "TechLearnableMove",
          "move": "rest"
        },
        {
          "klass": "TechLearnableMove",
          "move": "attract"
        },
        {
          "klass": "TechLearnableMove",
          "move": "thief"
        },
        {
          "klass": "TechLearnableMove",
          "move": "round"
        },
        {
          "klass": "TechLearnableMove",
          "move": "energy_ball"
        },
        {
          "klass": "TechLearnableMove",
          "move": "acrobatics"
        },
        {
          "klass": "TechLearnableMove",
          "move": "giga_impact"
        },
        {
          "klass": "TechLearnableMove",
          "move": "infestation"
        },
        {
          "klass": "TechLearnableMove",
          "move": "swagger"
        },
        {
          "klass": "TechLearnableMove",
          "move": "sleep_talk"
        },
        {
          "klass": "TechLearnableMove",
          "move": "u_turn"
        },
        {
          "klass": "TechLearnableMove",
          "move": "substitute"
        },
        {
          "klass": "TechLearnableMove",
          "move": "confide"
        },
        {
          "klass": "TechLearnableMove",
          "move": "struggle_bug"
        },
        {
          "klass": "TechLearnableMove",
          "move": "secret_power"
        },
        {
          "klass": "EvolutionLearnableMove",
          "move": "gust"
        }
      ],
      "resources": {
        "icon": "267",
        "iconShiny": "",
        "front": "267",
        "frontF": "267f",
        "frontShiny": "267",
        "frontShinyF": "267f",
        "back": "267",
        "backF": "267f",
        "backShiny": "267",
        "backShinyF": "267f",
        "footprint": "267",
        "character": "267_0",
        "characterShiny": "267s_0",
        "cry": "267cry.ogg",
        "hasFemale": true
      }
    }
  ]
}