{
  "klass": "Specie",
  "id": 15,
  "dbSymbol": "beedrill",
  "forms": [
    {
      "form": 0,
      "height": 1,
      "weight": 29.5,
      "type1": "bug",
      "type2": "poison",
      "baseHp": 65,
      "baseAtk": 90,
      "baseDfe": 40,
      "baseSpd": 75,
      "baseAts": 45,
      "baseDfs": 80,
      "evHp": 0,
      "evAtk": 2,
      "evDfe": 0,
      "evSpd": 0,
      "evAts": 0,
      "evDfs": 1,
      "evolutions": [
        {
          "form": 30,
          "conditions": [
            {
              "type": "gemme",
              "value": "beedrillite"
            }
          ]
        }
      ],
      "experienceType": 1,
      "baseExperience": 178,
      "baseLoyalty": 70,
      "catchRate": 45,
      "femaleRate": 50,
      "breedGroups": [
        3,
        3
      ],
      "hatchSteps": 3840,
      "babyDbSymbol": "weedle",
      "babyForm": 0,
      "itemHeld": [
        {
          "dbSymbol": "none",
          "chance": 0
        },
        {
          "dbSymbol": "none",
          "chance": 0
        }
      ],
      "abilities": [
        "swarm",
        "swarm",
        "sniper"
      ],
      "frontOffsetY": 0,
      "moveSet": [
        {
          "klass": "LevelLearnableMove",
          "move": "fury_attack",
          "level": 1
        },
        {
          "klass": "LevelLearnableMove",
          "move": "twineedle",
          "level": 1
        },
        {
          "klass": "LevelLearnableMove",
          "move": "fury_attack",
          "level": 11
        },
        {
          "klass": "LevelLearnableMove",
          "move": "rage",
          "level": 14
        },
        {
          "klass": "LevelLearnableMove",
          "move": "pursuit",
          "level": 17
        },
        {
          "klass": "LevelLearnableMove",
          "move": "focus_energy",
          "level": 20
        },
        {
          "klass": "LevelLearnableMove",
          "move": "venoshock",
          "level": 23
        },
        {
          "klass": "LevelLearnableMove",
          "move": "assurance",
          "level": 26
        },
        {
          "klass": "LevelLearnableMove",
          "move": "toxic_spikes",
          "level": 29
        },
        {
          "klass": "LevelLearnableMove",
          "move": "pin_missile",
          "level": 32
        },
        {
          "klass": "LevelLearnableMove",
          "move": "poison_jab",
          "level": 35
        },
        {
          "klass": "LevelLearnableMove",
          "move": "agility",
          "level": 38
        },
        {
          "klass": "LevelLearnableMove",
          "move": "endeavor",
          "level": 41
        },
        {
          "klass": "LevelLearnableMove",
          "move": "fell_stinger",
          "level": 44
        },
        {
          "klass": "TutorLearnableMove",
          "move": "laser_focus"
        },
        {
          "klass": "TutorLearnableMove",
          "move": "defog"
        },
        {
          "klass": "TutorLearnableMove",
          "move": "endeavor"
        },
        {
          "klass": "TutorLearnableMove",
          "move": "throat_chop"
        },
        {
          "klass": "TutorLearnableMove",
          "move": "giga_drain"
        },
        {
          "klass": "TutorLearnableMove",
          "move": "bug_bite"
        },
        {
          "klass": "TutorLearnableMove",
          "move": "snore"
        },
        {
          "klass": "TutorLearnableMove",
          "move": "knock_off"
        },
        {
          "klass": "TutorLearnableMove",
          "move": "electroweb"
        },
        {
          "klass": "TutorLearnableMove",
          "move": "drill_run"
        },
        {
          "klass": "TutorLearnableMove",
          "move": "tailwind"
        },
        {
          "klass": "TechLearnableMove",
          "move": "toxic"
        },
        {
          "klass": "TechLearnableMove",
          "move": "venoshock"
        },
        {
          "klass": "TechLearnableMove",
          "move": "hidden_power"
        },
        {
          "klass": "TechLearnableMove",
          "move": "sunny_day"
        },
        {
          "klass": "TechLearnableMove",
          "move": "hyper_beam"
        },
        {
          "klass": "TechLearnableMove",
          "move": "protect"
        },
        {
          "klass": "TechLearnableMove",
          "move": "roost"
        },
        {
          "klass": "TechLearnableMove",
          "move": "frustration"
        },
        {
          "klass": "TechLearnableMove",
          "move": "solar_beam"
        },
        {
          "klass": "TechLearnableMove",
          "move": "return"
        },
        {
          "klass": "TechLearnableMove",
          "move": "brick_break"
        },
        {
          "klass": "TechLearnableMove",
          "move": "double_team"
        },
        {
          "klass": "TechLearnableMove",
          "move": "sludge_bomb"
        },
        {
          "klass": "TechLearnableMove",
          "move": "aerial_ace"
        },
        {
          "klass": "TechLearnableMove",
          "move": "facade"
        },
        {
          "klass": "TechLearnableMove",
          "move": "rest"
        },
        {
          "klass": "TechLearnableMove",
          "move": "attract"
        },
        {
          "klass": "TechLearnableMove",
          "move": "thief"
        },
        {
          "klass": "TechLearnableMove",
          "move": "round"
        },
        {
          "klass": "TechLearnableMove",
          "move": "false_swipe"
        },
        {
          "klass": "TechLearnableMove",
          "move": "brutal_swing"
        },
        {
          "klass": "TechLearnableMove",
          "move": "acrobatics"
        },
        {
          "klass": "TechLearnableMove",
          "move": "payback"
        },
        {
          "klass": "TechLearnableMove",
          "move": "giga_impact"
        },
        {
          "klass": "TechLearnableMove",
          "move": "swords_dance"
        },
        {
          "klass": "TechLearnableMove",
          "move": "x_scissor"
        },
        {
          "klass": "TechLearnableMove",
          "move": "infestation"
        },
        {
          "klass": "TechLearnableMove",
          "move": "poison_jab"
        },
        {
          "klass": "TechLearnableMove",
          "move": "swagger"
        },
        {
          "klass": "TechLearnableMove",
          "move": "sleep_talk"
        },
        {
          "klass": "TechLearnableMove",
          "move": "u_turn"
        },
        {
          "klass": "TechLearnableMove",
          "move": "substitute"
        },
        {
          "klass": "TechLearnableMove",
          "move": "confide"
        },
        {
          "klass": "TechLearnableMove",
          "move": "struggle_bug"
        },
        {
          "klass": "TechLearnableMove",
          "move": "secret_power"
        },
        {
          "klass": "TechLearnableMove",
          "move": "cut"
        },
        {
          "klass": "TechLearnableMove",
          "move": "rock_smash"
        },
        {
          "klass": "EvolutionLearnableMove",
          "move": "twineedle"
        }
      ],
      "resources": {
        "icon": "015",
        "iconShiny": "",
        "front": "015",
        "frontShiny": "015",
        "back": "015",
        "backShiny": "015",
        "footprint": "015",
        "character": "015_0",
        "characterShiny": "015s_0",
        "cry": "015cry.ogg",
        "hasFemale": false
      }
    },
    {
      "form": 30,
      "height": 1.4,
      "weight": 40.5,
      "type1": "bug",
      "type2": "poison",
      "baseHp": 65,
      "baseAtk": 150,
      "baseDfe": 40,
      "baseSpd": 145,
      "baseAts": 15,
      "baseDfs": 80,
      "evHp": 0,
      "evAtk": 2,
      "evDfe": 0,
      "evSpd": 0,
      "evAts": 0,
      "evDfs": 1,
      "evolutions": [],
      "experienceType": 1,
      "baseExperience": 223,
      "baseLoyalty": 70,
      "catchRate": 45,
      "femaleRate": 50,
      "breedGroups": [
        3,
        3
      ],
      "hatchSteps": 3840,
      "babyDbSymbol": "weedle",
      "babyForm": 0,
      "itemHeld": [
        {
          "dbSymbol": "none",
          "chance": 0
        },
        {
          "dbSymbol": "none",
          "chance": 0
        }
      ],
      "abilities": [
        "adaptability",
        "adaptability",
        "adaptability"
      ],
      "frontOffsetY": 0,
      "moveSet": [
        {
          "klass": "LevelLearnableMove",
          "move": "fury_attack",
          "level": 1
        },
        {
          "klass": "LevelLearnableMove",
          "move": "fury_attack",
          "level": 10
        },
        {
          "klass": "LevelLearnableMove",
          "move": "focus_energy",
          "level": 13
        },
        {
          "klass": "LevelLearnableMove",
          "move": "twineedle",
          "level": 16
        },
        {
          "klass": "LevelLearnableMove",
          "move": "rage",
          "level": 19
        },
        {
          "klass": "LevelLearnableMove",
          "move": "pursuit",
          "level": 22
        },
        {
          "klass": "LevelLearnableMove",
          "move": "toxic_spikes",
          "level": 25
        },
        {
          "klass": "LevelLearnableMove",
          "move": "pin_missile",
          "level": 28
        },
        {
          "klass": "LevelLearnableMove",
          "move": "agility",
          "level": 31
        },
        {
          "klass": "LevelLearnableMove",
          "move": "assurance",
          "level": 34
        },
        {
          "klass": "LevelLearnableMove",
          "move": "poison_jab",
          "level": 37
        },
        {
          "klass": "LevelLearnableMove",
          "move": "endeavor",
          "level": 40
        },
        {
          "klass": "LevelLearnableMove",
          "move": "fell_stinger",
          "level": 45
        },
        {
          "klass": "TechLearnableMove",
          "move": "toxic"
        },
        {
          "klass": "TechLearnableMove",
          "move": "venoshock"
        },
        {
          "klass": "TechLearnableMove",
          "move": "hidden_power"
        },
        {
          "klass": "TechLearnableMove",
          "move": "sunny_day"
        },
        {
          "klass": "TechLearnableMove",
          "move": "hyper_beam"
        },
        {
          "klass": "TechLearnableMove",
          "move": "protect"
        },
        {
          "klass": "TechLearnableMove",
          "move": "roost"
        },
        {
          "klass": "TechLearnableMove",
          "move": "frustration"
        },
        {
          "klass": "TechLearnableMove",
          "move": "solar_beam"
        },
        {
          "klass": "TechLearnableMove",
          "move": "return"
        },
        {
          "klass": "TechLearnableMove",
          "move": "brick_break"
        },
        {
          "klass": "TechLearnableMove",
          "move": "double_team"
        },
        {
          "klass": "TechLearnableMove",
          "move": "sludge_bomb"
        },
        {
          "klass": "TechLearnableMove",
          "move": "aerial_ace"
        },
        {
          "klass": "TechLearnableMove",
          "move": "facade"
        },
        {
          "klass": "TechLearnableMove",
          "move": "rest"
        },
        {
          "klass": "TechLearnableMove",
          "move": "attract"
        },
        {
          "klass": "TechLearnableMove",
          "move": "thief"
        },
        {
          "klass": "TechLearnableMove",
          "move": "round"
        },
        {
          "klass": "TechLearnableMove",
          "move": "false_swipe"
        },
        {
          "klass": "TechLearnableMove",
          "move": "acrobatics"
        },
        {
          "klass": "TechLearnableMove",
          "move": "payback"
        },
        {
          "klass": "TechLearnableMove",
          "move": "giga_impact"
        },
        {
          "klass": "TechLearnableMove",
          "move": "flash"
        },
        {
          "klass": "TechLearnableMove",
          "move": "swords_dance"
        },
        {
          "klass": "TechLearnableMove",
          "move": "struggle_bug"
        },
        {
          "klass": "TechLearnableMove",
          "move": "x_scissor"
        },
        {
          "klass": "TechLearnableMove",
          "move": "infestation"
        },
        {
          "klass": "TechLearnableMove",
          "move": "poison_jab"
        },
        {
          "klass": "TechLearnableMove",
          "move": "swagger"
        },
        {
          "klass": "TechLearnableMove",
          "move": "sleep_talk"
        },
        {
          "klass": "TechLearnableMove",
          "move": "u_turn"
        },
        {
          "klass": "TechLearnableMove",
          "move": "substitute"
        },
        {
          "klass": "TechLearnableMove",
          "move": "secret_power"
        },
        {
          "klass": "TechLearnableMove",
          "move": "confide"
        },
        {
          "klass": "TechLearnableMove",
          "move": "cut"
        },
        {
          "klass": "TechLearnableMove",
          "move": "rock_smash"
        }
      ],
      "resources": {
        "icon": "015_30",
        "iconShiny": "",
        "front": "015_30",
        "frontShiny": "015_30",
        "back": "015_30",
        "backShiny": "015_30",
        "footprint": "015",
        "character": "015_30",
        "characterShiny": "015s_30",
        "cry": "015_30cry.ogg",
        "hasFemale": false
      }
    }
  ]
}