{
  "klass": "Specie",
  "id": 182,
  "dbSymbol": "bellossom",
  "forms": [
    {
      "form": 0,
      "height": 0.4,
      "weight": 5.8,
      "type1": "grass",
      "type2": "__undef__",
      "baseHp": 75,
      "baseAtk": 80,
      "baseDfe": 95,
      "baseSpd": 50,
      "baseAts": 90,
      "baseDfs": 100,
      "evHp": 0,
      "evAtk": 0,
      "evDfe": 0,
      "evSpd": 0,
      "evAts": 0,
      "evDfs": 3,
      "evolutions": [],
      "experienceType": 3,
      "baseExperience": 221,
      "baseLoyalty": 70,
      "catchRate": 45,
      "femaleRate": 50,
      "breedGroups": [
        7,
        7
      ],
      "hatchSteps": 5120,
      "babyDbSymbol": "oddish",
      "babyForm": 0,
      "itemHeld": [
        {
          "dbSymbol": "none",
          "chance": 0
        },
        {
          "dbSymbol": "none",
          "chance": 0
        }
      ],
      "abilities": [
        "chlorophyll",
        "chlorophyll",
        "healer"
      ],
      "frontOffsetY": 0,
      "moveSet": [
        {
          "klass": "LevelLearnableMove",
          "move": "sweet_scent",
          "level": 1
        },
        {
          "klass": "LevelLearnableMove",
          "move": "leaf_blade",
          "level": 1
        },
        {
          "klass": "LevelLearnableMove",
          "move": "mega_drain",
          "level": 1
        },
        {
          "klass": "LevelLearnableMove",
          "move": "sunny_day",
          "level": 1
        },
        {
          "klass": "LevelLearnableMove",
          "move": "magical_leaf",
          "level": 1
        },
        {
          "klass": "LevelLearnableMove",
          "move": "leaf_storm",
          "level": 1
        },
        {
          "klass": "LevelLearnableMove",
          "move": "stun_spore",
          "level": 1
        },
        {
          "klass": "LevelLearnableMove",
          "move": "quiver_dance",
          "level": 39
        },
        {
          "klass": "LevelLearnableMove",
          "move": "petal_blizzard",
          "level": 49
        },
        {
          "klass": "LevelLearnableMove",
          "move": "petal_dance",
          "level": 59
        },
        {
          "klass": "LevelLearnableMove",
          "move": "leaf_storm",
          "level": 69
        },
        {
          "klass": "TutorLearnableMove",
          "move": "laser_focus"
        },
        {
          "klass": "TutorLearnableMove",
          "move": "after_you"
        },
        {
          "klass": "TutorLearnableMove",
          "move": "seed_bomb"
        },
        {
          "klass": "TutorLearnableMove",
          "move": "giga_drain"
        },
        {
          "klass": "TutorLearnableMove",
          "move": "snore"
        },
        {
          "klass": "TutorLearnableMove",
          "move": "worry_seed"
        },
        {
          "klass": "TutorLearnableMove",
          "move": "gastro_acid"
        },
        {
          "klass": "TutorLearnableMove",
          "move": "synthesis"
        },
        {
          "klass": "TutorLearnableMove",
          "move": "uproar"
        },
        {
          "klass": "TutorLearnableMove",
          "move": "drain_punch"
        },
        {
          "klass": "TechLearnableMove",
          "move": "toxic"
        },
        {
          "klass": "TechLearnableMove",
          "move": "venoshock"
        },
        {
          "klass": "TechLearnableMove",
          "move": "hidden_power"
        },
        {
          "klass": "TechLearnableMove",
          "move": "sunny_day"
        },
        {
          "klass": "TechLearnableMove",
          "move": "hyper_beam"
        },
        {
          "klass": "TechLearnableMove",
          "move": "protect"
        },
        {
          "klass": "TechLearnableMove",
          "move": "safeguard"
        },
        {
          "klass": "TechLearnableMove",
          "move": "frustration"
        },
        {
          "klass": "TechLearnableMove",
          "move": "solar_beam"
        },
        {
          "klass": "TechLearnableMove",
          "move": "return"
        },
        {
          "klass": "TechLearnableMove",
          "move": "double_team"
        },
        {
          "klass": "TechLearnableMove",
          "move": "sludge_bomb"
        },
        {
          "klass": "TechLearnableMove",
          "move": "facade"
        },
        {
          "klass": "TechLearnableMove",
          "move": "rest"
        },
        {
          "klass": "TechLearnableMove",
          "move": "attract"
        },
        {
          "klass": "TechLearnableMove",
          "move": "round"
        },
        {
          "klass": "TechLearnableMove",
          "move": "energy_ball"
        },
        {
          "klass": "TechLearnableMove",
          "move": "fling"
        },
        {
          "klass": "TechLearnableMove",
          "move": "giga_impact"
        },
        {
          "klass": "TechLearnableMove",
          "move": "swords_dance"
        },
        {
          "klass": "TechLearnableMove",
          "move": "infestation"
        },
        {
          "klass": "TechLearnableMove",
          "move": "grass_knot"
        },
        {
          "klass": "TechLearnableMove",
          "move": "swagger"
        },
        {
          "klass": "TechLearnableMove",
          "move": "sleep_talk"
        },
        {
          "klass": "TechLearnableMove",
          "move": "substitute"
        },
        {
          "klass": "TechLearnableMove",
          "move": "nature_power"
        },
        {
          "klass": "TechLearnableMove",
          "move": "dazzling_gleam"
        },
        {
          "klass": "TechLearnableMove",
          "move": "confide"
        },
        {
          "klass": "TechLearnableMove",
          "move": "secret_power"
        },
        {
          "klass": "TechLearnableMove",
          "move": "cut"
        },
        {
          "klass": "EvolutionLearnableMove",
          "move": "magical_leaf"
        }
      ],
      "resources": {
        "icon": "182",
        "iconShiny": "",
        "front": "182",
        "frontShiny": "182",
        "back": "182",
        "backShiny": "182",
        "footprint": "182",
        "character": "182_0",
        "characterShiny": "182s_0",
        "cry": "182cry.ogg",
        "hasFemale": false
      }
    }
  ]
}