{
  "klass": "Specie",
  "id": 712,
  "dbSymbol": "bergmite",
  "forms": [
    {
      "form": 0,
      "height": 1,
      "weight": 99.5,
      "type1": "ice",
      "type2": "__undef__",
      "baseHp": 55,
      "baseAtk": 69,
      "baseDfe": 85,
      "baseSpd": 28,
      "baseAts": 32,
      "baseDfs": 35,
      "evHp": 0,
      "evAtk": 0,
      "evDfe": 1,
      "evSpd": 0,
      "evAts": 0,
      "evDfs": 0,
      "evolutions": [
        {
          "dbSymbol": "avalugg",
          "form": 0,
          "conditions": [
            {
              "type": "minLevel",
              "value": 37
            }
          ]
        }
      ],
      "experienceType": 1,
      "baseExperience": 61,
      "baseLoyalty": 70,
      "catchRate": 190,
      "femaleRate": 50,
      "breedGroups": [
        1,
        1
      ],
      "hatchSteps": 5120,
      "babyDbSymbol": "bergmite",
      "babyForm": 0,
      "itemHeld": [
        {
          "dbSymbol": "none",
          "chance": 0
        },
        {
          "dbSymbol": "none",
          "chance": 0
        }
      ],
      "abilities": [
        "own_tempo",
        "ice_body",
        "sturdy"
      ],
      "frontOffsetY": 0,
      "moveSet": [
        {
          "klass": "LevelLearnableMove",
          "move": "tackle",
          "level": 1
        },
        {
          "klass": "LevelLearnableMove",
          "move": "bite",
          "level": 1
        },
        {
          "klass": "LevelLearnableMove",
          "move": "harden",
          "level": 1
        },
        {
          "klass": "LevelLearnableMove",
          "move": "powder_snow",
          "level": 5
        },
        {
          "klass": "LevelLearnableMove",
          "move": "icy_wind",
          "level": 10
        },
        {
          "klass": "LevelLearnableMove",
          "move": "take_down",
          "level": 15
        },
        {
          "klass": "LevelLearnableMove",
          "move": "sharpen",
          "level": 20
        },
        {
          "klass": "LevelLearnableMove",
          "move": "curse",
          "level": 22
        },
        {
          "klass": "LevelLearnableMove",
          "move": "ice_fang",
          "level": 26
        },
        {
          "klass": "LevelLearnableMove",
          "move": "ice_ball",
          "level": 30
        },
        {
          "klass": "LevelLearnableMove",
          "move": "rapid_spin",
          "level": 35
        },
        {
          "klass": "LevelLearnableMove",
          "move": "avalanche",
          "level": 39
        },
        {
          "klass": "LevelLearnableMove",
          "move": "blizzard",
          "level": 43
        },
        {
          "klass": "LevelLearnableMove",
          "move": "recover",
          "level": 47
        },
        {
          "klass": "LevelLearnableMove",
          "move": "double_edge",
          "level": 49
        },
        {
          "klass": "TutorLearnableMove",
          "move": "after_you"
        },
        {
          "klass": "TutorLearnableMove",
          "move": "iron_defense"
        },
        {
          "klass": "TutorLearnableMove",
          "move": "snore"
        },
        {
          "klass": "TutorLearnableMove",
          "move": "water_pulse"
        },
        {
          "klass": "TutorLearnableMove",
          "move": "icy_wind"
        },
        {
          "klass": "TechLearnableMove",
          "move": "toxic"
        },
        {
          "klass": "TechLearnableMove",
          "move": "hail"
        },
        {
          "klass": "TechLearnableMove",
          "move": "hidden_power"
        },
        {
          "klass": "TechLearnableMove",
          "move": "ice_beam"
        },
        {
          "klass": "TechLearnableMove",
          "move": "blizzard"
        },
        {
          "klass": "TechLearnableMove",
          "move": "protect"
        },
        {
          "klass": "TechLearnableMove",
          "move": "rain_dance"
        },
        {
          "klass": "TechLearnableMove",
          "move": "safeguard"
        },
        {
          "klass": "TechLearnableMove",
          "move": "frustration"
        },
        {
          "klass": "TechLearnableMove",
          "move": "return"
        },
        {
          "klass": "TechLearnableMove",
          "move": "double_team"
        },
        {
          "klass": "TechLearnableMove",
          "move": "rock_tomb"
        },
        {
          "klass": "TechLearnableMove",
          "move": "facade"
        },
        {
          "klass": "TechLearnableMove",
          "move": "rest"
        },
        {
          "klass": "TechLearnableMove",
          "move": "attract"
        },
        {
          "klass": "TechLearnableMove",
          "move": "round"
        },
        {
          "klass": "TechLearnableMove",
          "move": "rock_polish"
        },
        {
          "klass": "TechLearnableMove",
          "move": "stone_edge"
        },
        {
          "klass": "TechLearnableMove",
          "move": "gyro_ball"
        },
        {
          "klass": "TechLearnableMove",
          "move": "frost_breath"
        },
        {
          "klass": "TechLearnableMove",
          "move": "rock_slide"
        },
        {
          "klass": "TechLearnableMove",
          "move": "swagger"
        },
        {
          "klass": "TechLearnableMove",
          "move": "sleep_talk"
        },
        {
          "klass": "TechLearnableMove",
          "move": "substitute"
        },
        {
          "klass": "TechLearnableMove",
          "move": "flash_cannon"
        },
        {
          "klass": "TechLearnableMove",
          "move": "surf"
        },
        {
          "klass": "TechLearnableMove",
          "move": "confide"
        },
        {
          "klass": "TechLearnableMove",
          "move": "secret_power"
        },
        {
          "klass": "TechLearnableMove",
          "move": "strength"
        },
        {
          "klass": "TechLearnableMove",
          "move": "rock_smash"
        },
        {
          "klass": "BreedLearnableMove",
          "move": "barrier"
        },
        {
          "klass": "BreedLearnableMove",
          "move": "mirror_coat"
        },
        {
          "klass": "BreedLearnableMove",
          "move": "mist"
        },
        {
          "klass": "BreedLearnableMove",
          "move": "recover"
        }
      ],
      "resources": {
        "icon": "712",
        "iconShiny": "",
        "front": "712",
        "frontShiny": "712",
        "back": "712",
        "backShiny": "712",
        "footprint": "",
        "character": "712_0",
        "characterShiny": "712s_0",
        "cry": "712cry.ogg",
        "hasFemale": false
      }
    }
  ]
}