{
  "klass": "Specie",
  "id": 400,
  "dbSymbol": "bibarel",
  "forms": [
    {
      "form": 0,
      "height": 1,
      "weight": 31.5,
      "type1": "normal",
      "type2": "water",
      "baseHp": 79,
      "baseAtk": 85,
      "baseDfe": 60,
      "baseSpd": 71,
      "baseAts": 55,
      "baseDfs": 60,
      "evHp": 0,
      "evAtk": 2,
      "evDfe": 0,
      "evSpd": 0,
      "evAts": 0,
      "evDfs": 0,
      "evolutions": [],
      "experienceType": 1,
      "baseExperience": 144,
      "baseLoyalty": 70,
      "catchRate": 127,
      "femaleRate": 50,
      "breedGroups": [
        2,
        5
      ],
      "hatchSteps": 3840,
      "babyDbSymbol": "bidoof",
      "babyForm": 0,
      "itemHeld": [
        {
          "dbSymbol": "oran_berry",
          "chance": 50
        },
        {
          "dbSymbol": "none",
          "chance": 0
        }
      ],
      "abilities": [
        "simple",
        "unaware",
        "moody"
      ],
      "frontOffsetY": 0,
      "moveSet": [
        {
          "klass": "LevelLearnableMove",
          "move": "tackle",
          "level": 1
        },
        {
          "klass": "LevelLearnableMove",
          "move": "growl",
          "level": 1
        },
        {
          "klass": "LevelLearnableMove",
          "move": "rototiller",
          "level": 1
        },
        {
          "klass": "LevelLearnableMove",
          "move": "aqua_jet",
          "level": 1
        },
        {
          "klass": "LevelLearnableMove",
          "move": "water_gun",
          "level": 1
        },
        {
          "klass": "LevelLearnableMove",
          "move": "defense_curl",
          "level": 5
        },
        {
          "klass": "LevelLearnableMove",
          "move": "rollout",
          "level": 9
        },
        {
          "klass": "LevelLearnableMove",
          "move": "headbutt",
          "level": 13
        },
        {
          "klass": "LevelLearnableMove",
          "move": "hyper_fang",
          "level": 18
        },
        {
          "klass": "LevelLearnableMove",
          "move": "yawn",
          "level": 23
        },
        {
          "klass": "LevelLearnableMove",
          "move": "crunch",
          "level": 28
        },
        {
          "klass": "LevelLearnableMove",
          "move": "take_down",
          "level": 33
        },
        {
          "klass": "LevelLearnableMove",
          "move": "super_fang",
          "level": 38
        },
        {
          "klass": "LevelLearnableMove",
          "move": "swords_dance",
          "level": 43
        },
        {
          "klass": "LevelLearnableMove",
          "move": "amnesia",
          "level": 48
        },
        {
          "klass": "LevelLearnableMove",
          "move": "superpower",
          "level": 53
        },
        {
          "klass": "LevelLearnableMove",
          "move": "curse",
          "level": 58
        },
        {
          "klass": "TutorLearnableMove",
          "move": "liquidation"
        },
        {
          "klass": "TutorLearnableMove",
          "move": "super_fang"
        },
        {
          "klass": "TutorLearnableMove",
          "move": "last_resort"
        },
        {
          "klass": "TutorLearnableMove",
          "move": "aqua_tail"
        },
        {
          "klass": "TutorLearnableMove",
          "move": "covet"
        },
        {
          "klass": "TutorLearnableMove",
          "move": "focus_punch"
        },
        {
          "klass": "TutorLearnableMove",
          "move": "shock_wave"
        },
        {
          "klass": "TutorLearnableMove",
          "move": "stealth_rock"
        },
        {
          "klass": "TutorLearnableMove",
          "move": "iron_tail"
        },
        {
          "klass": "TutorLearnableMove",
          "move": "snore"
        },
        {
          "klass": "TutorLearnableMove",
          "move": "superpower"
        },
        {
          "klass": "TutorLearnableMove",
          "move": "stomping_tantrum"
        },
        {
          "klass": "TutorLearnableMove",
          "move": "icy_wind"
        },
        {
          "klass": "TutorLearnableMove",
          "move": "water_pulse"
        },
        {
          "klass": "TechLearnableMove",
          "move": "work_up"
        },
        {
          "klass": "TechLearnableMove",
          "move": "toxic"
        },
        {
          "klass": "TechLearnableMove",
          "move": "hidden_power"
        },
        {
          "klass": "TechLearnableMove",
          "move": "sunny_day"
        },
        {
          "klass": "TechLearnableMove",
          "move": "taunt"
        },
        {
          "klass": "TechLearnableMove",
          "move": "ice_beam"
        },
        {
          "klass": "TechLearnableMove",
          "move": "blizzard"
        },
        {
          "klass": "TechLearnableMove",
          "move": "hyper_beam"
        },
        {
          "klass": "TechLearnableMove",
          "move": "protect"
        },
        {
          "klass": "TechLearnableMove",
          "move": "rain_dance"
        },
        {
          "klass": "TechLearnableMove",
          "move": "frustration"
        },
        {
          "klass": "TechLearnableMove",
          "move": "thunderbolt"
        },
        {
          "klass": "TechLearnableMove",
          "move": "thunder"
        },
        {
          "klass": "TechLearnableMove",
          "move": "return"
        },
        {
          "klass": "TechLearnableMove",
          "move": "shadow_ball"
        },
        {
          "klass": "TechLearnableMove",
          "move": "double_team"
        },
        {
          "klass": "TechLearnableMove",
          "move": "facade"
        },
        {
          "klass": "TechLearnableMove",
          "move": "rest"
        },
        {
          "klass": "TechLearnableMove",
          "move": "attract"
        },
        {
          "klass": "TechLearnableMove",
          "move": "thief"
        },
        {
          "klass": "TechLearnableMove",
          "move": "round"
        },
        {
          "klass": "TechLearnableMove",
          "move": "echoed_voice"
        },
        {
          "klass": "TechLearnableMove",
          "move": "scald"
        },
        {
          "klass": "TechLearnableMove",
          "move": "fling"
        },
        {
          "klass": "TechLearnableMove",
          "move": "charge_beam"
        },
        {
          "klass": "TechLearnableMove",
          "move": "giga_impact"
        },
        {
          "klass": "TechLearnableMove",
          "move": "thunder_wave"
        },
        {
          "klass": "TechLearnableMove",
          "move": "swords_dance"
        },
        {
          "klass": "TechLearnableMove",
          "move": "bulldoze"
        },
        {
          "klass": "TechLearnableMove",
          "move": "grass_knot"
        },
        {
          "klass": "TechLearnableMove",
          "move": "swagger"
        },
        {
          "klass": "TechLearnableMove",
          "move": "sleep_talk"
        },
        {
          "klass": "TechLearnableMove",
          "move": "substitute"
        },
        {
          "klass": "TechLearnableMove",
          "move": "surf"
        },
        {
          "klass": "TechLearnableMove",
          "move": "waterfall"
        },
        {
          "klass": "TechLearnableMove",
          "move": "confide"
        },
        {
          "klass": "TechLearnableMove",
          "move": "secret_power"
        },
        {
          "klass": "TechLearnableMove",
          "move": "cut"
        },
        {
          "klass": "TechLearnableMove",
          "move": "strength"
        },
        {
          "klass": "TechLearnableMove",
          "move": "rock_smash"
        },
        {
          "klass": "TechLearnableMove",
          "move": "rock_climb"
        },
        {
          "klass": "TechLearnableMove",
          "move": "whirlpool"
        },
        {
          "klass": "EvolutionLearnableMove",
          "move": "water_gun"
        }
      ],
      "resources": {
        "icon": "400",
        "iconShiny": "",
        "front": "400",
        "frontF": "400f",
        "frontShiny": "400",
        "frontShinyF": "400f",
        "back": "400",
        "backShiny": "400",
        "footprint": "400",
        "character": "400_0",
        "characterShiny": "400s_0",
        "cry": "400cry.ogg",
        "hasFemale": true
      }
    }
  ]
}
