{
  "klass": "Specie",
  "id": 399,
  "dbSymbol": "bidoof",
  "forms": [
    {
      "form": 0,
      "height": 0.5,
      "weight": 20,
      "type1": "normal",
      "type2": "__undef__",
      "baseHp": 59,
      "baseAtk": 45,
      "baseDfe": 40,
      "baseSpd": 31,
      "baseAts": 35,
      "baseDfs": 40,
      "evHp": 1,
      "evAtk": 0,
      "evDfe": 0,
      "evSpd": 0,
      "evAts": 0,
      "evDfs": 0,
      "evolutions": [
        {
          "dbSymbol": "bibarel",
          "form": 0,
          "conditions": [
            {
              "type": "minLevel",
              "value": 15
            }
          ]
        }
      ],
      "experienceType": 1,
      "baseExperience": 50,
      "baseLoyalty": 70,
      "catchRate": 255,
      "femaleRate": 50,
      "breedGroups": [
        2,
        5
      ],
      "hatchSteps": 3840,
      "babyDbSymbol": "bidoof",
      "babyForm": 0,
      "itemHeld": [
        {
          "dbSymbol": "none",
          "chance": 0
        },
        {
          "dbSymbol": "none",
          "chance": 0
        }
      ],
      "abilities": [
        "simple",
        "unaware",
        "moody"
      ],
      "frontOffsetY": 0,
      "moveSet": [
        {
          "klass": "LevelLearnableMove",
          "move": "tackle",
          "level": 1
        },
        {
          "klass": "LevelLearnableMove",
          "move": "growl",
          "level": 1
        },
        {
          "klass": "LevelLearnableMove",
          "move": "defense_curl",
          "level": 5
        },
        {
          "klass": "LevelLearnableMove",
          "move": "rollout",
          "level": 9
        },
        {
          "klass": "LevelLearnableMove",
          "move": "headbutt",
          "level": 13
        },
        {
          "klass": "LevelLearnableMove",
          "move": "hyper_fang",
          "level": 17
        },
        {
          "klass": "LevelLearnableMove",
          "move": "yawn",
          "level": 21
        },
        {
          "klass": "LevelLearnableMove",
          "move": "crunch",
          "level": 25
        },
        {
          "klass": "LevelLearnableMove",
          "move": "take_down",
          "level": 29
        },
        {
          "klass": "LevelLearnableMove",
          "move": "super_fang",
          "level": 33
        },
        {
          "klass": "LevelLearnableMove",
          "move": "swords_dance",
          "level": 37
        },
        {
          "klass": "LevelLearnableMove",
          "move": "amnesia",
          "level": 41
        },
        {
          "klass": "LevelLearnableMove",
          "move": "superpower",
          "level": 45
        },
        {
          "klass": "LevelLearnableMove",
          "move": "curse",
          "level": 49
        },
        {
          "klass": "TutorLearnableMove",
          "move": "last_resort"
        },
        {
          "klass": "TutorLearnableMove",
          "move": "aqua_tail"
        },
        {
          "klass": "TutorLearnableMove",
          "move": "covet"
        },
        {
          "klass": "TutorLearnableMove",
          "move": "shock_wave"
        },
        {
          "klass": "TutorLearnableMove",
          "move": "stealth_rock"
        },
        {
          "klass": "TutorLearnableMove",
          "move": "iron_tail"
        },
        {
          "klass": "TutorLearnableMove",
          "move": "snore"
        },
        {
          "klass": "TutorLearnableMove",
          "move": "superpower"
        },
        {
          "klass": "TutorLearnableMove",
          "move": "super_fang"
        },
        {
          "klass": "TutorLearnableMove",
          "move": "icy_wind"
        },
        {
          "klass": "TechLearnableMove",
          "move": "work_up"
        },
        {
          "klass": "TechLearnableMove",
          "move": "toxic"
        },
        {
          "klass": "TechLearnableMove",
          "move": "hidden_power"
        },
        {
          "klass": "TechLearnableMove",
          "move": "sunny_day"
        },
        {
          "klass": "TechLearnableMove",
          "move": "taunt"
        },
        {
          "klass": "TechLearnableMove",
          "move": "ice_beam"
        },
        {
          "klass": "TechLearnableMove",
          "move": "blizzard"
        },
        {
          "klass": "TechLearnableMove",
          "move": "protect"
        },
        {
          "klass": "TechLearnableMove",
          "move": "rain_dance"
        },
        {
          "klass": "TechLearnableMove",
          "move": "frustration"
        },
        {
          "klass": "TechLearnableMove",
          "move": "thunderbolt"
        },
        {
          "klass": "TechLearnableMove",
          "move": "thunder"
        },
        {
          "klass": "TechLearnableMove",
          "move": "return"
        },
        {
          "klass": "TechLearnableMove",
          "move": "shadow_ball"
        },
        {
          "klass": "TechLearnableMove",
          "move": "double_team"
        },
        {
          "klass": "TechLearnableMove",
          "move": "facade"
        },
        {
          "klass": "TechLearnableMove",
          "move": "rest"
        },
        {
          "klass": "TechLearnableMove",
          "move": "attract"
        },
        {
          "klass": "TechLearnableMove",
          "move": "thief"
        },
        {
          "klass": "TechLearnableMove",
          "move": "round"
        },
        {
          "klass": "TechLearnableMove",
          "move": "echoed_voice"
        },
        {
          "klass": "TechLearnableMove",
          "move": "charge_beam"
        },
        {
          "klass": "TechLearnableMove",
          "move": "thunder_wave"
        },
        {
          "klass": "TechLearnableMove",
          "move": "swords_dance"
        },
        {
          "klass": "TechLearnableMove",
          "move": "grass_knot"
        },
        {
          "klass": "TechLearnableMove",
          "move": "swagger"
        },
        {
          "klass": "TechLearnableMove",
          "move": "sleep_talk"
        },
        {
          "klass": "TechLearnableMove",
          "move": "substitute"
        },
        {
          "klass": "TechLearnableMove",
          "move": "confide"
        },
        {
          "klass": "TechLearnableMove",
          "move": "secret_power"
        },
        {
          "klass": "TechLearnableMove",
          "move": "cut"
        },
        {
          "klass": "TechLearnableMove",
          "move": "rock_smash"
        },
        {
          "klass": "BreedLearnableMove",
          "move": "aqua_tail"
        },
        {
          "klass": "BreedLearnableMove",
          "move": "defense_curl"
        },
        {
          "klass": "BreedLearnableMove",
          "move": "double_edge"
        },
        {
          "klass": "BreedLearnableMove",
          "move": "endure"
        },
        {
          "klass": "BreedLearnableMove",
          "move": "fury_swipes"
        },
        {
          "klass": "BreedLearnableMove",
          "move": "mud_sport"
        },
        {
          "klass": "BreedLearnableMove",
          "move": "odor_sleuth"
        },
        {
          "klass": "BreedLearnableMove",
          "move": "quick_attack"
        },
        {
          "klass": "BreedLearnableMove",
          "move": "rock_climb"
        },
        {
          "klass": "BreedLearnableMove",
          "move": "rollout"
        },
        {
          "klass": "BreedLearnableMove",
          "move": "skull_bash"
        },
        {
          "klass": "BreedLearnableMove",
          "move": "sleep_talk"
        },
        {
          "klass": "BreedLearnableMove",
          "move": "water_sport"
        }
      ],
      "resources": {
        "icon": "399",
        "iconShiny": "",
        "front": "399",
        "frontF": "399f",
        "frontShiny": "399",
        "frontShinyF": "399f",
        "back": "399",
        "backF": "399f",
        "backShiny": "399",
        "backShinyF": "399f",
        "footprint": "399",
        "character": "399_0",
        "characterShiny": "399s_0",
        "cry": "399cry.ogg",
        "hasFemale": true
      }
    }
  ]
}