{
  "klass": "Specie",
  "id": 688,
  "dbSymbol": "binacle",
  "forms": [
    {
      "form": 0,
      "height": 0.5,
      "weight": 31,
      "type1": "rock",
      "type2": "water",
      "baseHp": 42,
      "baseAtk": 52,
      "baseDfe": 67,
      "baseSpd": 50,
      "baseAts": 39,
      "baseDfs": 56,
      "evHp": 0,
      "evAtk": 1,
      "evDfe": 0,
      "evSpd": 0,
      "evAts": 0,
      "evDfs": 0,
      "evolutions": [
        {
          "dbSymbol": "barbaracle",
          "form": 0,
          "conditions": [
            {
              "type": "minLevel",
              "value": 39
            }
          ]
        }
      ],
      "experienceType": 1,
      "baseExperience": 61,
      "baseLoyalty": 70,
      "catchRate": 120,
      "femaleRate": 50,
      "breedGroups": [
        9,
        9
      ],
      "hatchSteps": 5120,
      "babyDbSymbol": "binacle",
      "babyForm": 0,
      "itemHeld": [
        {
          "dbSymbol": "none",
          "chance": 0
        },
        {
          "dbSymbol": "none",
          "chance": 0
        }
      ],
      "abilities": [
        "tough_claws",
        "sniper",
        "pickpocket"
      ],
      "frontOffsetY": 0,
      "moveSet": [
        {
          "klass": "LevelLearnableMove",
          "move": "shell_smash",
          "level": 1
        },
        {
          "klass": "LevelLearnableMove",
          "move": "scratch",
          "level": 1
        },
        {
          "klass": "LevelLearnableMove",
          "move": "sand_attack",
          "level": 1
        },
        {
          "klass": "LevelLearnableMove",
          "move": "water_gun",
          "level": 4
        },
        {
          "klass": "LevelLearnableMove",
          "move": "withdraw",
          "level": 7
        },
        {
          "klass": "LevelLearnableMove",
          "move": "fury_swipes",
          "level": 10
        },
        {
          "klass": "LevelLearnableMove",
          "move": "slash",
          "level": 13
        },
        {
          "klass": "LevelLearnableMove",
          "move": "mud_slap",
          "level": 18
        },
        {
          "klass": "LevelLearnableMove",
          "move": "clamp",
          "level": 20
        },
        {
          "klass": "LevelLearnableMove",
          "move": "rock_polish",
          "level": 24
        },
        {
          "klass": "LevelLearnableMove",
          "move": "ancient_power",
          "level": 28
        },
        {
          "klass": "LevelLearnableMove",
          "move": "hone_claws",
          "level": 32
        },
        {
          "klass": "LevelLearnableMove",
          "move": "fury_cutter",
          "level": 37
        },
        {
          "klass": "LevelLearnableMove",
          "move": "night_slash",
          "level": 41
        },
        {
          "klass": "LevelLearnableMove",
          "move": "razor_shell",
          "level": 45
        },
        {
          "klass": "LevelLearnableMove",
          "move": "cross_chop",
          "level": 49
        },
        {
          "klass": "TutorLearnableMove",
          "move": "liquidation"
        },
        {
          "klass": "TutorLearnableMove",
          "move": "helping_hand"
        },
        {
          "klass": "TutorLearnableMove",
          "move": "dual_chop"
        },
        {
          "klass": "TutorLearnableMove",
          "move": "endeavor"
        },
        {
          "klass": "TutorLearnableMove",
          "move": "iron_defense"
        },
        {
          "klass": "TutorLearnableMove",
          "move": "stealth_rock"
        },
        {
          "klass": "TutorLearnableMove",
          "move": "snore"
        },
        {
          "klass": "TutorLearnableMove",
          "move": "water_pulse"
        },
        {
          "klass": "TutorLearnableMove",
          "move": "icy_wind"
        },
        {
          "klass": "TechLearnableMove",
          "move": "toxic"
        },
        {
          "klass": "TechLearnableMove",
          "move": "hidden_power"
        },
        {
          "klass": "TechLearnableMove",
          "move": "taunt"
        },
        {
          "klass": "TechLearnableMove",
          "move": "ice_beam"
        },
        {
          "klass": "TechLearnableMove",
          "move": "blizzard"
        },
        {
          "klass": "TechLearnableMove",
          "move": "protect"
        },
        {
          "klass": "TechLearnableMove",
          "move": "rain_dance"
        },
        {
          "klass": "TechLearnableMove",
          "move": "safeguard"
        },
        {
          "klass": "TechLearnableMove",
          "move": "frustration"
        },
        {
          "klass": "TechLearnableMove",
          "move": "smack_down"
        },
        {
          "klass": "TechLearnableMove",
          "move": "earthquake"
        },
        {
          "klass": "TechLearnableMove",
          "move": "return"
        },
        {
          "klass": "TechLearnableMove",
          "move": "brick_break"
        },
        {
          "klass": "TechLearnableMove",
          "move": "double_team"
        },
        {
          "klass": "TechLearnableMove",
          "move": "sludge_wave"
        },
        {
          "klass": "TechLearnableMove",
          "move": "sludge_bomb"
        },
        {
          "klass": "TechLearnableMove",
          "move": "sandstorm"
        },
        {
          "klass": "TechLearnableMove",
          "move": "rock_tomb"
        },
        {
          "klass": "TechLearnableMove",
          "move": "aerial_ace"
        },
        {
          "klass": "TechLearnableMove",
          "move": "torment"
        },
        {
          "klass": "TechLearnableMove",
          "move": "facade"
        },
        {
          "klass": "TechLearnableMove",
          "move": "rest"
        },
        {
          "klass": "TechLearnableMove",
          "move": "attract"
        },
        {
          "klass": "TechLearnableMove",
          "move": "thief"
        },
        {
          "klass": "TechLearnableMove",
          "move": "round"
        },
        {
          "klass": "TechLearnableMove",
          "move": "false_swipe"
        },
        {
          "klass": "TechLearnableMove",
          "move": "scald"
        },
        {
          "klass": "TechLearnableMove",
          "move": "fling"
        },
        {
          "klass": "TechLearnableMove",
          "move": "embargo"
        },
        {
          "klass": "TechLearnableMove",
          "move": "shadow_claw"
        },
        {
          "klass": "TechLearnableMove",
          "move": "payback"
        },
        {
          "klass": "TechLearnableMove",
          "move": "rock_polish"
        },
        {
          "klass": "TechLearnableMove",
          "move": "stone_edge"
        },
        {
          "klass": "TechLearnableMove",
          "move": "swords_dance"
        },
        {
          "klass": "TechLearnableMove",
          "move": "bulldoze"
        },
        {
          "klass": "TechLearnableMove",
          "move": "rock_slide"
        },
        {
          "klass": "TechLearnableMove",
          "move": "x_scissor"
        },
        {
          "klass": "TechLearnableMove",
          "move": "infestation"
        },
        {
          "klass": "TechLearnableMove",
          "move": "poison_jab"
        },
        {
          "klass": "TechLearnableMove",
          "move": "grass_knot"
        },
        {
          "klass": "TechLearnableMove",
          "move": "swagger"
        },
        {
          "klass": "TechLearnableMove",
          "move": "sleep_talk"
        },
        {
          "klass": "TechLearnableMove",
          "move": "substitute"
        },
        {
          "klass": "TechLearnableMove",
          "move": "surf"
        },
        {
          "klass": "TechLearnableMove",
          "move": "nature_power"
        },
        {
          "klass": "TechLearnableMove",
          "move": "confide"
        },
        {
          "klass": "TechLearnableMove",
          "move": "secret_power"
        },
        {
          "klass": "TechLearnableMove",
          "move": "power_up_punch"
        },
        {
          "klass": "TechLearnableMove",
          "move": "cut"
        },
        {
          "klass": "TechLearnableMove",
          "move": "strength"
        },
        {
          "klass": "TechLearnableMove",
          "move": "rock_smash"
        },
        {
          "klass": "BreedLearnableMove",
          "move": "helping_hand"
        },
        {
          "klass": "BreedLearnableMove",
          "move": "switcheroo"
        },
        {
          "klass": "BreedLearnableMove",
          "move": "tickle"
        },
        {
          "klass": "BreedLearnableMove",
          "move": "water_sport"
        }
      ],
      "resources": {
        "icon": "688",
        "iconShiny": "",
        "front": "688",
        "frontShiny": "688",
        "back": "688",
        "backShiny": "688",
        "footprint": "",
        "character": "688_0",
        "characterShiny": "688s_0",
        "cry": "688cry.ogg",
        "hasFemale": false
      }
    }
  ]
}