{
  "klass": "Specie",
  "id": 522,
  "dbSymbol": "blitzle",
  "forms": [
    {
      "form": 0,
      "height": 0.8,
      "weight": 29.8,
      "type1": "electric",
      "type2": "__undef__",
      "baseHp": 45,
      "baseAtk": 60,
      "baseDfe": 32,
      "baseSpd": 76,
      "baseAts": 50,
      "baseDfs": 32,
      "evHp": 0,
      "evAtk": 0,
      "evDfe": 0,
      "evSpd": 1,
      "evAts": 0,
      "evDfs": 0,
      "evolutions": [
        {
          "dbSymbol": "zebstrika",
          "form": 0,
          "conditions": [
            {
              "type": "minLevel",
              "value": 27
            }
          ]
        }
      ],
      "experienceType": 1,
      "baseExperience": 59,
      "baseLoyalty": 70,
      "catchRate": 190,
      "femaleRate": 50,
      "breedGroups": [
        5,
        5
      ],
      "hatchSteps": 5120,
      "babyDbSymbol": "blitzle",
      "babyForm": 0,
      "itemHeld": [
        {
          "dbSymbol": "cheri_berry",
          "chance": 50
        },
        {
          "dbSymbol": "none",
          "chance": 0
        }
      ],
      "abilities": [
        "lightning_rod",
        "motor_drive",
        "sap_sipper"
      ],
      "frontOffsetY": 0,
      "moveSet": [
        {
          "klass": "LevelLearnableMove",
          "move": "quick_attack",
          "level": 1
        },
        {
          "klass": "LevelLearnableMove",
          "move": "tail_whip",
          "level": 4
        },
        {
          "klass": "LevelLearnableMove",
          "move": "charge",
          "level": 8
        },
        {
          "klass": "LevelLearnableMove",
          "move": "shock_wave",
          "level": 11
        },
        {
          "klass": "LevelLearnableMove",
          "move": "thunder_wave",
          "level": 15
        },
        {
          "klass": "LevelLearnableMove",
          "move": "flame_charge",
          "level": 18
        },
        {
          "klass": "LevelLearnableMove",
          "move": "pursuit",
          "level": 22
        },
        {
          "klass": "LevelLearnableMove",
          "move": "spark",
          "level": 25
        },
        {
          "klass": "LevelLearnableMove",
          "move": "stomp",
          "level": 29
        },
        {
          "klass": "LevelLearnableMove",
          "move": "discharge",
          "level": 32
        },
        {
          "klass": "LevelLearnableMove",
          "move": "agility",
          "level": 36
        },
        {
          "klass": "LevelLearnableMove",
          "move": "wild_charge",
          "level": 39
        },
        {
          "klass": "LevelLearnableMove",
          "move": "thrash",
          "level": 43
        },
        {
          "klass": "TutorLearnableMove",
          "move": "low_kick"
        },
        {
          "klass": "TutorLearnableMove",
          "move": "shock_wave"
        },
        {
          "klass": "TutorLearnableMove",
          "move": "signal_beam"
        },
        {
          "klass": "TutorLearnableMove",
          "move": "bounce"
        },
        {
          "klass": "TutorLearnableMove",
          "move": "snatch"
        },
        {
          "klass": "TutorLearnableMove",
          "move": "snore"
        },
        {
          "klass": "TutorLearnableMove",
          "move": "magnet_rise"
        },
        {
          "klass": "TechLearnableMove",
          "move": "toxic"
        },
        {
          "klass": "TechLearnableMove",
          "move": "hidden_power"
        },
        {
          "klass": "TechLearnableMove",
          "move": "light_screen"
        },
        {
          "klass": "TechLearnableMove",
          "move": "protect"
        },
        {
          "klass": "TechLearnableMove",
          "move": "rain_dance"
        },
        {
          "klass": "TechLearnableMove",
          "move": "frustration"
        },
        {
          "klass": "TechLearnableMove",
          "move": "thunderbolt"
        },
        {
          "klass": "TechLearnableMove",
          "move": "thunder"
        },
        {
          "klass": "TechLearnableMove",
          "move": "return"
        },
        {
          "klass": "TechLearnableMove",
          "move": "double_team"
        },
        {
          "klass": "TechLearnableMove",
          "move": "facade"
        },
        {
          "klass": "TechLearnableMove",
          "move": "flame_charge"
        },
        {
          "klass": "TechLearnableMove",
          "move": "rest"
        },
        {
          "klass": "TechLearnableMove",
          "move": "attract"
        },
        {
          "klass": "TechLearnableMove",
          "move": "round"
        },
        {
          "klass": "TechLearnableMove",
          "move": "charge_beam"
        },
        {
          "klass": "TechLearnableMove",
          "move": "volt_switch"
        },
        {
          "klass": "TechLearnableMove",
          "move": "thunder_wave"
        },
        {
          "klass": "TechLearnableMove",
          "move": "swagger"
        },
        {
          "klass": "TechLearnableMove",
          "move": "sleep_talk"
        },
        {
          "klass": "TechLearnableMove",
          "move": "substitute"
        },
        {
          "klass": "TechLearnableMove",
          "move": "wild_charge"
        },
        {
          "klass": "TechLearnableMove",
          "move": "confide"
        },
        {
          "klass": "TechLearnableMove",
          "move": "secret_power"
        },
        {
          "klass": "BreedLearnableMove",
          "move": "double_edge"
        },
        {
          "klass": "BreedLearnableMove",
          "move": "double_kick"
        },
        {
          "klass": "BreedLearnableMove",
          "move": "endure"
        },
        {
          "klass": "BreedLearnableMove",
          "move": "feint"
        },
        {
          "klass": "BreedLearnableMove",
          "move": "me_first"
        },
        {
          "klass": "BreedLearnableMove",
          "move": "rage"
        },
        {
          "klass": "BreedLearnableMove",
          "move": "sand_attack"
        },
        {
          "klass": "BreedLearnableMove",
          "move": "screech"
        },
        {
          "klass": "BreedLearnableMove",
          "move": "shock_wave"
        },
        {
          "klass": "BreedLearnableMove",
          "move": "snatch"
        },
        {
          "klass": "BreedLearnableMove",
          "move": "take_down"
        }
      ],
      "resources": {
        "icon": "522",
        "iconShiny": "",
        "front": "522",
        "frontShiny": "522",
        "back": "522",
        "backShiny": "522",
        "footprint": "522",
        "character": "522_0",
        "characterShiny": "522s_0",
        "cry": "522cry.ogg",
        "hasFemale": false
      }
    }
  ]
}