{
  "klass": "Specie",
  "id": 525,
  "dbSymbol": "boldore",
  "forms": [
    {
      "form": 0,
      "height": 0.9,
      "weight": 102,
      "type1": "rock",
      "type2": "__undef__",
      "baseHp": 70,
      "baseAtk": 105,
      "baseDfe": 105,
      "baseSpd": 20,
      "baseAts": 50,
      "baseDfs": 40,
      "evHp": 0,
      "evAtk": 1,
      "evDfe": 1,
      "evSpd": 0,
      "evAts": 0,
      "evDfs": 0,
      "evolutions": [
        {
          "dbSymbol": "gigalith",
          "form": 0,
          "conditions": [
            {
              "type": "trade",
              "value": true
            }
          ]
        }
      ],
      "experienceType": 3,
      "baseExperience": 137,
      "baseLoyalty": 70,
      "catchRate": 120,
      "femaleRate": 50,
      "breedGroups": [
        10,
        10
      ],
      "hatchSteps": 3840,
      "babyDbSymbol": "roggenrola",
      "babyForm": 0,
      "itemHeld": [
        {
          "dbSymbol": "hard_stone",
          "chance": 5
        },
        {
          "dbSymbol": "none",
          "chance": 0
        }
      ],
      "abilities": [
        "sturdy",
        "weak_armor",
        "sand_force"
      ],
      "frontOffsetY": 0,
      "moveSet": [
        {
          "klass": "LevelLearnableMove",
          "move": "tackle",
          "level": 1
        },
        {
          "klass": "LevelLearnableMove",
          "move": "harden",
          "level": 1
        },
        {
          "klass": "LevelLearnableMove",
          "move": "headbutt",
          "level": 1
        },
        {
          "klass": "LevelLearnableMove",
          "move": "sand_attack",
          "level": 1
        },
        {
          "klass": "LevelLearnableMove",
          "move": "power_gem",
          "level": 1
        },
        {
          "klass": "LevelLearnableMove",
          "move": "harden",
          "level": 4
        },
        {
          "klass": "LevelLearnableMove",
          "move": "sand_attack",
          "level": 7
        },
        {
          "klass": "LevelLearnableMove",
          "move": "headbutt",
          "level": 10
        },
        {
          "klass": "LevelLearnableMove",
          "move": "rock_blast",
          "level": 14
        },
        {
          "klass": "LevelLearnableMove",
          "move": "mud_slap",
          "level": 17
        },
        {
          "klass": "LevelLearnableMove",
          "move": "iron_defense",
          "level": 20
        },
        {
          "klass": "LevelLearnableMove",
          "move": "smack_down",
          "level": 23
        },
        {
          "klass": "LevelLearnableMove",
          "move": "rock_slide",
          "level": 30
        },
        {
          "klass": "LevelLearnableMove",
          "move": "stealth_rock",
          "level": 36
        },
        {
          "klass": "LevelLearnableMove",
          "move": "sandstorm",
          "level": 42
        },
        {
          "klass": "LevelLearnableMove",
          "move": "stone_edge",
          "level": 48
        },
        {
          "klass": "LevelLearnableMove",
          "move": "explosion",
          "level": 55
        },
        {
          "klass": "TutorLearnableMove",
          "move": "block"
        },
        {
          "klass": "TutorLearnableMove",
          "move": "gravity"
        },
        {
          "klass": "TutorLearnableMove",
          "move": "iron_defense"
        },
        {
          "klass": "TutorLearnableMove",
          "move": "stealth_rock"
        },
        {
          "klass": "TutorLearnableMove",
          "move": "snore"
        },
        {
          "klass": "TutorLearnableMove",
          "move": "earth_power"
        },
        {
          "klass": "TutorLearnableMove",
          "move": "stomping_tantrum"
        },
        {
          "klass": "TechLearnableMove",
          "move": "toxic"
        },
        {
          "klass": "TechLearnableMove",
          "move": "hidden_power"
        },
        {
          "klass": "TechLearnableMove",
          "move": "protect"
        },
        {
          "klass": "TechLearnableMove",
          "move": "frustration"
        },
        {
          "klass": "TechLearnableMove",
          "move": "smack_down"
        },
        {
          "klass": "TechLearnableMove",
          "move": "earthquake"
        },
        {
          "klass": "TechLearnableMove",
          "move": "return"
        },
        {
          "klass": "TechLearnableMove",
          "move": "double_team"
        },
        {
          "klass": "TechLearnableMove",
          "move": "sandstorm"
        },
        {
          "klass": "TechLearnableMove",
          "move": "rock_tomb"
        },
        {
          "klass": "TechLearnableMove",
          "move": "facade"
        },
        {
          "klass": "TechLearnableMove",
          "move": "rest"
        },
        {
          "klass": "TechLearnableMove",
          "move": "attract"
        },
        {
          "klass": "TechLearnableMove",
          "move": "round"
        },
        {
          "klass": "TechLearnableMove",
          "move": "explosion"
        },
        {
          "klass": "TechLearnableMove",
          "move": "rock_polish"
        },
        {
          "klass": "TechLearnableMove",
          "move": "stone_edge"
        },
        {
          "klass": "TechLearnableMove",
          "move": "bulldoze"
        },
        {
          "klass": "TechLearnableMove",
          "move": "rock_slide"
        },
        {
          "klass": "TechLearnableMove",
          "move": "swagger"
        },
        {
          "klass": "TechLearnableMove",
          "move": "sleep_talk"
        },
        {
          "klass": "TechLearnableMove",
          "move": "substitute"
        },
        {
          "klass": "TechLearnableMove",
          "move": "flash_cannon"
        },
        {
          "klass": "TechLearnableMove",
          "move": "nature_power"
        },
        {
          "klass": "TechLearnableMove",
          "move": "confide"
        },
        {
          "klass": "TechLearnableMove",
          "move": "secret_power"
        },
        {
          "klass": "TechLearnableMove",
          "move": "strength"
        },
        {
          "klass": "TechLearnableMove",
          "move": "rock_smash"
        },
        {
          "klass": "EvolutionLearnableMove",
          "move": "power_gem"
        }
      ],
      "resources": {
        "icon": "525",
        "iconShiny": "",
        "front": "525",
        "frontShiny": "525",
        "back": "525",
        "backShiny": "525",
        "footprint": "525",
        "character": "525_0",
        "characterShiny": "525s_0",
        "cry": "525cry.ogg",
        "hasFemale": false
      }
    }
  ]
}