{
  "klass": "Specie",
  "id": 654,
  "dbSymbol": "braixen",
  "forms": [
    {
      "form": 0,
      "height": 1,
      "weight": 14.5,
      "type1": "fire",
      "type2": "__undef__",
      "baseHp": 59,
      "baseAtk": 59,
      "baseDfe": 58,
      "baseSpd": 73,
      "baseAts": 90,
      "baseDfs": 70,
      "evHp": 0,
      "evAtk": 0,
      "evDfe": 0,
      "evSpd": 0,
      "evAts": 2,
      "evDfs": 0,
      "evolutions": [
        {
          "dbSymbol": "delphox",
          "form": 0,
          "conditions": [
            {
              "type": "minLevel",
              "value": 36
            }
          ]
        }
      ],
      "experienceType": 3,
      "baseExperience": 143,
      "baseLoyalty": 70,
      "catchRate": 45,
      "femaleRate": 12.5,
      "breedGroups": [
        5,
        5
      ],
      "hatchSteps": 5120,
      "babyDbSymbol": "fennekin",
      "babyForm": 0,
      "itemHeld": [
        {
          "dbSymbol": "none",
          "chance": 0
        },
        {
          "dbSymbol": "none",
          "chance": 0
        }
      ],
      "abilities": [
        "blaze",
        "blaze",
        "magician"
      ],
      "frontOffsetY": 0,
      "moveSet": [
        {
          "klass": "LevelLearnableMove",
          "move": "scratch",
          "level": 1
        },
        {
          "klass": "LevelLearnableMove",
          "move": "tail_whip",
          "level": 1
        },
        {
          "klass": "LevelLearnableMove",
          "move": "ember",
          "level": 1
        },
        {
          "klass": "LevelLearnableMove",
          "move": "ember",
          "level": 5
        },
        {
          "klass": "LevelLearnableMove",
          "move": "howl",
          "level": 11
        },
        {
          "klass": "LevelLearnableMove",
          "move": "flame_charge",
          "level": 14
        },
        {
          "klass": "LevelLearnableMove",
          "move": "psybeam",
          "level": 18
        },
        {
          "klass": "LevelLearnableMove",
          "move": "fire_spin",
          "level": 22
        },
        {
          "klass": "LevelLearnableMove",
          "move": "lucky_chant",
          "level": 28
        },
        {
          "klass": "LevelLearnableMove",
          "move": "light_screen",
          "level": 31
        },
        {
          "klass": "LevelLearnableMove",
          "move": "psyshock",
          "level": 36
        },
        {
          "klass": "LevelLearnableMove",
          "move": "flamethrower",
          "level": 41
        },
        {
          "klass": "LevelLearnableMove",
          "move": "will_o_wisp",
          "level": 45
        },
        {
          "klass": "LevelLearnableMove",
          "move": "psychic",
          "level": 49
        },
        {
          "klass": "LevelLearnableMove",
          "move": "sunny_day",
          "level": 52
        },
        {
          "klass": "LevelLearnableMove",
          "move": "magic_room",
          "level": 56
        },
        {
          "klass": "LevelLearnableMove",
          "move": "fire_blast",
          "level": 59
        },
        {
          "klass": "TutorLearnableMove",
          "move": "laser_focus"
        },
        {
          "klass": "TutorLearnableMove",
          "move": "fire_pledge"
        },
        {
          "klass": "TutorLearnableMove",
          "move": "low_kick"
        },
        {
          "klass": "TutorLearnableMove",
          "move": "heat_wave"
        },
        {
          "klass": "TutorLearnableMove",
          "move": "skill_swap"
        },
        {
          "klass": "TutorLearnableMove",
          "move": "covet"
        },
        {
          "klass": "TutorLearnableMove",
          "move": "ally_switch"
        },
        {
          "klass": "TutorLearnableMove",
          "move": "telekinesis"
        },
        {
          "klass": "TutorLearnableMove",
          "move": "shock_wave"
        },
        {
          "klass": "TutorLearnableMove",
          "move": "fire_punch"
        },
        {
          "klass": "TutorLearnableMove",
          "move": "zen_headbutt"
        },
        {
          "klass": "TutorLearnableMove",
          "move": "iron_tail"
        },
        {
          "klass": "TutorLearnableMove",
          "move": "recycle"
        },
        {
          "klass": "TutorLearnableMove",
          "move": "magic_coat"
        },
        {
          "klass": "TutorLearnableMove",
          "move": "snore"
        },
        {
          "klass": "TutorLearnableMove",
          "move": "snatch"
        },
        {
          "klass": "TutorLearnableMove",
          "move": "trick"
        },
        {
          "klass": "TutorLearnableMove",
          "move": "thunder_punch"
        },
        {
          "klass": "TutorLearnableMove",
          "move": "foul_play"
        },
        {
          "klass": "TutorLearnableMove",
          "move": "wonder_room"
        },
        {
          "klass": "TutorLearnableMove",
          "move": "magic_room"
        },
        {
          "klass": "TechLearnableMove",
          "move": "work_up"
        },
        {
          "klass": "TechLearnableMove",
          "move": "psyshock"
        },
        {
          "klass": "TechLearnableMove",
          "move": "toxic"
        },
        {
          "klass": "TechLearnableMove",
          "move": "hidden_power"
        },
        {
          "klass": "TechLearnableMove",
          "move": "sunny_day"
        },
        {
          "klass": "TechLearnableMove",
          "move": "light_screen"
        },
        {
          "klass": "TechLearnableMove",
          "move": "protect"
        },
        {
          "klass": "TechLearnableMove",
          "move": "rain_dance"
        },
        {
          "klass": "TechLearnableMove",
          "move": "safeguard"
        },
        {
          "klass": "TechLearnableMove",
          "move": "frustration"
        },
        {
          "klass": "TechLearnableMove",
          "move": "solar_beam"
        },
        {
          "klass": "TechLearnableMove",
          "move": "return"
        },
        {
          "klass": "TechLearnableMove",
          "move": "psychic"
        },
        {
          "klass": "TechLearnableMove",
          "move": "double_team"
        },
        {
          "klass": "TechLearnableMove",
          "move": "flamethrower"
        },
        {
          "klass": "TechLearnableMove",
          "move": "fire_blast"
        },
        {
          "klass": "TechLearnableMove",
          "move": "facade"
        },
        {
          "klass": "TechLearnableMove",
          "move": "flame_charge"
        },
        {
          "klass": "TechLearnableMove",
          "move": "rest"
        },
        {
          "klass": "TechLearnableMove",
          "move": "attract"
        },
        {
          "klass": "TechLearnableMove",
          "move": "thief"
        },
        {
          "klass": "TechLearnableMove",
          "move": "round"
        },
        {
          "klass": "TechLearnableMove",
          "move": "echoed_voice"
        },
        {
          "klass": "TechLearnableMove",
          "move": "overheat"
        },
        {
          "klass": "TechLearnableMove",
          "move": "will_o_wisp"
        },
        {
          "klass": "TechLearnableMove",
          "move": "embargo"
        },
        {
          "klass": "TechLearnableMove",
          "move": "psych_up"
        },
        {
          "klass": "TechLearnableMove",
          "move": "dream_eater"
        },
        {
          "klass": "TechLearnableMove",
          "move": "grass_knot"
        },
        {
          "klass": "TechLearnableMove",
          "move": "swagger"
        },
        {
          "klass": "TechLearnableMove",
          "move": "sleep_talk"
        },
        {
          "klass": "TechLearnableMove",
          "move": "substitute"
        },
        {
          "klass": "TechLearnableMove",
          "move": "confide"
        },
        {
          "klass": "TechLearnableMove",
          "move": "secret_power"
        },
        {
          "klass": "TechLearnableMove",
          "move": "power_up_punch"
        },
        {
          "klass": "TechLearnableMove",
          "move": "cut"
        }
      ],
      "resources": {
        "icon": "654",
        "iconShiny": "",
        "front": "654",
        "frontShiny": "654",
        "back": "654",
        "backShiny": "654",
        "footprint": "",
        "character": "654_0",
        "characterShiny": "654s_0",
        "cry": "654cry.ogg",
        "hasFemale": false
      }
    }
  ]
}