{
  "klass": "Specie",
  "id": 729,
  "dbSymbol": "brionne",
  "forms": [
    {
      "form": 0,
      "height": 0.6,
      "weight": 17.5,
      "type1": "water",
      "type2": "__undef__",
      "baseHp": 60,
      "baseAtk": 69,
      "baseDfe": 69,
      "baseSpd": 50,
      "baseAts": 91,
      "baseDfs": 81,
      "evHp": 0,
      "evAtk": 0,
      "evDfe": 0,
      "evSpd": 0,
      "evAts": 2,
      "evDfs": 0,
      "evolutions": [
        {
          "dbSymbol": "primarina",
          "form": 0,
          "conditions": [
            {
              "type": "minLevel",
              "value": 34
            }
          ]
        }
      ],
      "experienceType": 3,
      "baseExperience": 147,
      "baseLoyalty": 70,
      "catchRate": 45,
      "femaleRate": 12.5,
      "breedGroups": [
        2,
        5
      ],
      "hatchSteps": 3840,
      "babyDbSymbol": "popplio",
      "babyForm": 0,
      "itemHeld": [
        {
          "dbSymbol": "none",
          "chance": 0
        },
        {
          "dbSymbol": "none",
          "chance": 0
        }
      ],
      "abilities": [
        "torrent",
        "torrent",
        "liquid_voice"
      ],
      "frontOffsetY": 0,
      "moveSet": [
        {
          "klass": "LevelLearnableMove",
          "move": "pound",
          "level": 1
        },
        {
          "klass": "LevelLearnableMove",
          "move": "water_gun",
          "level": 1
        },
        {
          "klass": "LevelLearnableMove",
          "move": "disarming_voice",
          "level": 1
        },
        {
          "klass": "LevelLearnableMove",
          "move": "growl",
          "level": 1
        },
        {
          "klass": "LevelLearnableMove",
          "move": "growl",
          "level": 4
        },
        {
          "klass": "LevelLearnableMove",
          "move": "disarming_voice",
          "level": 8
        },
        {
          "klass": "LevelLearnableMove",
          "move": "baby_doll_eyes",
          "level": 11
        },
        {
          "klass": "LevelLearnableMove",
          "move": "aqua_jet",
          "level": 14
        },
        {
          "klass": "LevelLearnableMove",
          "move": "icy_wind",
          "level": 16
        },
        {
          "klass": "LevelLearnableMove",
          "move": "encore",
          "level": 19
        },
        {
          "klass": "LevelLearnableMove",
          "move": "bubble_beam",
          "level": 24
        },
        {
          "klass": "LevelLearnableMove",
          "move": "sing",
          "level": 28
        },
        {
          "klass": "LevelLearnableMove",
          "move": "double_slap",
          "level": 33
        },
        {
          "klass": "LevelLearnableMove",
          "move": "hyper_voice",
          "level": 37
        },
        {
          "klass": "LevelLearnableMove",
          "move": "moonblast",
          "level": 42
        },
        {
          "klass": "LevelLearnableMove",
          "move": "captivate",
          "level": 46
        },
        {
          "klass": "LevelLearnableMove",
          "move": "hydro_pump",
          "level": 51
        },
        {
          "klass": "LevelLearnableMove",
          "move": "misty_terrain",
          "level": 55
        },
        {
          "klass": "TutorLearnableMove",
          "move": "water_pledge"
        },
        {
          "klass": "TutorLearnableMove",
          "move": "uproar"
        },
        {
          "klass": "TutorLearnableMove",
          "move": "helping_hand"
        },
        {
          "klass": "TutorLearnableMove",
          "move": "aqua_tail"
        },
        {
          "klass": "TutorLearnableMove",
          "move": "covet"
        },
        {
          "klass": "TutorLearnableMove",
          "move": "hyper_voice"
        },
        {
          "klass": "TutorLearnableMove",
          "move": "iron_tail"
        },
        {
          "klass": "TutorLearnableMove",
          "move": "snore"
        },
        {
          "klass": "TutorLearnableMove",
          "move": "wonder_room"
        },
        {
          "klass": "TutorLearnableMove",
          "move": "icy_wind"
        },
        {
          "klass": "TutorLearnableMove",
          "move": "water_pulse"
        },
        {
          "klass": "TechLearnableMove",
          "move": "work_up"
        },
        {
          "klass": "TechLearnableMove",
          "move": "toxic"
        },
        {
          "klass": "TechLearnableMove",
          "move": "hail"
        },
        {
          "klass": "TechLearnableMove",
          "move": "hidden_power"
        },
        {
          "klass": "TechLearnableMove",
          "move": "ice_beam"
        },
        {
          "klass": "TechLearnableMove",
          "move": "blizzard"
        },
        {
          "klass": "TechLearnableMove",
          "move": "protect"
        },
        {
          "klass": "TechLearnableMove",
          "move": "rain_dance"
        },
        {
          "klass": "TechLearnableMove",
          "move": "frustration"
        },
        {
          "klass": "TechLearnableMove",
          "move": "return"
        },
        {
          "klass": "TechLearnableMove",
          "move": "double_team"
        },
        {
          "klass": "TechLearnableMove",
          "move": "facade"
        },
        {
          "klass": "TechLearnableMove",
          "move": "rest"
        },
        {
          "klass": "TechLearnableMove",
          "move": "attract"
        },
        {
          "klass": "TechLearnableMove",
          "move": "round"
        },
        {
          "klass": "TechLearnableMove",
          "move": "echoed_voice"
        },
        {
          "klass": "TechLearnableMove",
          "move": "scald"
        },
        {
          "klass": "TechLearnableMove",
          "move": "acrobatics"
        },
        {
          "klass": "TechLearnableMove",
          "move": "swagger"
        },
        {
          "klass": "TechLearnableMove",
          "move": "sleep_talk"
        },
        {
          "klass": "TechLearnableMove",
          "move": "substitute"
        },
        {
          "klass": "TechLearnableMove",
          "move": "surf"
        },
        {
          "klass": "TechLearnableMove",
          "move": "waterfall"
        },
        {
          "klass": "TechLearnableMove",
          "move": "confide"
        },
        {
          "klass": "TechLearnableMove",
          "move": "secret_power"
        },
        {
          "klass": "TechLearnableMove",
          "move": "whirlpool"
        }
      ],
      "resources": {
        "icon": "729",
        "iconShiny": "",
        "front": "729",
        "frontShiny": "729",
        "back": "729",
        "backShiny": "729",
        "footprint": "",
        "character": "729_0",
        "characterShiny": "729s_0",
        "cry": "729cry.ogg",
        "hasFemale": false
      }
    }
  ]
}
