{
  "klass": "Specie",
  "id": 436,
  "dbSymbol": "bronzor",
  "forms": [
    {
      "form": 0,
      "height": 0.5,
      "weight": 60.5,
      "type1": "steel",
      "type2": "psychic",
      "baseHp": 57,
      "baseAtk": 24,
      "baseDfe": 86,
      "baseSpd": 23,
      "baseAts": 24,
      "baseDfs": 86,
      "evHp": 0,
      "evAtk": 0,
      "evDfe": 1,
      "evSpd": 0,
      "evAts": 0,
      "evDfs": 0,
      "evolutions": [
        {
          "dbSymbol": "bronzong",
          "form": 0,
          "conditions": [
            {
              "type": "minLevel",
              "value": 33
            }
          ]
        }
      ],
      "experienceType": 1,
      "baseExperience": 60,
      "baseLoyalty": 70,
      "catchRate": 255,
      "femaleRate": -1,
      "breedGroups": [
        10,
        10
      ],
      "hatchSteps": 5120,
      "babyDbSymbol": "bronzor",
      "babyForm": 0,
      "itemHeld": [
        {
          "dbSymbol": "none",
          "chance": 0
        },
        {
          "dbSymbol": "none",
          "chance": 0
        }
      ],
      "abilities": [
        "levitate",
        "heatproof",
        "heavy_metal"
      ],
      "frontOffsetY": 0,
      "moveSet": [
        {
          "klass": "LevelLearnableMove",
          "move": "tackle",
          "level": 1
        },
        {
          "klass": "LevelLearnableMove",
          "move": "confusion",
          "level": 1
        },
        {
          "klass": "LevelLearnableMove",
          "move": "hypnosis",
          "level": 5
        },
        {
          "klass": "LevelLearnableMove",
          "move": "imprison",
          "level": 9
        },
        {
          "klass": "LevelLearnableMove",
          "move": "confuse_ray",
          "level": 11
        },
        {
          "klass": "LevelLearnableMove",
          "move": "psywave",
          "level": 15
        },
        {
          "klass": "LevelLearnableMove",
          "move": "iron_defense",
          "level": 19
        },
        {
          "klass": "LevelLearnableMove",
          "move": "feint_attack",
          "level": 21
        },
        {
          "klass": "LevelLearnableMove",
          "move": "safeguard",
          "level": 25
        },
        {
          "klass": "LevelLearnableMove",
          "move": "future_sight",
          "level": 29
        },
        {
          "klass": "LevelLearnableMove",
          "move": "metal_sound",
          "level": 31
        },
        {
          "klass": "LevelLearnableMove",
          "move": "gyro_ball",
          "level": 35
        },
        {
          "klass": "LevelLearnableMove",
          "move": "extrasensory",
          "level": 39
        },
        {
          "klass": "LevelLearnableMove",
          "move": "payback",
          "level": 41
        },
        {
          "klass": "LevelLearnableMove",
          "move": "heal_block",
          "level": 45
        },
        {
          "klass": "LevelLearnableMove",
          "move": "heavy_slam",
          "level": 49
        },
        {
          "klass": "TutorLearnableMove",
          "move": "skill_swap"
        },
        {
          "klass": "TutorLearnableMove",
          "move": "gravity"
        },
        {
          "klass": "TutorLearnableMove",
          "move": "ally_switch"
        },
        {
          "klass": "TutorLearnableMove",
          "move": "telekinesis"
        },
        {
          "klass": "TutorLearnableMove",
          "move": "iron_defense"
        },
        {
          "klass": "TutorLearnableMove",
          "move": "stealth_rock"
        },
        {
          "klass": "TutorLearnableMove",
          "move": "signal_beam"
        },
        {
          "klass": "TutorLearnableMove",
          "move": "recycle"
        },
        {
          "klass": "TutorLearnableMove",
          "move": "snore"
        },
        {
          "klass": "TutorLearnableMove",
          "move": "trick"
        },
        {
          "klass": "TutorLearnableMove",
          "move": "wonder_room"
        },
        {
          "klass": "TechLearnableMove",
          "move": "psyshock"
        },
        {
          "klass": "TechLearnableMove",
          "move": "calm_mind"
        },
        {
          "klass": "TechLearnableMove",
          "move": "toxic"
        },
        {
          "klass": "TechLearnableMove",
          "move": "hidden_power"
        },
        {
          "klass": "TechLearnableMove",
          "move": "sunny_day"
        },
        {
          "klass": "TechLearnableMove",
          "move": "light_screen"
        },
        {
          "klass": "TechLearnableMove",
          "move": "protect"
        },
        {
          "klass": "TechLearnableMove",
          "move": "rain_dance"
        },
        {
          "klass": "TechLearnableMove",
          "move": "safeguard"
        },
        {
          "klass": "TechLearnableMove",
          "move": "frustration"
        },
        {
          "klass": "TechLearnableMove",
          "move": "solar_beam"
        },
        {
          "klass": "TechLearnableMove",
          "move": "earthquake"
        },
        {
          "klass": "TechLearnableMove",
          "move": "return"
        },
        {
          "klass": "TechLearnableMove",
          "move": "psychic"
        },
        {
          "klass": "TechLearnableMove",
          "move": "shadow_ball"
        },
        {
          "klass": "TechLearnableMove",
          "move": "double_team"
        },
        {
          "klass": "TechLearnableMove",
          "move": "reflect"
        },
        {
          "klass": "TechLearnableMove",
          "move": "sandstorm"
        },
        {
          "klass": "TechLearnableMove",
          "move": "rock_tomb"
        },
        {
          "klass": "TechLearnableMove",
          "move": "facade"
        },
        {
          "klass": "TechLearnableMove",
          "move": "rest"
        },
        {
          "klass": "TechLearnableMove",
          "move": "round"
        },
        {
          "klass": "TechLearnableMove",
          "move": "charge_beam"
        },
        {
          "klass": "TechLearnableMove",
          "move": "payback"
        },
        {
          "klass": "TechLearnableMove",
          "move": "rock_polish"
        },
        {
          "klass": "TechLearnableMove",
          "move": "gyro_ball"
        },
        {
          "klass": "TechLearnableMove",
          "move": "psych_up"
        },
        {
          "klass": "TechLearnableMove",
          "move": "bulldoze"
        },
        {
          "klass": "TechLearnableMove",
          "move": "rock_slide"
        },
        {
          "klass": "TechLearnableMove",
          "move": "dream_eater"
        },
        {
          "klass": "TechLearnableMove",
          "move": "grass_knot"
        },
        {
          "klass": "TechLearnableMove",
          "move": "swagger"
        },
        {
          "klass": "TechLearnableMove",
          "move": "sleep_talk"
        },
        {
          "klass": "TechLearnableMove",
          "move": "substitute"
        },
        {
          "klass": "TechLearnableMove",
          "move": "flash_cannon"
        },
        {
          "klass": "TechLearnableMove",
          "move": "trick_room"
        },
        {
          "klass": "TechLearnableMove",
          "move": "confide"
        },
        {
          "klass": "TechLearnableMove",
          "move": "secret_power"
        }
      ],
      "resources": {
        "icon": "436",
        "iconShiny": "",
        "front": "436",
        "frontShiny": "436",
        "back": "436",
        "backShiny": "436",
        "footprint": "436",
        "character": "436_0",
        "characterShiny": "436s_0",
        "cry": "436cry.ogg",
        "hasFemale": false
      }
    }
  ]
}