{
  "klass": "Specie",
  "id": 779,
  "dbSymbol": "bruxish",
  "forms": [
    {
      "form": 0,
      "height": 0.9,
      "weight": 19,
      "type1": "water",
      "type2": "psychic",
      "baseHp": 68,
      "baseAtk": 105,
      "baseDfe": 70,
      "baseSpd": 92,
      "baseAts": 70,
      "baseDfs": 70,
      "evHp": 0,
      "evAtk": 2,
      "evDfe": 0,
      "evSpd": 0,
      "evAts": 0,
      "evDfs": 0,
      "evolutions": [],
      "experienceType": 1,
      "baseExperience": 166,
      "baseLoyalty": 70,
      "catchRate": 80,
      "femaleRate": 50,
      "breedGroups": [
        12,
        12
      ],
      "hatchSteps": 3840,
      "babyDbSymbol": "bruxish",
      "babyForm": 0,
      "itemHeld": [
        {
          "dbSymbol": "none",
          "chance": 0
        },
        {
          "dbSymbol": "none",
          "chance": 0
        }
      ],
      "abilities": [
        "dazzling",
        "strong_jaw",
        "wonder_skin"
      ],
      "frontOffsetY": 0,
      "moveSet": [
        {
          "klass": "LevelLearnableMove",
          "move": "water_gun",
          "level": 1
        },
        {
          "klass": "LevelLearnableMove",
          "move": "astonish",
          "level": 4
        },
        {
          "klass": "LevelLearnableMove",
          "move": "confusion",
          "level": 9
        },
        {
          "klass": "LevelLearnableMove",
          "move": "bite",
          "level": 12
        },
        {
          "klass": "LevelLearnableMove",
          "move": "aqua_jet",
          "level": 17
        },
        {
          "klass": "LevelLearnableMove",
          "move": "disable",
          "level": 20
        },
        {
          "klass": "LevelLearnableMove",
          "move": "psywave",
          "level": 25
        },
        {
          "klass": "LevelLearnableMove",
          "move": "crunch",
          "level": 28
        },
        {
          "klass": "LevelLearnableMove",
          "move": "aqua_tail",
          "level": 33
        },
        {
          "klass": "LevelLearnableMove",
          "move": "screech",
          "level": 36
        },
        {
          "klass": "LevelLearnableMove",
          "move": "psychic_fangs",
          "level": 41
        },
        {
          "klass": "LevelLearnableMove",
          "move": "synchronoise",
          "level": 44
        },
        {
          "klass": "TutorLearnableMove",
          "move": "after_you"
        },
        {
          "klass": "TutorLearnableMove",
          "move": "liquidation"
        },
        {
          "klass": "TutorLearnableMove",
          "move": "pain_split"
        },
        {
          "klass": "TutorLearnableMove",
          "move": "uproar"
        },
        {
          "klass": "TutorLearnableMove",
          "move": "aqua_tail"
        },
        {
          "klass": "TutorLearnableMove",
          "move": "ally_switch"
        },
        {
          "klass": "TutorLearnableMove",
          "move": "telekinesis"
        },
        {
          "klass": "TutorLearnableMove",
          "move": "iron_tail"
        },
        {
          "klass": "TutorLearnableMove",
          "move": "signal_beam"
        },
        {
          "klass": "TutorLearnableMove",
          "move": "magic_coat"
        },
        {
          "klass": "TutorLearnableMove",
          "move": "snore"
        },
        {
          "klass": "TutorLearnableMove",
          "move": "snatch"
        },
        {
          "klass": "TutorLearnableMove",
          "move": "wonder_room"
        },
        {
          "klass": "TutorLearnableMove",
          "move": "water_pulse"
        },
        {
          "klass": "TutorLearnableMove",
          "move": "magic_room"
        },
        {
          "klass": "TechLearnableMove",
          "move": "calm_mind"
        },
        {
          "klass": "TechLearnableMove",
          "move": "toxic"
        },
        {
          "klass": "TechLearnableMove",
          "move": "bulk_up"
        },
        {
          "klass": "TechLearnableMove",
          "move": "venoshock"
        },
        {
          "klass": "TechLearnableMove",
          "move": "hidden_power"
        },
        {
          "klass": "TechLearnableMove",
          "move": "taunt"
        },
        {
          "klass": "TechLearnableMove",
          "move": "ice_beam"
        },
        {
          "klass": "TechLearnableMove",
          "move": "blizzard"
        },
        {
          "klass": "TechLearnableMove",
          "move": "light_screen"
        },
        {
          "klass": "TechLearnableMove",
          "move": "protect"
        },
        {
          "klass": "TechLearnableMove",
          "move": "rain_dance"
        },
        {
          "klass": "TechLearnableMove",
          "move": "safeguard"
        },
        {
          "klass": "TechLearnableMove",
          "move": "frustration"
        },
        {
          "klass": "TechLearnableMove",
          "move": "return"
        },
        {
          "klass": "TechLearnableMove",
          "move": "psychic"
        },
        {
          "klass": "TechLearnableMove",
          "move": "double_team"
        },
        {
          "klass": "TechLearnableMove",
          "move": "reflect"
        },
        {
          "klass": "TechLearnableMove",
          "move": "aerial_ace"
        },
        {
          "klass": "TechLearnableMove",
          "move": "torment"
        },
        {
          "klass": "TechLearnableMove",
          "move": "facade"
        },
        {
          "klass": "TechLearnableMove",
          "move": "rest"
        },
        {
          "klass": "TechLearnableMove",
          "move": "attract"
        },
        {
          "klass": "TechLearnableMove",
          "move": "round"
        },
        {
          "klass": "TechLearnableMove",
          "move": "scald"
        },
        {
          "klass": "TechLearnableMove",
          "move": "fling"
        },
        {
          "klass": "TechLearnableMove",
          "move": "embargo"
        },
        {
          "klass": "TechLearnableMove",
          "move": "payback"
        },
        {
          "klass": "TechLearnableMove",
          "move": "giga_impact"
        },
        {
          "klass": "TechLearnableMove",
          "move": "swords_dance"
        },
        {
          "klass": "TechLearnableMove",
          "move": "frost_breath"
        },
        {
          "klass": "TechLearnableMove",
          "move": "dream_eater"
        },
        {
          "klass": "TechLearnableMove",
          "move": "swagger"
        },
        {
          "klass": "TechLearnableMove",
          "move": "sleep_talk"
        },
        {
          "klass": "TechLearnableMove",
          "move": "substitute"
        },
        {
          "klass": "TechLearnableMove",
          "move": "trick_room"
        },
        {
          "klass": "TechLearnableMove",
          "move": "surf"
        },
        {
          "klass": "TechLearnableMove",
          "move": "waterfall"
        },
        {
          "klass": "TechLearnableMove",
          "move": "confide"
        },
        {
          "klass": "TechLearnableMove",
          "move": "secret_power"
        },
        {
          "klass": "BreedLearnableMove",
          "move": "ice_fang"
        },
        {
          "klass": "BreedLearnableMove",
          "move": "poison_fang"
        },
        {
          "klass": "BreedLearnableMove",
          "move": "rage"
        },
        {
          "klass": "BreedLearnableMove",
          "move": "water_pulse"
        }
      ],
      "resources": {
        "icon": "779",
        "iconShiny": "",
        "front": "779",
        "frontShiny": "779",
        "back": "779",
        "backShiny": "779",
        "footprint": "",
        "character": "779_0",
        "characterShiny": "779s_0",
        "cry": "779cry.ogg",
        "hasFemale": false
      }
    }
  ]
}