{
  "klass": "Specie",
  "id": 406,
  "dbSymbol": "budew",
  "forms": [
    {
      "form": 0,
      "height": 0.2,
      "weight": 1.2,
      "type1": "grass",
      "type2": "poison",
      "baseHp": 40,
      "baseAtk": 30,
      "baseDfe": 35,
      "baseSpd": 55,
      "baseAts": 50,
      "baseDfs": 70,
      "evHp": 0,
      "evAtk": 0,
      "evDfe": 0,
      "evSpd": 0,
      "evAts": 1,
      "evDfs": 0,
      "evolutions": [
        {
          "dbSymbol": "roselia",
          "form": 0,
          "conditions": [
            {
              "type": "minLoyalty",
              "value": 220
            },
            {
              "type": "dayNight",
              "value": 3
            }
          ]
        }
      ],
      "experienceType": 3,
      "baseExperience": 56,
      "baseLoyalty": 70,
      "catchRate": 255,
      "femaleRate": 50,
      "breedGroups": [
        15,
        15
      ],
      "hatchSteps": 5120,
      "babyDbSymbol": "__undef__",
      "babyForm": 0,
      "itemHeld": [
        {
          "dbSymbol": "none",
          "chance": 0
        },
        {
          "dbSymbol": "none",
          "chance": 0
        }
      ],
      "abilities": [
        "natural_cure",
        "poison_point",
        "leaf_guard"
      ],
      "frontOffsetY": 0,
      "moveSet": [
        {
          "klass": "LevelLearnableMove",
          "move": "absorb",
          "level": 1
        },
        {
          "klass": "LevelLearnableMove",
          "move": "growth",
          "level": 4
        },
        {
          "klass": "LevelLearnableMove",
          "move": "water_sport",
          "level": 7
        },
        {
          "klass": "LevelLearnableMove",
          "move": "stun_spore",
          "level": 10
        },
        {
          "klass": "LevelLearnableMove",
          "move": "mega_drain",
          "level": 13
        },
        {
          "klass": "LevelLearnableMove",
          "move": "worry_seed",
          "level": 16
        },
        {
          "klass": "TutorLearnableMove",
          "move": "seed_bomb"
        },
        {
          "klass": "TutorLearnableMove",
          "move": "giga_drain"
        },
        {
          "klass": "TutorLearnableMove",
          "move": "covet"
        },
        {
          "klass": "TutorLearnableMove",
          "move": "snore"
        },
        {
          "klass": "TutorLearnableMove",
          "move": "worry_seed"
        },
        {
          "klass": "TutorLearnableMove",
          "move": "synthesis"
        },
        {
          "klass": "TutorLearnableMove",
          "move": "uproar"
        },
        {
          "klass": "TechLearnableMove",
          "move": "toxic"
        },
        {
          "klass": "TechLearnableMove",
          "move": "venoshock"
        },
        {
          "klass": "TechLearnableMove",
          "move": "hidden_power"
        },
        {
          "klass": "TechLearnableMove",
          "move": "sunny_day"
        },
        {
          "klass": "TechLearnableMove",
          "move": "protect"
        },
        {
          "klass": "TechLearnableMove",
          "move": "rain_dance"
        },
        {
          "klass": "TechLearnableMove",
          "move": "frustration"
        },
        {
          "klass": "TechLearnableMove",
          "move": "solar_beam"
        },
        {
          "klass": "TechLearnableMove",
          "move": "return"
        },
        {
          "klass": "TechLearnableMove",
          "move": "shadow_ball"
        },
        {
          "klass": "TechLearnableMove",
          "move": "double_team"
        },
        {
          "klass": "TechLearnableMove",
          "move": "sludge_bomb"
        },
        {
          "klass": "TechLearnableMove",
          "move": "facade"
        },
        {
          "klass": "TechLearnableMove",
          "move": "rest"
        },
        {
          "klass": "TechLearnableMove",
          "move": "attract"
        },
        {
          "klass": "TechLearnableMove",
          "move": "round"
        },
        {
          "klass": "TechLearnableMove",
          "move": "energy_ball"
        },
        {
          "klass": "TechLearnableMove",
          "move": "swords_dance"
        },
        {
          "klass": "TechLearnableMove",
          "move": "psych_up"
        },
        {
          "klass": "TechLearnableMove",
          "move": "grass_knot"
        },
        {
          "klass": "TechLearnableMove",
          "move": "swagger"
        },
        {
          "klass": "TechLearnableMove",
          "move": "sleep_talk"
        },
        {
          "klass": "TechLearnableMove",
          "move": "substitute"
        },
        {
          "klass": "TechLearnableMove",
          "move": "nature_power"
        },
        {
          "klass": "TechLearnableMove",
          "move": "dazzling_gleam"
        },
        {
          "klass": "TechLearnableMove",
          "move": "confide"
        },
        {
          "klass": "TechLearnableMove",
          "move": "secret_power"
        },
        {
          "klass": "TechLearnableMove",
          "move": "cut"
        },
        {
          "klass": "BreedLearnableMove",
          "move": "cotton_spore"
        },
        {
          "klass": "BreedLearnableMove",
          "move": "extrasensory"
        },
        {
          "klass": "BreedLearnableMove",
          "move": "giga_drain"
        },
        {
          "klass": "BreedLearnableMove",
          "move": "grass_whistle"
        },
        {
          "klass": "BreedLearnableMove",
          "move": "leaf_storm"
        },
        {
          "klass": "BreedLearnableMove",
          "move": "mind_reader"
        },
        {
          "klass": "BreedLearnableMove",
          "move": "natural_gift"
        },
        {
          "klass": "BreedLearnableMove",
          "move": "pin_missile"
        },
        {
          "klass": "BreedLearnableMove",
          "move": "razor_leaf"
        },
        {
          "klass": "BreedLearnableMove",
          "move": "seed_bomb"
        },
        {
          "klass": "BreedLearnableMove",
          "move": "sleep_powder"
        },
        {
          "klass": "BreedLearnableMove",
          "move": "spikes"
        },
        {
          "klass": "BreedLearnableMove",
          "move": "synthesis"
        }
      ],
      "resources": {
        "icon": "406",
        "iconShiny": "",
        "front": "406",
        "frontShiny": "406",
        "back": "406",
        "backShiny": "406",
        "footprint": "406",
        "character": "406_0",
        "characterShiny": "406s_0",
        "cry": "406cry.ogg",
        "hasFemale": false
      }
    }
  ]
}