{
  "klass": "Specie",
  "id": 418,
  "dbSymbol": "buizel",
  "forms": [
    {
      "form": 0,
      "height": 0.7,
      "weight": 29.5,
      "type1": "water",
      "type2": "__undef__",
      "baseHp": 55,
      "baseAtk": 65,
      "baseDfe": 35,
      "baseSpd": 85,
      "baseAts": 60,
      "baseDfs": 30,
      "evHp": 0,
      "evAtk": 0,
      "evDfe": 0,
      "evSpd": 1,
      "evAts": 0,
      "evDfs": 0,
      "evolutions": [
        {
          "dbSymbol": "floatzel",
          "form": 0,
          "conditions": [
            {
              "type": "minLevel",
              "value": 26
            }
          ]
        }
      ],
      "experienceType": 2,
      "baseExperience": 66,
      "baseLoyalty": 70,
      "catchRate": 190,
      "femaleRate": 50,
      "breedGroups": [
        2,
        5
      ],
      "hatchSteps": 5120,
      "babyDbSymbol": "buizel",
      "babyForm": 0,
      "itemHeld": [
        {
          "dbSymbol": "none",
          "chance": 0
        },
        {
          "dbSymbol": "none",
          "chance": 0
        }
      ],
      "abilities": [
        "swift_swim",
        "swift_swim",
        "water_veil"
      ],
      "frontOffsetY": 0,
      "moveSet": [
        {
          "klass": "LevelLearnableMove",
          "move": "sonic_boom",
          "level": 1
        },
        {
          "klass": "LevelLearnableMove",
          "move": "growl",
          "level": 4
        },
        {
          "klass": "LevelLearnableMove",
          "move": "water_sport",
          "level": 7
        },
        {
          "klass": "LevelLearnableMove",
          "move": "quick_attack",
          "level": 11
        },
        {
          "klass": "LevelLearnableMove",
          "move": "water_gun",
          "level": 15
        },
        {
          "klass": "LevelLearnableMove",
          "move": "pursuit",
          "level": 18
        },
        {
          "klass": "LevelLearnableMove",
          "move": "swift",
          "level": 21
        },
        {
          "klass": "LevelLearnableMove",
          "move": "aqua_jet",
          "level": 24
        },
        {
          "klass": "LevelLearnableMove",
          "move": "double_hit",
          "level": 27
        },
        {
          "klass": "LevelLearnableMove",
          "move": "whirlpool",
          "level": 31
        },
        {
          "klass": "LevelLearnableMove",
          "move": "razor_wind",
          "level": 35
        },
        {
          "klass": "LevelLearnableMove",
          "move": "aqua_tail",
          "level": 38
        },
        {
          "klass": "LevelLearnableMove",
          "move": "agility",
          "level": 41
        },
        {
          "klass": "LevelLearnableMove",
          "move": "hydro_pump",
          "level": 45
        },
        {
          "klass": "TutorLearnableMove",
          "move": "helping_hand"
        },
        {
          "klass": "TutorLearnableMove",
          "move": "aqua_tail"
        },
        {
          "klass": "TutorLearnableMove",
          "move": "focus_punch"
        },
        {
          "klass": "TutorLearnableMove",
          "move": "ice_punch"
        },
        {
          "klass": "TutorLearnableMove",
          "move": "iron_tail"
        },
        {
          "klass": "TutorLearnableMove",
          "move": "snore"
        },
        {
          "klass": "TutorLearnableMove",
          "move": "water_pulse"
        },
        {
          "klass": "TutorLearnableMove",
          "move": "icy_wind"
        },
        {
          "klass": "TechLearnableMove",
          "move": "toxic"
        },
        {
          "klass": "TechLearnableMove",
          "move": "hail"
        },
        {
          "klass": "TechLearnableMove",
          "move": "bulk_up"
        },
        {
          "klass": "TechLearnableMove",
          "move": "hidden_power"
        },
        {
          "klass": "TechLearnableMove",
          "move": "ice_beam"
        },
        {
          "klass": "TechLearnableMove",
          "move": "blizzard"
        },
        {
          "klass": "TechLearnableMove",
          "move": "protect"
        },
        {
          "klass": "TechLearnableMove",
          "move": "rain_dance"
        },
        {
          "klass": "TechLearnableMove",
          "move": "frustration"
        },
        {
          "klass": "TechLearnableMove",
          "move": "return"
        },
        {
          "klass": "TechLearnableMove",
          "move": "brick_break"
        },
        {
          "klass": "TechLearnableMove",
          "move": "double_team"
        },
        {
          "klass": "TechLearnableMove",
          "move": "rock_tomb"
        },
        {
          "klass": "TechLearnableMove",
          "move": "facade"
        },
        {
          "klass": "TechLearnableMove",
          "move": "rest"
        },
        {
          "klass": "TechLearnableMove",
          "move": "attract"
        },
        {
          "klass": "TechLearnableMove",
          "move": "round"
        },
        {
          "klass": "TechLearnableMove",
          "move": "echoed_voice"
        },
        {
          "klass": "TechLearnableMove",
          "move": "scald"
        },
        {
          "klass": "TechLearnableMove",
          "move": "swagger"
        },
        {
          "klass": "TechLearnableMove",
          "move": "sleep_talk"
        },
        {
          "klass": "TechLearnableMove",
          "move": "substitute"
        },
        {
          "klass": "TechLearnableMove",
          "move": "surf"
        },
        {
          "klass": "TechLearnableMove",
          "move": "waterfall"
        },
        {
          "klass": "TechLearnableMove",
          "move": "confide"
        },
        {
          "klass": "TechLearnableMove",
          "move": "secret_power"
        },
        {
          "klass": "TechLearnableMove",
          "move": "power_up_punch"
        },
        {
          "klass": "TechLearnableMove",
          "move": "strength"
        },
        {
          "klass": "TechLearnableMove",
          "move": "rock_smash"
        },
        {
          "klass": "TechLearnableMove",
          "move": "whirlpool"
        },
        {
          "klass": "BreedLearnableMove",
          "move": "aqua_ring"
        },
        {
          "klass": "BreedLearnableMove",
          "move": "aqua_tail"
        },
        {
          "klass": "BreedLearnableMove",
          "move": "baton_pass"
        },
        {
          "klass": "BreedLearnableMove",
          "move": "double_slap"
        },
        {
          "klass": "BreedLearnableMove",
          "move": "fury_cutter"
        },
        {
          "klass": "BreedLearnableMove",
          "move": "fury_swipes"
        },
        {
          "klass": "BreedLearnableMove",
          "move": "headbutt"
        },
        {
          "klass": "BreedLearnableMove",
          "move": "helping_hand"
        },
        {
          "klass": "BreedLearnableMove",
          "move": "me_first"
        },
        {
          "klass": "BreedLearnableMove",
          "move": "mud_slap"
        },
        {
          "klass": "BreedLearnableMove",
          "move": "odor_sleuth"
        },
        {
          "klass": "BreedLearnableMove",
          "move": "slash"
        },
        {
          "klass": "BreedLearnableMove",
          "move": "soak"
        },
        {
          "klass": "BreedLearnableMove",
          "move": "switcheroo"
        },
        {
          "klass": "BreedLearnableMove",
          "move": "tail_slap"
        }
      ],
      "resources": {
        "icon": "418",
        "iconShiny": "",
        "front": "418",
        "frontShiny": "418",
        "back": "418",
        "backF": "418f",
        "backShiny": "418",
        "backShinyF": "418f",
        "footprint": "418",
        "character": "418_0",
        "characterShiny": "418s_0",
        "cry": "418cry.ogg",
        "hasFemale": true
      }
    }
  ]
}
