{
  "klass": "Specie",
  "id": 1,
  "dbSymbol": "bulbasaur",
  "forms": [
    {
      "form": 0,
      "height": 0.7,
      "weight": 6.9,
      "type1": "grass",
      "type2": "poison",
      "baseHp": 45,
      "baseAtk": 49,
      "baseDfe": 49,
      "baseSpd": 45,
      "baseAts": 65,
      "baseDfs": 65,
      "evHp": 0,
      "evAtk": 0,
      "evDfe": 0,
      "evSpd": 0,
      "evAts": 1,
      "evDfs": 0,
      "evolutions": [
        {
          "dbSymbol": "ivysaur",
          "form": 0,
          "conditions": [
            {
              "type": "minLevel",
              "value": 16
            }
          ]
        }
      ],
      "experienceType": 3,
      "baseExperience": 64,
      "baseLoyalty": 70,
      "catchRate": 45,
      "femaleRate": 12.5,
      "breedGroups": [
        1,
        7
      ],
      "hatchSteps": 5120,
      "babyDbSymbol": "bulbasaur",
      "babyForm": 0,
      "itemHeld": [
        {
          "dbSymbol": "none",
          "chance": 0
        },
        {
          "dbSymbol": "none",
          "chance": 0
        }
      ],
      "abilities": [
        "overgrow",
        "overgrow",
        "chlorophyll"
      ],
      "frontOffsetY": 0,
      "moveSet": [
        {
          "klass": "LevelLearnableMove",
          "move": "tackle",
          "level": 1
        },
        {
          "klass": "LevelLearnableMove",
          "move": "growl",
          "level": 3
        },
        {
          "klass": "LevelLearnableMove",
          "move": "leech_seed",
          "level": 7
        },
        {
          "klass": "LevelLearnableMove",
          "move": "vine_whip",
          "level": 9
        },
        {
          "klass": "LevelLearnableMove",
          "move": "poison_powder",
          "level": 13
        },
        {
          "klass": "LevelLearnableMove",
          "move": "sleep_powder",
          "level": 13
        },
        {
          "klass": "LevelLearnableMove",
          "move": "take_down",
          "level": 15
        },
        {
          "klass": "LevelLearnableMove",
          "move": "razor_leaf",
          "level": 19
        },
        {
          "klass": "LevelLearnableMove",
          "move": "sweet_scent",
          "level": 21
        },
        {
          "klass": "LevelLearnableMove",
          "move": "growth",
          "level": 25
        },
        {
          "klass": "LevelLearnableMove",
          "move": "double_edge",
          "level": 27
        },
        {
          "klass": "LevelLearnableMove",
          "move": "worry_seed",
          "level": 31
        },
        {
          "klass": "LevelLearnableMove",
          "move": "synthesis",
          "level": 33
        },
        {
          "klass": "LevelLearnableMove",
          "move": "seed_bomb",
          "level": 37
        },
        {
          "klass": "TutorLearnableMove",
          "move": "grass_pledge"
        },
        {
          "klass": "TutorLearnableMove",
          "move": "seed_bomb"
        },
        {
          "klass": "TutorLearnableMove",
          "move": "bind"
        },
        {
          "klass": "TutorLearnableMove",
          "move": "giga_drain"
        },
        {
          "klass": "TutorLearnableMove",
          "move": "snore"
        },
        {
          "klass": "TutorLearnableMove",
          "move": "knock_off"
        },
        {
          "klass": "TutorLearnableMove",
          "move": "worry_seed"
        },
        {
          "klass": "TutorLearnableMove",
          "move": "synthesis"
        },
        {
          "klass": "TechLearnableMove",
          "move": "work_up"
        },
        {
          "klass": "TechLearnableMove",
          "move": "toxic"
        },
        {
          "klass": "TechLearnableMove",
          "move": "venoshock"
        },
        {
          "klass": "TechLearnableMove",
          "move": "hidden_power"
        },
        {
          "klass": "TechLearnableMove",
          "move": "sunny_day"
        },
        {
          "klass": "TechLearnableMove",
          "move": "light_screen"
        },
        {
          "klass": "TechLearnableMove",
          "move": "protect"
        },
        {
          "klass": "TechLearnableMove",
          "move": "safeguard"
        },
        {
          "klass": "TechLearnableMove",
          "move": "frustration"
        },
        {
          "klass": "TechLearnableMove",
          "move": "solar_beam"
        },
        {
          "klass": "TechLearnableMove",
          "move": "return"
        },
        {
          "klass": "TechLearnableMove",
          "move": "double_team"
        },
        {
          "klass": "TechLearnableMove",
          "move": "sludge_bomb"
        },
        {
          "klass": "TechLearnableMove",
          "move": "facade"
        },
        {
          "klass": "TechLearnableMove",
          "move": "rest"
        },
        {
          "klass": "TechLearnableMove",
          "move": "attract"
        },
        {
          "klass": "TechLearnableMove",
          "move": "round"
        },
        {
          "klass": "TechLearnableMove",
          "move": "echoed_voice"
        },
        {
          "klass": "TechLearnableMove",
          "move": "energy_ball"
        },
        {
          "klass": "TechLearnableMove",
          "move": "swords_dance"
        },
        {
          "klass": "TechLearnableMove",
          "move": "grass_knot"
        },
        {
          "klass": "TechLearnableMove",
          "move": "swagger"
        },
        {
          "klass": "TechLearnableMove",
          "move": "sleep_talk"
        },
        {
          "klass": "TechLearnableMove",
          "move": "substitute"
        },
        {
          "klass": "TechLearnableMove",
          "move": "nature_power"
        },
        {
          "klass": "TechLearnableMove",
          "move": "confide"
        },
        {
          "klass": "TechLearnableMove",
          "move": "secret_power"
        },
        {
          "klass": "TechLearnableMove",
          "move": "cut"
        },
        {
          "klass": "TechLearnableMove",
          "move": "strength"
        },
        {
          "klass": "TechLearnableMove",
          "move": "rock_smash"
        },
        {
          "klass": "BreedLearnableMove",
          "move": "amnesia"
        },
        {
          "klass": "BreedLearnableMove",
          "move": "charm"
        },
        {
          "klass": "BreedLearnableMove",
          "move": "grassy_terrain"
        },
        {
          "klass": "BreedLearnableMove",
          "move": "skull_bash"
        },
        {
          "klass": "BreedLearnableMove",
          "move": "petal_dance"
        },
        {
          "klass": "BreedLearnableMove",
          "move": "sludge"
        },
        {
          "klass": "BreedLearnableMove",
          "move": "magical_leaf"
        },
        {
          "klass": "BreedLearnableMove",
          "move": "nature_power"
        },
        {
          "klass": "BreedLearnableMove",
          "move": "giga_drain"
        },
        {
          "klass": "BreedLearnableMove",
          "move": "curse"
        },
        {
          "klass": "BreedLearnableMove",
          "move": "power_whip"
        },
        {
          "klass": "BreedLearnableMove",
          "move": "ingrain"
        },
        {
          "klass": "BreedLearnableMove",
          "move": "grass_whistle"
        },
        {
          "klass": "BreedLearnableMove",
          "move": "leaf_storm"
        },
        {
          "klass": "BreedLearnableMove",
          "move": "endure"
        }
      ],
      "resources": {
        "icon": "001",
        "iconShiny": "",
        "front": "001",
        "frontShiny": "001",
        "back": "001",
        "backShiny": "001",
        "footprint": "001",
        "character": "001_0",
        "characterShiny": "001s_0",
        "cry": "001cry.ogg",
        "hasFemale": false
      }
    }
  ]
}