{
  "klass": "Specie",
  "id": 659,
  "dbSymbol": "bunnelby",
  "forms": [
    {
      "form": 0,
      "height": 0.4,
      "weight": 5,
      "type1": "normal",
      "type2": "__undef__",
      "baseHp": 38,
      "baseAtk": 36,
      "baseDfe": 38,
      "baseSpd": 57,
      "baseAts": 32,
      "baseDfs": 36,
      "evHp": 0,
      "evAtk": 0,
      "evDfe": 0,
      "evSpd": 1,
      "evAts": 0,
      "evDfs": 0,
      "evolutions": [
        {
          "dbSymbol": "diggersby",
          "form": 0,
          "conditions": [
            {
              "type": "minLevel",
              "value": 20
            }
          ]
        }
      ],
      "experienceType": 1,
      "baseExperience": 47,
      "baseLoyalty": 70,
      "catchRate": 255,
      "femaleRate": 50,
      "breedGroups": [
        5,
        0
      ],
      "hatchSteps": 3840,
      "babyDbSymbol": "bunnelby",
      "babyForm": 0,
      "itemHeld": [
        {
          "dbSymbol": "none",
          "chance": 0
        },
        {
          "dbSymbol": "none",
          "chance": 0
        }
      ],
      "abilities": [
        "pickup",
        "cheek_pouch",
        "huge_power"
      ],
      "frontOffsetY": 0,
      "moveSet": [
        {
          "klass": "LevelLearnableMove",
          "move": "tackle",
          "level": 1
        },
        {
          "klass": "LevelLearnableMove",
          "move": "leer",
          "level": 1
        },
        {
          "klass": "LevelLearnableMove",
          "move": "agility",
          "level": 1
        },
        {
          "klass": "LevelLearnableMove",
          "move": "quick_attack",
          "level": 7
        },
        {
          "klass": "LevelLearnableMove",
          "move": "double_slap",
          "level": 10
        },
        {
          "klass": "LevelLearnableMove",
          "move": "mud_slap",
          "level": 13
        },
        {
          "klass": "LevelLearnableMove",
          "move": "take_down",
          "level": 15
        },
        {
          "klass": "LevelLearnableMove",
          "move": "mud_shot",
          "level": 18
        },
        {
          "klass": "LevelLearnableMove",
          "move": "double_kick",
          "level": 20
        },
        {
          "klass": "LevelLearnableMove",
          "move": "odor_sleuth",
          "level": 25
        },
        {
          "klass": "LevelLearnableMove",
          "move": "flail",
          "level": 29
        },
        {
          "klass": "LevelLearnableMove",
          "move": "dig",
          "level": 33
        },
        {
          "klass": "LevelLearnableMove",
          "move": "bounce",
          "level": 38
        },
        {
          "klass": "LevelLearnableMove",
          "move": "super_fang",
          "level": 42
        },
        {
          "klass": "LevelLearnableMove",
          "move": "facade",
          "level": 47
        },
        {
          "klass": "LevelLearnableMove",
          "move": "earthquake",
          "level": 49
        },
        {
          "klass": "TutorLearnableMove",
          "move": "super_fang"
        },
        {
          "klass": "TutorLearnableMove",
          "move": "last_resort"
        },
        {
          "klass": "TutorLearnableMove",
          "move": "endeavor"
        },
        {
          "klass": "TutorLearnableMove",
          "move": "iron_tail"
        },
        {
          "klass": "TutorLearnableMove",
          "move": "bounce"
        },
        {
          "klass": "TutorLearnableMove",
          "move": "recycle"
        },
        {
          "klass": "TutorLearnableMove",
          "move": "snore"
        },
        {
          "klass": "TutorLearnableMove",
          "move": "iron_head"
        },
        {
          "klass": "TechLearnableMove",
          "move": "work_up"
        },
        {
          "klass": "TechLearnableMove",
          "move": "toxic"
        },
        {
          "klass": "TechLearnableMove",
          "move": "bulk_up"
        },
        {
          "klass": "TechLearnableMove",
          "move": "hidden_power"
        },
        {
          "klass": "TechLearnableMove",
          "move": "protect"
        },
        {
          "klass": "TechLearnableMove",
          "move": "frustration"
        },
        {
          "klass": "TechLearnableMove",
          "move": "smack_down"
        },
        {
          "klass": "TechLearnableMove",
          "move": "earthquake"
        },
        {
          "klass": "TechLearnableMove",
          "move": "return"
        },
        {
          "klass": "TechLearnableMove",
          "move": "brick_break"
        },
        {
          "klass": "TechLearnableMove",
          "move": "double_team"
        },
        {
          "klass": "TechLearnableMove",
          "move": "sludge_bomb"
        },
        {
          "klass": "TechLearnableMove",
          "move": "sandstorm"
        },
        {
          "klass": "TechLearnableMove",
          "move": "rock_tomb"
        },
        {
          "klass": "TechLearnableMove",
          "move": "torment"
        },
        {
          "klass": "TechLearnableMove",
          "move": "facade"
        },
        {
          "klass": "TechLearnableMove",
          "move": "rest"
        },
        {
          "klass": "TechLearnableMove",
          "move": "attract"
        },
        {
          "klass": "TechLearnableMove",
          "move": "thief"
        },
        {
          "klass": "TechLearnableMove",
          "move": "round"
        },
        {
          "klass": "TechLearnableMove",
          "move": "fling"
        },
        {
          "klass": "TechLearnableMove",
          "move": "payback"
        },
        {
          "klass": "TechLearnableMove",
          "move": "stone_edge"
        },
        {
          "klass": "TechLearnableMove",
          "move": "bulldoze"
        },
        {
          "klass": "TechLearnableMove",
          "move": "rock_slide"
        },
        {
          "klass": "TechLearnableMove",
          "move": "grass_knot"
        },
        {
          "klass": "TechLearnableMove",
          "move": "swagger"
        },
        {
          "klass": "TechLearnableMove",
          "move": "sleep_talk"
        },
        {
          "klass": "TechLearnableMove",
          "move": "u_turn"
        },
        {
          "klass": "TechLearnableMove",
          "move": "substitute"
        },
        {
          "klass": "TechLearnableMove",
          "move": "wild_charge"
        },
        {
          "klass": "TechLearnableMove",
          "move": "surf"
        },
        {
          "klass": "TechLearnableMove",
          "move": "nature_power"
        },
        {
          "klass": "TechLearnableMove",
          "move": "confide"
        },
        {
          "klass": "TechLearnableMove",
          "move": "secret_power"
        },
        {
          "klass": "TechLearnableMove",
          "move": "power_up_punch"
        },
        {
          "klass": "TechLearnableMove",
          "move": "cut"
        },
        {
          "klass": "TechLearnableMove",
          "move": "strength"
        },
        {
          "klass": "TechLearnableMove",
          "move": "rock_smash"
        },
        {
          "klass": "BreedLearnableMove",
          "move": "defense_curl"
        },
        {
          "klass": "BreedLearnableMove",
          "move": "rollout"
        },
        {
          "klass": "BreedLearnableMove",
          "move": "spikes"
        }
      ],
      "resources": {
        "icon": "659",
        "iconShiny": "",
        "front": "659",
        "frontShiny": "659",
        "back": "659",
        "backShiny": "659",
        "footprint": "",
        "character": "659_0",
        "characterShiny": "659s_0",
        "cry": "659cry.ogg",
        "hasFemale": false
      }
    }
  ]
}