{
  "klass": "Specie",
  "id": 794,
  "dbSymbol": "buzzwole",
  "forms": [
    {
      "form": 0,
      "height": 2.4,
      "weight": 333.6,
      "type1": "bug",
      "type2": "fighting",
      "baseHp": 107,
      "baseAtk": 139,
      "baseDfe": 139,
      "baseSpd": 79,
      "baseAts": 53,
      "baseDfs": 53,
      "evHp": 0,
      "evAtk": 1,
      "evDfe": 2,
      "evSpd": 0,
      "evAts": 0,
      "evDfs": 0,
      "evolutions": [],
      "experienceType": 2,
      "baseExperience": 257,
      "baseLoyalty": 0,
      "catchRate": 45,
      "femaleRate": -1,
      "breedGroups": [
        15,
        15
      ],
      "hatchSteps": 30720,
      "babyDbSymbol": "__undef__",
      "babyForm": 0,
      "itemHeld": [
        {
          "dbSymbol": "none",
          "chance": 0
        },
        {
          "dbSymbol": "none",
          "chance": 0
        }
      ],
      "abilities": [
        "beast_boost",
        "beast_boost",
        "beast_boost"
      ],
      "frontOffsetY": 0,
      "resources": {
        "icon": "794",
        "iconShiny": "",
        "front": "794",
        "frontShiny": "794",
        "back": "794",
        "backShiny": "794",
        "footprint": "",
        "character": "794_0",
        "characterShiny": "794s_0",
        "cry": "794cry.ogg",
        "hasFemale": false
      },
      "moveSet": [
        {
          "klass": "LevelLearnableMove",
          "move": "fell_stinger",
          "level": 1
        },
        {
          "klass": "LevelLearnableMove",
          "move": "thunder_punch",
          "level": 1
        },
        {
          "klass": "LevelLearnableMove",
          "move": "ice_punch",
          "level": 1
        },
        {
          "klass": "LevelLearnableMove",
          "move": "reversal",
          "level": 1
        },
        {
          "klass": "LevelLearnableMove",
          "move": "power_up_punch",
          "level": 1
        },
        {
          "klass": "LevelLearnableMove",
          "move": "harden",
          "level": 1
        },
        {
          "klass": "LevelLearnableMove",
          "move": "focus_energy",
          "level": 1
        },
        {
          "klass": "LevelLearnableMove",
          "move": "comet_punch",
          "level": 7
        },
        {
          "klass": "LevelLearnableMove",
          "move": "bulk_up",
          "level": 13
        },
        {
          "klass": "LevelLearnableMove",
          "move": "vital_throw",
          "level": 19
        },
        {
          "klass": "LevelLearnableMove",
          "move": "endure",
          "level": 29
        },
        {
          "klass": "LevelLearnableMove",
          "move": "leech_life",
          "level": 29
        },
        {
          "klass": "LevelLearnableMove",
          "move": "taunt",
          "level": 31
        },
        {
          "klass": "LevelLearnableMove",
          "move": "mega_punch",
          "level": 37
        },
        {
          "klass": "LevelLearnableMove",
          "move": "counter",
          "level": 43
        },
        {
          "klass": "LevelLearnableMove",
          "move": "hammer_arm",
          "level": 47
        },
        {
          "klass": "LevelLearnableMove",
          "move": "lunge",
          "level": 53
        },
        {
          "klass": "LevelLearnableMove",
          "move": "dynamic_punch",
          "level": 59
        },
        {
          "klass": "LevelLearnableMove",
          "move": "superpower",
          "level": 67
        },
        {
          "klass": "LevelLearnableMove",
          "move": "focus_punch",
          "level": 73
        },
        {
          "klass": "TutorLearnableMove",
          "move": "outrage"
        },
        {
          "klass": "TutorLearnableMove",
          "move": "dual_chop"
        },
        {
          "klass": "TutorLearnableMove",
          "move": "endeavor"
        },
        {
          "klass": "TutorLearnableMove",
          "move": "focus_punch"
        },
        {
          "klass": "TutorLearnableMove",
          "move": "bug_bite"
        },
        {
          "klass": "TutorLearnableMove",
          "move": "ice_punch"
        },
        {
          "klass": "TutorLearnableMove",
          "move": "bounce"
        },
        {
          "klass": "TutorLearnableMove",
          "move": "snore"
        },
        {
          "klass": "TutorLearnableMove",
          "move": "superpower"
        },
        {
          "klass": "TutorLearnableMove",
          "move": "iron_head"
        },
        {
          "klass": "TutorLearnableMove",
          "move": "thunder_punch"
        },
        {
          "klass": "TutorLearnableMove",
          "move": "stomping_tantrum"
        },
        {
          "klass": "TutorLearnableMove",
          "move": "drain_punch"
        },
        {
          "klass": "TechLearnableMove",
          "move": "work_up"
        },
        {
          "klass": "TechLearnableMove",
          "move": "toxic"
        },
        {
          "klass": "TechLearnableMove",
          "move": "bulk_up"
        },
        {
          "klass": "TechLearnableMove",
          "move": "hidden_power"
        },
        {
          "klass": "TechLearnableMove",
          "move": "taunt"
        },
        {
          "klass": "TechLearnableMove",
          "move": "protect"
        },
        {
          "klass": "TechLearnableMove",
          "move": "roost"
        },
        {
          "klass": "TechLearnableMove",
          "move": "frustration"
        },
        {
          "klass": "TechLearnableMove",
          "move": "smack_down"
        },
        {
          "klass": "TechLearnableMove",
          "move": "earthquake"
        },
        {
          "klass": "TechLearnableMove",
          "move": "return"
        },
        {
          "klass": "TechLearnableMove",
          "move": "leech_life"
        },
        {
          "klass": "TechLearnableMove",
          "move": "brick_break"
        },
        {
          "klass": "TechLearnableMove",
          "move": "double_team"
        },
        {
          "klass": "TechLearnableMove",
          "move": "rock_tomb"
        },
        {
          "klass": "TechLearnableMove",
          "move": "facade"
        },
        {
          "klass": "TechLearnableMove",
          "move": "rest"
        },
        {
          "klass": "TechLearnableMove",
          "move": "low_sweep"
        },
        {
          "klass": "TechLearnableMove",
          "move": "round"
        },
        {
          "klass": "TechLearnableMove",
          "move": "false_swipe"
        },
        {
          "klass": "TechLearnableMove",
          "move": "fling"
        },
        {
          "klass": "TechLearnableMove",
          "move": "payback"
        },
        {
          "klass": "TechLearnableMove",
          "move": "giga_impact"
        },
        {
          "klass": "TechLearnableMove",
          "move": "stone_edge"
        },
        {
          "klass": "TechLearnableMove",
          "move": "gyro_ball"
        },
        {
          "klass": "TechLearnableMove",
          "move": "bulldoze"
        },
        {
          "klass": "TechLearnableMove",
          "move": "rock_slide"
        },
        {
          "klass": "TechLearnableMove",
          "move": "poison_jab"
        },
        {
          "klass": "TechLearnableMove",
          "move": "swagger"
        },
        {
          "klass": "TechLearnableMove",
          "move": "sleep_talk"
        },
        {
          "klass": "TechLearnableMove",
          "move": "substitute"
        },
        {
          "klass": "TechLearnableMove",
          "move": "confide"
        },
        {
          "klass": "TechLearnableMove",
          "move": "struggle_bug"
        },
        {
          "klass": "TechLearnableMove",
          "move": "secret_power"
        },
        {
          "klass": "TechLearnableMove",
          "move": "power_up_punch"
        },
        {
          "klass": "TechLearnableMove",
          "move": "cut"
        },
        {
          "klass": "TechLearnableMove",
          "move": "strength"
        },
        {
          "klass": "TechLearnableMove",
          "move": "rock_smash"
        }
      ]
    }
  ]
}