{
  "klass": "Specie",
  "id": 565,
  "dbSymbol": "carracosta",
  "forms": [
    {
      "form": 0,
      "height": 1.2,
      "weight": 81,
      "type1": "water",
      "type2": "rock",
      "baseHp": 74,
      "baseAtk": 108,
      "baseDfe": 133,
      "baseSpd": 32,
      "baseAts": 83,
      "baseDfs": 65,
      "evHp": 0,
      "evAtk": 0,
      "evDfe": 2,
      "evSpd": 0,
      "evAts": 0,
      "evDfs": 0,
      "evolutions": [],
      "experienceType": 1,
      "baseExperience": 173,
      "baseLoyalty": 70,
      "catchRate": 45,
      "femaleRate": 12.5,
      "breedGroups": [
        2,
        9
      ],
      "hatchSteps": 7680,
      "babyDbSymbol": "tirtouga",
      "babyForm": 0,
      "itemHeld": [
        {
          "dbSymbol": "none",
          "chance": 0
        },
        {
          "dbSymbol": "none",
          "chance": 0
        }
      ],
      "abilities": [
        "solid_rock",
        "sturdy",
        "swift_swim"
      ],
      "frontOffsetY": 0,
      "moveSet": [
        {
          "klass": "LevelLearnableMove",
          "move": "bide",
          "level": 1
        },
        {
          "klass": "LevelLearnableMove",
          "move": "water_gun",
          "level": 1
        },
        {
          "klass": "LevelLearnableMove",
          "move": "withdraw",
          "level": 1
        },
        {
          "klass": "LevelLearnableMove",
          "move": "rollout",
          "level": 1
        },
        {
          "klass": "LevelLearnableMove",
          "move": "rollout",
          "level": 5
        },
        {
          "klass": "LevelLearnableMove",
          "move": "bite",
          "level": 8
        },
        {
          "klass": "LevelLearnableMove",
          "move": "protect",
          "level": 11
        },
        {
          "klass": "LevelLearnableMove",
          "move": "aqua_jet",
          "level": 15
        },
        {
          "klass": "LevelLearnableMove",
          "move": "ancient_power",
          "level": 18
        },
        {
          "klass": "LevelLearnableMove",
          "move": "crunch",
          "level": 21
        },
        {
          "klass": "LevelLearnableMove",
          "move": "wide_guard",
          "level": 25
        },
        {
          "klass": "LevelLearnableMove",
          "move": "brine",
          "level": 28
        },
        {
          "klass": "LevelLearnableMove",
          "move": "smack_down",
          "level": 31
        },
        {
          "klass": "LevelLearnableMove",
          "move": "curse",
          "level": 35
        },
        {
          "klass": "LevelLearnableMove",
          "move": "shell_smash",
          "level": 40
        },
        {
          "klass": "LevelLearnableMove",
          "move": "aqua_tail",
          "level": 45
        },
        {
          "klass": "LevelLearnableMove",
          "move": "rock_slide",
          "level": 51
        },
        {
          "klass": "LevelLearnableMove",
          "move": "rain_dance",
          "level": 56
        },
        {
          "klass": "LevelLearnableMove",
          "move": "hydro_pump",
          "level": 61
        },
        {
          "klass": "TutorLearnableMove",
          "move": "liquidation"
        },
        {
          "klass": "TutorLearnableMove",
          "move": "block"
        },
        {
          "klass": "TutorLearnableMove",
          "move": "aqua_tail"
        },
        {
          "klass": "TutorLearnableMove",
          "move": "iron_defense"
        },
        {
          "klass": "TutorLearnableMove",
          "move": "stealth_rock"
        },
        {
          "klass": "TutorLearnableMove",
          "move": "zen_headbutt"
        },
        {
          "klass": "TutorLearnableMove",
          "move": "iron_tail"
        },
        {
          "klass": "TutorLearnableMove",
          "move": "snore"
        },
        {
          "klass": "TutorLearnableMove",
          "move": "knock_off"
        },
        {
          "klass": "TutorLearnableMove",
          "move": "superpower"
        },
        {
          "klass": "TutorLearnableMove",
          "move": "earth_power"
        },
        {
          "klass": "TutorLearnableMove",
          "move": "iron_head"
        },
        {
          "klass": "TutorLearnableMove",
          "move": "low_kick"
        },
        {
          "klass": "TutorLearnableMove",
          "move": "icy_wind"
        },
        {
          "klass": "TutorLearnableMove",
          "move": "water_pulse"
        },
        {
          "klass": "TechLearnableMove",
          "move": "toxic"
        },
        {
          "klass": "TechLearnableMove",
          "move": "hidden_power"
        },
        {
          "klass": "TechLearnableMove",
          "move": "ice_beam"
        },
        {
          "klass": "TechLearnableMove",
          "move": "blizzard"
        },
        {
          "klass": "TechLearnableMove",
          "move": "hyper_beam"
        },
        {
          "klass": "TechLearnableMove",
          "move": "protect"
        },
        {
          "klass": "TechLearnableMove",
          "move": "rain_dance"
        },
        {
          "klass": "TechLearnableMove",
          "move": "frustration"
        },
        {
          "klass": "TechLearnableMove",
          "move": "smack_down"
        },
        {
          "klass": "TechLearnableMove",
          "move": "earthquake"
        },
        {
          "klass": "TechLearnableMove",
          "move": "return"
        },
        {
          "klass": "TechLearnableMove",
          "move": "double_team"
        },
        {
          "klass": "TechLearnableMove",
          "move": "sandstorm"
        },
        {
          "klass": "TechLearnableMove",
          "move": "rock_tomb"
        },
        {
          "klass": "TechLearnableMove",
          "move": "facade"
        },
        {
          "klass": "TechLearnableMove",
          "move": "rest"
        },
        {
          "klass": "TechLearnableMove",
          "move": "attract"
        },
        {
          "klass": "TechLearnableMove",
          "move": "round"
        },
        {
          "klass": "TechLearnableMove",
          "move": "focus_blast"
        },
        {
          "klass": "TechLearnableMove",
          "move": "scald"
        },
        {
          "klass": "TechLearnableMove",
          "move": "giga_impact"
        },
        {
          "klass": "TechLearnableMove",
          "move": "rock_polish"
        },
        {
          "klass": "TechLearnableMove",
          "move": "stone_edge"
        },
        {
          "klass": "TechLearnableMove",
          "move": "bulldoze"
        },
        {
          "klass": "TechLearnableMove",
          "move": "rock_slide"
        },
        {
          "klass": "TechLearnableMove",
          "move": "swagger"
        },
        {
          "klass": "TechLearnableMove",
          "move": "sleep_talk"
        },
        {
          "klass": "TechLearnableMove",
          "move": "substitute"
        },
        {
          "klass": "TechLearnableMove",
          "move": "surf"
        },
        {
          "klass": "TechLearnableMove",
          "move": "waterfall"
        },
        {
          "klass": "TechLearnableMove",
          "move": "confide"
        },
        {
          "klass": "TechLearnableMove",
          "move": "secret_power"
        },
        {
          "klass": "TechLearnableMove",
          "move": "strength"
        },
        {
          "klass": "TechLearnableMove",
          "move": "rock_smash"
        },
        {
          "klass": "TechLearnableMove",
          "move": "whirlpool"
        }
      ],
      "resources": {
        "icon": "565",
        "iconShiny": "",
        "front": "565",
        "frontShiny": "565",
        "back": "565",
        "backShiny": "565",
        "footprint": "565",
        "character": "565_0",
        "characterShiny": "565s_0",
        "cry": "565cry.ogg",
        "hasFemale": false
      }
    }
  ]
}
