{
  "klass": "Specie",
  "id": 318,
  "dbSymbol": "carvanha",
  "forms": [
    {
      "form": 0,
      "height": 0.8,
      "weight": 20.8,
      "type1": "water",
      "type2": "dark",
      "baseHp": 45,
      "baseAtk": 90,
      "baseDfe": 20,
      "baseSpd": 65,
      "baseAts": 65,
      "baseDfs": 20,
      "evHp": 0,
      "evAtk": 1,
      "evDfe": 0,
      "evSpd": 0,
      "evAts": 0,
      "evDfs": 0,
      "evolutions": [
        {
          "dbSymbol": "sharpedo",
          "form": 0,
          "conditions": [
            {
              "type": "minLevel",
              "value": 30
            }
          ]
        }
      ],
      "experienceType": 2,
      "baseExperience": 61,
      "baseLoyalty": 35,
      "catchRate": 225,
      "femaleRate": 50,
      "breedGroups": [
        12,
        12
      ],
      "hatchSteps": 5120,
      "babyDbSymbol": "carvanha",
      "babyForm": 0,
      "itemHeld": [
        {
          "dbSymbol": "deep_sea_tooth",
          "chance": 5
        },
        {
          "dbSymbol": "none",
          "chance": 0
        }
      ],
      "abilities": [
        "rough_skin",
        "rough_skin",
        "speed_boost"
      ],
      "frontOffsetY": 0,
      "moveSet": [
        {
          "klass": "LevelLearnableMove",
          "move": "leer",
          "level": 1
        },
        {
          "klass": "LevelLearnableMove",
          "move": "bite",
          "level": 1
        },
        {
          "klass": "LevelLearnableMove",
          "move": "rage",
          "level": 4
        },
        {
          "klass": "LevelLearnableMove",
          "move": "focus_energy",
          "level": 8
        },
        {
          "klass": "LevelLearnableMove",
          "move": "aqua_jet",
          "level": 11
        },
        {
          "klass": "LevelLearnableMove",
          "move": "assurance",
          "level": 15
        },
        {
          "klass": "LevelLearnableMove",
          "move": "screech",
          "level": 18
        },
        {
          "klass": "LevelLearnableMove",
          "move": "swagger",
          "level": 22
        },
        {
          "klass": "LevelLearnableMove",
          "move": "ice_fang",
          "level": 25
        },
        {
          "klass": "LevelLearnableMove",
          "move": "scary_face",
          "level": 29
        },
        {
          "klass": "LevelLearnableMove",
          "move": "poison_fang",
          "level": 32
        },
        {
          "klass": "LevelLearnableMove",
          "move": "crunch",
          "level": 36
        },
        {
          "klass": "LevelLearnableMove",
          "move": "agility",
          "level": 39
        },
        {
          "klass": "LevelLearnableMove",
          "move": "take_down",
          "level": 43
        },
        {
          "klass": "TutorLearnableMove",
          "move": "uproar"
        },
        {
          "klass": "TutorLearnableMove",
          "move": "super_fang"
        },
        {
          "klass": "TutorLearnableMove",
          "move": "spite"
        },
        {
          "klass": "TutorLearnableMove",
          "move": "bounce"
        },
        {
          "klass": "TutorLearnableMove",
          "move": "snore"
        },
        {
          "klass": "TutorLearnableMove",
          "move": "zen_headbutt"
        },
        {
          "klass": "TutorLearnableMove",
          "move": "icy_wind"
        },
        {
          "klass": "TutorLearnableMove",
          "move": "water_pulse"
        },
        {
          "klass": "TechLearnableMove",
          "move": "toxic"
        },
        {
          "klass": "TechLearnableMove",
          "move": "hail"
        },
        {
          "klass": "TechLearnableMove",
          "move": "hidden_power"
        },
        {
          "klass": "TechLearnableMove",
          "move": "taunt"
        },
        {
          "klass": "TechLearnableMove",
          "move": "ice_beam"
        },
        {
          "klass": "TechLearnableMove",
          "move": "blizzard"
        },
        {
          "klass": "TechLearnableMove",
          "move": "protect"
        },
        {
          "klass": "TechLearnableMove",
          "move": "rain_dance"
        },
        {
          "klass": "TechLearnableMove",
          "move": "frustration"
        },
        {
          "klass": "TechLearnableMove",
          "move": "return"
        },
        {
          "klass": "TechLearnableMove",
          "move": "double_team"
        },
        {
          "klass": "TechLearnableMove",
          "move": "torment"
        },
        {
          "klass": "TechLearnableMove",
          "move": "facade"
        },
        {
          "klass": "TechLearnableMove",
          "move": "rest"
        },
        {
          "klass": "TechLearnableMove",
          "move": "attract"
        },
        {
          "klass": "TechLearnableMove",
          "move": "thief"
        },
        {
          "klass": "TechLearnableMove",
          "move": "round"
        },
        {
          "klass": "TechLearnableMove",
          "move": "scald"
        },
        {
          "klass": "TechLearnableMove",
          "move": "payback"
        },
        {
          "klass": "TechLearnableMove",
          "move": "swagger"
        },
        {
          "klass": "TechLearnableMove",
          "move": "sleep_talk"
        },
        {
          "klass": "TechLearnableMove",
          "move": "substitute"
        },
        {
          "klass": "TechLearnableMove",
          "move": "surf"
        },
        {
          "klass": "TechLearnableMove",
          "move": "snarl"
        },
        {
          "klass": "TechLearnableMove",
          "move": "dark_pulse"
        },
        {
          "klass": "TechLearnableMove",
          "move": "waterfall"
        },
        {
          "klass": "TechLearnableMove",
          "move": "confide"
        },
        {
          "klass": "TechLearnableMove",
          "move": "secret_power"
        },
        {
          "klass": "TechLearnableMove",
          "move": "whirlpool"
        },
        {
          "klass": "BreedLearnableMove",
          "move": "ancient_power"
        },
        {
          "klass": "BreedLearnableMove",
          "move": "brine"
        },
        {
          "klass": "BreedLearnableMove",
          "move": "destiny_bond"
        },
        {
          "klass": "BreedLearnableMove",
          "move": "double_edge"
        },
        {
          "klass": "BreedLearnableMove",
          "move": "hydro_pump"
        },
        {
          "klass": "BreedLearnableMove",
          "move": "psychic_fangs"
        },
        {
          "klass": "BreedLearnableMove",
          "move": "swift"
        },
        {
          "klass": "BreedLearnableMove",
          "move": "thrash"
        }
      ],
      "resources": {
        "icon": "318",
        "iconShiny": "",
        "front": "318",
        "frontShiny": "318",
        "back": "318",
        "backShiny": "318",
        "footprint": "318",
        "character": "318_0",
        "characterShiny": "318s_0",
        "cry": "318cry.ogg",
        "hasFemale": false
      }
    }
  ]
}
