{
  "klass": "Specie",
  "id": 113,
  "dbSymbol": "chansey",
  "forms": [
    {
      "form": 0,
      "height": 1.1,
      "weight": 34.6,
      "type1": "normal",
      "type2": "__undef__",
      "baseHp": 250,
      "baseAtk": 5,
      "baseDfe": 5,
      "baseSpd": 50,
      "baseAts": 35,
      "baseDfs": 105,
      "evHp": 2,
      "evAtk": 0,
      "evDfe": 0,
      "evSpd": 0,
      "evAts": 0,
      "evDfs": 0,
      "evolutions": [
        {
          "dbSymbol": "blissey",
          "form": 0,
          "conditions": [
            {
              "type": "minLoyalty",
              "value": 220
            }
          ]
        }
      ],
      "experienceType": 0,
      "baseExperience": 395,
      "baseLoyalty": 140,
      "catchRate": 30,
      "femaleRate": 100,
      "breedGroups": [
        6,
        6
      ],
      "hatchSteps": 10240,
      "babyDbSymbol": "chansey",
      "babyForm": 0,
      "itemHeld": [
        {
          "dbSymbol": "lucky_punch",
          "chance": 5
        },
        {
          "dbSymbol": "none",
          "chance": 0
        }
      ],
      "abilities": [
        "natural_cure",
        "serene_grace",
        "healer"
      ],
      "frontOffsetY": 0,
      "moveSet": [
        {
          "klass": "LevelLearnableMove",
          "move": "defense_curl",
          "level": 1
        },
        {
          "klass": "LevelLearnableMove",
          "move": "double_edge",
          "level": 1
        },
        {
          "klass": "LevelLearnableMove",
          "move": "growl",
          "level": 1
        },
        {
          "klass": "LevelLearnableMove",
          "move": "pound",
          "level": 1
        },
        {
          "klass": "LevelLearnableMove",
          "move": "tail_whip",
          "level": 5
        },
        {
          "klass": "LevelLearnableMove",
          "move": "refresh",
          "level": 9
        },
        {
          "klass": "LevelLearnableMove",
          "move": "double_slap",
          "level": 12
        },
        {
          "klass": "LevelLearnableMove",
          "move": "soft_boiled",
          "level": 16
        },
        {
          "klass": "LevelLearnableMove",
          "move": "bestow",
          "level": 20
        },
        {
          "klass": "LevelLearnableMove",
          "move": "minimize",
          "level": 23
        },
        {
          "klass": "LevelLearnableMove",
          "move": "take_down",
          "level": 27
        },
        {
          "klass": "LevelLearnableMove",
          "move": "sing",
          "level": 31
        },
        {
          "klass": "LevelLearnableMove",
          "move": "fling",
          "level": 34
        },
        {
          "klass": "LevelLearnableMove",
          "move": "heal_pulse",
          "level": 38
        },
        {
          "klass": "LevelLearnableMove",
          "move": "egg_bomb",
          "level": 42
        },
        {
          "klass": "LevelLearnableMove",
          "move": "light_screen",
          "level": 46
        },
        {
          "klass": "LevelLearnableMove",
          "move": "healing_wish",
          "level": 50
        },
        {
          "klass": "LevelLearnableMove",
          "move": "double_edge",
          "level": 54
        },
        {
          "klass": "TutorLearnableMove",
          "move": "laser_focus"
        },
        {
          "klass": "TutorLearnableMove",
          "move": "helping_hand"
        },
        {
          "klass": "TutorLearnableMove",
          "move": "last_resort"
        },
        {
          "klass": "TutorLearnableMove",
          "move": "skill_swap"
        },
        {
          "klass": "TutorLearnableMove",
          "move": "endeavor"
        },
        {
          "klass": "TutorLearnableMove",
          "move": "heal_bell"
        },
        {
          "klass": "TutorLearnableMove",
          "move": "gravity"
        },
        {
          "klass": "TutorLearnableMove",
          "move": "covet"
        },
        {
          "klass": "TutorLearnableMove",
          "move": "ally_switch"
        },
        {
          "klass": "TutorLearnableMove",
          "move": "telekinesis"
        },
        {
          "klass": "TutorLearnableMove",
          "move": "hyper_voice"
        },
        {
          "klass": "TutorLearnableMove",
          "move": "focus_punch"
        },
        {
          "klass": "TutorLearnableMove",
          "move": "shock_wave"
        },
        {
          "klass": "TutorLearnableMove",
          "move": "stealth_rock"
        },
        {
          "klass": "TutorLearnableMove",
          "move": "thunder_punch"
        },
        {
          "klass": "TutorLearnableMove",
          "move": "fire_punch"
        },
        {
          "klass": "TutorLearnableMove",
          "move": "ice_punch"
        },
        {
          "klass": "TutorLearnableMove",
          "move": "iron_tail"
        },
        {
          "klass": "TutorLearnableMove",
          "move": "recycle"
        },
        {
          "klass": "TutorLearnableMove",
          "move": "snore"
        },
        {
          "klass": "TutorLearnableMove",
          "move": "snatch"
        },
        {
          "klass": "TutorLearnableMove",
          "move": "zen_headbutt"
        },
        {
          "klass": "TutorLearnableMove",
          "move": "stomping_tantrum"
        },
        {
          "klass": "TutorLearnableMove",
          "move": "drain_punch"
        },
        {
          "klass": "TutorLearnableMove",
          "move": "icy_wind"
        },
        {
          "klass": "TutorLearnableMove",
          "move": "water_pulse"
        },
        {
          "klass": "TechLearnableMove",
          "move": "work_up"
        },
        {
          "klass": "TechLearnableMove",
          "move": "calm_mind"
        },
        {
          "klass": "TechLearnableMove",
          "move": "toxic"
        },
        {
          "klass": "TechLearnableMove",
          "move": "hail"
        },
        {
          "klass": "TechLearnableMove",
          "move": "hidden_power"
        },
        {
          "klass": "TechLearnableMove",
          "move": "sunny_day"
        },
        {
          "klass": "TechLearnableMove",
          "move": "ice_beam"
        },
        {
          "klass": "TechLearnableMove",
          "move": "blizzard"
        },
        {
          "klass": "TechLearnableMove",
          "move": "hyper_beam"
        },
        {
          "klass": "TechLearnableMove",
          "move": "light_screen"
        },
        {
          "klass": "TechLearnableMove",
          "move": "protect"
        },
        {
          "klass": "TechLearnableMove",
          "move": "rain_dance"
        },
        {
          "klass": "TechLearnableMove",
          "move": "safeguard"
        },
        {
          "klass": "TechLearnableMove",
          "move": "frustration"
        },
        {
          "klass": "TechLearnableMove",
          "move": "solar_beam"
        },
        {
          "klass": "TechLearnableMove",
          "move": "thunderbolt"
        },
        {
          "klass": "TechLearnableMove",
          "move": "thunder"
        },
        {
          "klass": "TechLearnableMove",
          "move": "earthquake"
        },
        {
          "klass": "TechLearnableMove",
          "move": "return"
        },
        {
          "klass": "TechLearnableMove",
          "move": "psychic"
        },
        {
          "klass": "TechLearnableMove",
          "move": "shadow_ball"
        },
        {
          "klass": "TechLearnableMove",
          "move": "brick_break"
        },
        {
          "klass": "TechLearnableMove",
          "move": "double_team"
        },
        {
          "klass": "TechLearnableMove",
          "move": "flamethrower"
        },
        {
          "klass": "TechLearnableMove",
          "move": "sandstorm"
        },
        {
          "klass": "TechLearnableMove",
          "move": "fire_blast"
        },
        {
          "klass": "TechLearnableMove",
          "move": "rock_tomb"
        },
        {
          "klass": "TechLearnableMove",
          "move": "facade"
        },
        {
          "klass": "TechLearnableMove",
          "move": "rest"
        },
        {
          "klass": "TechLearnableMove",
          "move": "attract"
        },
        {
          "klass": "TechLearnableMove",
          "move": "round"
        },
        {
          "klass": "TechLearnableMove",
          "move": "echoed_voice"
        },
        {
          "klass": "TechLearnableMove",
          "move": "fling"
        },
        {
          "klass": "TechLearnableMove",
          "move": "charge_beam"
        },
        {
          "klass": "TechLearnableMove",
          "move": "giga_impact"
        },
        {
          "klass": "TechLearnableMove",
          "move": "thunder_wave"
        },
        {
          "klass": "TechLearnableMove",
          "move": "psych_up"
        },
        {
          "klass": "TechLearnableMove",
          "move": "bulldoze"
        },
        {
          "klass": "TechLearnableMove",
          "move": "rock_slide"
        },
        {
          "klass": "TechLearnableMove",
          "move": "dream_eater"
        },
        {
          "klass": "TechLearnableMove",
          "move": "grass_knot"
        },
        {
          "klass": "TechLearnableMove",
          "move": "swagger"
        },
        {
          "klass": "TechLearnableMove",
          "move": "sleep_talk"
        },
        {
          "klass": "TechLearnableMove",
          "move": "substitute"
        },
        {
          "klass": "TechLearnableMove",
          "move": "wild_charge"
        },
        {
          "klass": "TechLearnableMove",
          "move": "dazzling_gleam"
        },
        {
          "klass": "TechLearnableMove",
          "move": "confide"
        },
        {
          "klass": "TechLearnableMove",
          "move": "secret_power"
        },
        {
          "klass": "TechLearnableMove",
          "move": "power_up_punch"
        },
        {
          "klass": "TechLearnableMove",
          "move": "strength"
        },
        {
          "klass": "TechLearnableMove",
          "move": "rock_smash"
        },
        {
          "klass": "TechLearnableMove",
          "move": "rock_climb"
        },
        {
          "klass": "BreedLearnableMove",
          "move": "aromatherapy"
        },
        {
          "klass": "BreedLearnableMove",
          "move": "mud_bomb"
        },
        {
          "klass": "BreedLearnableMove",
          "move": "present"
        },
        {
          "klass": "BreedLearnableMove",
          "move": "helping_hand"
        },
        {
          "klass": "BreedLearnableMove",
          "move": "natural_gift"
        },
        {
          "klass": "BreedLearnableMove",
          "move": "seismic_toss"
        },
        {
          "klass": "BreedLearnableMove",
          "move": "heal_bell"
        },
        {
          "klass": "BreedLearnableMove",
          "move": "gravity"
        },
        {
          "klass": "BreedLearnableMove",
          "move": "metronome"
        },
        {
          "klass": "BreedLearnableMove",
          "move": "counter"
        },
        {
          "klass": "BreedLearnableMove",
          "move": "endure"
        },
        {
          "klass": "BreedLearnableMove",
          "move": "last_resort"
        }
      ],
      "resources": {
        "icon": "113",
        "iconF": "113",
        "iconShiny": "",
        "front": "113",
        "frontF": "113f",
        "frontShiny": "113",
        "frontShinyF": "113",
        "back": "113",
        "backF": "113",
        "backShiny": "113",
        "backShinyF": "113",
        "footprint": "113",
        "character": "113_0",
        "characterF": "113_0",
        "characterShiny": "113s_0",
        "characterShinyF": "113s_0",
        "cry": "113cry.ogg",
        "hasFemale": true
      }
    }
  ]
}