{
  "klass": "Specie",
  "id": 5,
  "dbSymbol": "charmeleon",
  "forms": [
    {
      "form": 0,
      "height": 1.1,
      "weight": 19,
      "type1": "fire",
      "type2": "__undef__",
      "baseHp": 58,
      "baseAtk": 64,
      "baseDfe": 58,
      "baseSpd": 80,
      "baseAts": 80,
      "baseDfs": 65,
      "evHp": 0,
      "evAtk": 0,
      "evDfe": 0,
      "evSpd": 1,
      "evAts": 1,
      "evDfs": 0,
      "evolutions": [
        {
          "dbSymbol": "charizard",
          "form": 0,
          "conditions": [
            {
              "type": "minLevel",
              "value": 36
            }
          ]
        }
      ],
      "experienceType": 3,
      "baseExperience": 142,
      "baseLoyalty": 70,
      "catchRate": 45,
      "femaleRate": 12.5,
      "breedGroups": [
        1,
        14
      ],
      "hatchSteps": 5120,
      "babyDbSymbol": "charmander",
      "babyForm": 0,
      "itemHeld": [
        {
          "dbSymbol": "none",
          "chance": 0
        },
        {
          "dbSymbol": "none",
          "chance": 0
        }
      ],
      "abilities": [
        "blaze",
        "blaze",
        "solar_power"
      ],
      "frontOffsetY": 0,
      "moveSet": [
        {
          "klass": "LevelLearnableMove",
          "move": "scratch",
          "level": 1
        },
        {
          "klass": "LevelLearnableMove",
          "move": "growl",
          "level": 1
        },
        {
          "klass": "LevelLearnableMove",
          "move": "ember",
          "level": 1
        },
        {
          "klass": "LevelLearnableMove",
          "move": "ember",
          "level": 7
        },
        {
          "klass": "LevelLearnableMove",
          "move": "smokescreen",
          "level": 10
        },
        {
          "klass": "LevelLearnableMove",
          "move": "dragon_rage",
          "level": 17
        },
        {
          "klass": "LevelLearnableMove",
          "move": "scary_face",
          "level": 21
        },
        {
          "klass": "LevelLearnableMove",
          "move": "fire_fang",
          "level": 28
        },
        {
          "klass": "LevelLearnableMove",
          "move": "flame_burst",
          "level": 32
        },
        {
          "klass": "LevelLearnableMove",
          "move": "slash",
          "level": 39
        },
        {
          "klass": "LevelLearnableMove",
          "move": "flamethrower",
          "level": 43
        },
        {
          "klass": "LevelLearnableMove",
          "move": "fire_spin",
          "level": 50
        },
        {
          "klass": "LevelLearnableMove",
          "move": "inferno",
          "level": 54
        },
        {
          "klass": "TutorLearnableMove",
          "move": "fire_pledge"
        },
        {
          "klass": "TutorLearnableMove",
          "move": "heat_wave"
        },
        {
          "klass": "TutorLearnableMove",
          "move": "dragon_pulse"
        },
        {
          "klass": "TutorLearnableMove",
          "move": "focus_punch"
        },
        {
          "klass": "TutorLearnableMove",
          "move": "thunder_punch"
        },
        {
          "klass": "TutorLearnableMove",
          "move": "fire_punch"
        },
        {
          "klass": "TutorLearnableMove",
          "move": "iron_tail"
        },
        {
          "klass": "TutorLearnableMove",
          "move": "snore"
        },
        {
          "klass": "TechLearnableMove",
          "move": "work_up"
        },
        {
          "klass": "TechLearnableMove",
          "move": "dragon_claw"
        },
        {
          "klass": "TechLearnableMove",
          "move": "toxic"
        },
        {
          "klass": "TechLearnableMove",
          "move": "hidden_power"
        },
        {
          "klass": "TechLearnableMove",
          "move": "sunny_day"
        },
        {
          "klass": "TechLearnableMove",
          "move": "protect"
        },
        {
          "klass": "TechLearnableMove",
          "move": "frustration"
        },
        {
          "klass": "TechLearnableMove",
          "move": "return"
        },
        {
          "klass": "TechLearnableMove",
          "move": "brick_break"
        },
        {
          "klass": "TechLearnableMove",
          "move": "double_team"
        },
        {
          "klass": "TechLearnableMove",
          "move": "flamethrower"
        },
        {
          "klass": "TechLearnableMove",
          "move": "fire_blast"
        },
        {
          "klass": "TechLearnableMove",
          "move": "rock_tomb"
        },
        {
          "klass": "TechLearnableMove",
          "move": "aerial_ace"
        },
        {
          "klass": "TechLearnableMove",
          "move": "facade"
        },
        {
          "klass": "TechLearnableMove",
          "move": "flame_charge"
        },
        {
          "klass": "TechLearnableMove",
          "move": "rest"
        },
        {
          "klass": "TechLearnableMove",
          "move": "attract"
        },
        {
          "klass": "TechLearnableMove",
          "move": "round"
        },
        {
          "klass": "TechLearnableMove",
          "move": "echoed_voice"
        },
        {
          "klass": "TechLearnableMove",
          "move": "overheat"
        },
        {
          "klass": "TechLearnableMove",
          "move": "fling"
        },
        {
          "klass": "TechLearnableMove",
          "move": "will_o_wisp"
        },
        {
          "klass": "TechLearnableMove",
          "move": "shadow_claw"
        },
        {
          "klass": "TechLearnableMove",
          "move": "swords_dance"
        },
        {
          "klass": "TechLearnableMove",
          "move": "rock_slide"
        },
        {
          "klass": "TechLearnableMove",
          "move": "swagger"
        },
        {
          "klass": "TechLearnableMove",
          "move": "sleep_talk"
        },
        {
          "klass": "TechLearnableMove",
          "move": "substitute"
        },
        {
          "klass": "TechLearnableMove",
          "move": "confide"
        },
        {
          "klass": "TechLearnableMove",
          "move": "secret_power"
        },
        {
          "klass": "TechLearnableMove",
          "move": "power_up_punch"
        },
        {
          "klass": "TechLearnableMove",
          "move": "cut"
        },
        {
          "klass": "TechLearnableMove",
          "move": "strength"
        },
        {
          "klass": "TechLearnableMove",
          "move": "rock_smash"
        }
      ],
      "resources": {
        "icon": "005",
        "iconShiny": "",
        "front": "005",
        "frontShiny": "005",
        "back": "005",
        "backShiny": "005",
        "footprint": "005",
        "character": "005_0",
        "characterShiny": "005s_0",
        "cry": "005cry.ogg",
        "hasFemale": false
      }
    }
  ]
}