{
  "klass": "Specie",
  "id": 4,
  "dbSymbol": "charmander",
  "forms": [
    {
      "form": 0,
      "height": 0.6,
      "weight": 8.5,
      "type1": "fire",
      "type2": "__undef__",
      "baseHp": 39,
      "baseAtk": 52,
      "baseDfe": 43,
      "baseSpd": 65,
      "baseAts": 60,
      "baseDfs": 50,
      "evHp": 0,
      "evAtk": 0,
      "evDfe": 0,
      "evSpd": 1,
      "evAts": 0,
      "evDfs": 0,
      "evolutions": [
        {
          "dbSymbol": "charmeleon",
          "form": 0,
          "conditions": [
            {
              "type": "minLevel",
              "value": 16
            }
          ]
        }
      ],
      "experienceType": 3,
      "baseExperience": 62,
      "baseLoyalty": 70,
      "catchRate": 45,
      "femaleRate": 12.5,
      "breedGroups": [
        1,
        14
      ],
      "hatchSteps": 5120,
      "babyDbSymbol": "charmander",
      "babyForm": 0,
      "itemHeld": [
        {
          "dbSymbol": "none",
          "chance": 0
        },
        {
          "dbSymbol": "none",
          "chance": 0
        }
      ],
      "abilities": [
        "blaze",
        "blaze",
        "solar_power"
      ],
      "frontOffsetY": 0,
      "moveSet": [
        {
          "klass": "LevelLearnableMove",
          "move": "scratch",
          "level": 1
        },
        {
          "klass": "LevelLearnableMove",
          "move": "growl",
          "level": 1
        },
        {
          "klass": "LevelLearnableMove",
          "move": "ember",
          "level": 7
        },
        {
          "klass": "LevelLearnableMove",
          "move": "smokescreen",
          "level": 10
        },
        {
          "klass": "LevelLearnableMove",
          "move": "dragon_rage",
          "level": 16
        },
        {
          "klass": "LevelLearnableMove",
          "move": "scary_face",
          "level": 19
        },
        {
          "klass": "LevelLearnableMove",
          "move": "fire_fang",
          "level": 25
        },
        {
          "klass": "LevelLearnableMove",
          "move": "flame_burst",
          "level": 28
        },
        {
          "klass": "LevelLearnableMove",
          "move": "slash",
          "level": 34
        },
        {
          "klass": "LevelLearnableMove",
          "move": "flamethrower",
          "level": 37
        },
        {
          "klass": "LevelLearnableMove",
          "move": "fire_spin",
          "level": 43
        },
        {
          "klass": "LevelLearnableMove",
          "move": "inferno",
          "level": 46
        },
        {
          "klass": "TutorLearnableMove",
          "move": "fire_pledge"
        },
        {
          "klass": "TutorLearnableMove",
          "move": "heat_wave"
        },
        {
          "klass": "TutorLearnableMove",
          "move": "dragon_pulse"
        },
        {
          "klass": "TutorLearnableMove",
          "move": "focus_punch"
        },
        {
          "klass": "TutorLearnableMove",
          "move": "thunder_punch"
        },
        {
          "klass": "TutorLearnableMove",
          "move": "fire_punch"
        },
        {
          "klass": "TutorLearnableMove",
          "move": "iron_tail"
        },
        {
          "klass": "TutorLearnableMove",
          "move": "snore"
        },
        {
          "klass": "TechLearnableMove",
          "move": "work_up"
        },
        {
          "klass": "TechLearnableMove",
          "move": "dragon_claw"
        },
        {
          "klass": "TechLearnableMove",
          "move": "toxic"
        },
        {
          "klass": "TechLearnableMove",
          "move": "hidden_power"
        },
        {
          "klass": "TechLearnableMove",
          "move": "sunny_day"
        },
        {
          "klass": "TechLearnableMove",
          "move": "protect"
        },
        {
          "klass": "TechLearnableMove",
          "move": "frustration"
        },
        {
          "klass": "TechLearnableMove",
          "move": "return"
        },
        {
          "klass": "TechLearnableMove",
          "move": "brick_break"
        },
        {
          "klass": "TechLearnableMove",
          "move": "double_team"
        },
        {
          "klass": "TechLearnableMove",
          "move": "flamethrower"
        },
        {
          "klass": "TechLearnableMove",
          "move": "fire_blast"
        },
        {
          "klass": "TechLearnableMove",
          "move": "rock_tomb"
        },
        {
          "klass": "TechLearnableMove",
          "move": "aerial_ace"
        },
        {
          "klass": "TechLearnableMove",
          "move": "facade"
        },
        {
          "klass": "TechLearnableMove",
          "move": "flame_charge"
        },
        {
          "klass": "TechLearnableMove",
          "move": "rest"
        },
        {
          "klass": "TechLearnableMove",
          "move": "attract"
        },
        {
          "klass": "TechLearnableMove",
          "move": "round"
        },
        {
          "klass": "TechLearnableMove",
          "move": "echoed_voice"
        },
        {
          "klass": "TechLearnableMove",
          "move": "overheat"
        },
        {
          "klass": "TechLearnableMove",
          "move": "fling"
        },
        {
          "klass": "TechLearnableMove",
          "move": "will_o_wisp"
        },
        {
          "klass": "TechLearnableMove",
          "move": "shadow_claw"
        },
        {
          "klass": "TechLearnableMove",
          "move": "swords_dance"
        },
        {
          "klass": "TechLearnableMove",
          "move": "rock_slide"
        },
        {
          "klass": "TechLearnableMove",
          "move": "swagger"
        },
        {
          "klass": "TechLearnableMove",
          "move": "sleep_talk"
        },
        {
          "klass": "TechLearnableMove",
          "move": "substitute"
        },
        {
          "klass": "TechLearnableMove",
          "move": "confide"
        },
        {
          "klass": "TechLearnableMove",
          "move": "secret_power"
        },
        {
          "klass": "TechLearnableMove",
          "move": "power_up_punch"
        },
        {
          "klass": "TechLearnableMove",
          "move": "cut"
        },
        {
          "klass": "TechLearnableMove",
          "move": "strength"
        },
        {
          "klass": "TechLearnableMove",
          "move": "rock_smash"
        },
        {
          "klass": "BreedLearnableMove",
          "move": "beat_up"
        },
        {
          "klass": "BreedLearnableMove",
          "move": "flare_blitz"
        },
        {
          "klass": "BreedLearnableMove",
          "move": "belly_drum"
        },
        {
          "klass": "BreedLearnableMove",
          "move": "outrage"
        },
        {
          "klass": "BreedLearnableMove",
          "move": "dragon_dance"
        },
        {
          "klass": "BreedLearnableMove",
          "move": "dragon_pulse"
        },
        {
          "klass": "BreedLearnableMove",
          "move": "metal_claw"
        },
        {
          "klass": "BreedLearnableMove",
          "move": "crunch"
        },
        {
          "klass": "BreedLearnableMove",
          "move": "focus_punch"
        },
        {
          "klass": "BreedLearnableMove",
          "move": "bite"
        },
        {
          "klass": "BreedLearnableMove",
          "move": "ancient_power"
        },
        {
          "klass": "BreedLearnableMove",
          "move": "counter"
        },
        {
          "klass": "BreedLearnableMove",
          "move": "air_cutter"
        },
        {
          "klass": "BreedLearnableMove",
          "move": "dragon_rush"
        }
      ],
      "resources": {
        "icon": "004",
        "iconShiny": "",
        "front": "004",
        "frontShiny": "004",
        "back": "004",
        "backShiny": "004",
        "footprint": "004",
        "character": "004_0",
        "characterShiny": "004s_0",
        "cry": "004cry.ogg",
        "hasFemale": false
      }
    }
  ]
}