{
  "klass": "Specie",
  "id": 737,
  "dbSymbol": "charjabug",
  "forms": [
    {
      "form": 0,
      "height": 0.5,
      "weight": 10.5,
      "type1": "bug",
      "type2": "electric",
      "baseHp": 57,
      "baseAtk": 82,
      "baseDfe": 95,
      "baseSpd": 36,
      "baseAts": 55,
      "baseDfs": 75,
      "evHp": 0,
      "evAtk": 0,
      "evDfe": 2,
      "evSpd": 0,
      "evAts": 0,
      "evDfs": 0,
      "evolutions": [
        {
          "dbSymbol": "vikavolt",
          "form": 0,
          "conditions": [
            {
              "type": "maps",
              "value": [
                -1
              ]
            }
          ]
        }
      ],
      "experienceType": 1,
      "baseExperience": 140,
      "baseLoyalty": 70,
      "catchRate": 120,
      "femaleRate": 50,
      "breedGroups": [
        3,
        3
      ],
      "hatchSteps": 3840,
      "babyDbSymbol": "grubbin",
      "babyForm": 0,
      "itemHeld": [
        {
          "dbSymbol": "none",
          "chance": 0
        },
        {
          "dbSymbol": "none",
          "chance": 0
        }
      ],
      "abilities": [
        "battery",
        "battery",
        "battery"
      ],
      "frontOffsetY": 0,
      "moveSet": [
        {
          "klass": "LevelLearnableMove",
          "move": "vise_grip",
          "level": 1
        },
        {
          "klass": "LevelLearnableMove",
          "move": "charge",
          "level": 1
        },
        {
          "klass": "LevelLearnableMove",
          "move": "string_shot",
          "level": 1
        },
        {
          "klass": "LevelLearnableMove",
          "move": "bite",
          "level": 1
        },
        {
          "klass": "LevelLearnableMove",
          "move": "mud_slap",
          "level": 1
        },
        {
          "klass": "LevelLearnableMove",
          "move": "string_shot",
          "level": 4
        },
        {
          "klass": "LevelLearnableMove",
          "move": "mud_slap",
          "level": 7
        },
        {
          "klass": "LevelLearnableMove",
          "move": "bite",
          "level": 10
        },
        {
          "klass": "LevelLearnableMove",
          "move": "bug_bite",
          "level": 13
        },
        {
          "klass": "LevelLearnableMove",
          "move": "spark",
          "level": 16
        },
        {
          "klass": "LevelLearnableMove",
          "move": "acrobatics",
          "level": 19
        },
        {
          "klass": "LevelLearnableMove",
          "move": "crunch",
          "level": 25
        },
        {
          "klass": "LevelLearnableMove",
          "move": "x_scissor",
          "level": 31
        },
        {
          "klass": "LevelLearnableMove",
          "move": "dig",
          "level": 37
        },
        {
          "klass": "LevelLearnableMove",
          "move": "discharge",
          "level": 43
        },
        {
          "klass": "LevelLearnableMove",
          "move": "iron_defense",
          "level": 49
        },
        {
          "klass": "TutorLearnableMove",
          "move": "shock_wave"
        },
        {
          "klass": "TutorLearnableMove",
          "move": "bug_bite"
        },
        {
          "klass": "TutorLearnableMove",
          "move": "snore"
        },
        {
          "klass": "TutorLearnableMove",
          "move": "electroweb"
        },
        {
          "klass": "TutorLearnableMove",
          "move": "iron_defense"
        },
        {
          "klass": "TutorLearnableMove",
          "move": "magnet_rise"
        },
        {
          "klass": "TechLearnableMove",
          "move": "toxic"
        },
        {
          "klass": "TechLearnableMove",
          "move": "hidden_power"
        },
        {
          "klass": "TechLearnableMove",
          "move": "light_screen"
        },
        {
          "klass": "TechLearnableMove",
          "move": "protect"
        },
        {
          "klass": "TechLearnableMove",
          "move": "rain_dance"
        },
        {
          "klass": "TechLearnableMove",
          "move": "frustration"
        },
        {
          "klass": "TechLearnableMove",
          "move": "thunderbolt"
        },
        {
          "klass": "TechLearnableMove",
          "move": "return"
        },
        {
          "klass": "TechLearnableMove",
          "move": "double_team"
        },
        {
          "klass": "TechLearnableMove",
          "move": "facade"
        },
        {
          "klass": "TechLearnableMove",
          "move": "rest"
        },
        {
          "klass": "TechLearnableMove",
          "move": "attract"
        },
        {
          "klass": "TechLearnableMove",
          "move": "round"
        },
        {
          "klass": "TechLearnableMove",
          "move": "charge_beam"
        },
        {
          "klass": "TechLearnableMove",
          "move": "acrobatics"
        },
        {
          "klass": "TechLearnableMove",
          "move": "volt_switch"
        },
        {
          "klass": "TechLearnableMove",
          "move": "thunder_wave"
        },
        {
          "klass": "TechLearnableMove",
          "move": "x_scissor"
        },
        {
          "klass": "TechLearnableMove",
          "move": "poison_jab"
        },
        {
          "klass": "TechLearnableMove",
          "move": "swagger"
        },
        {
          "klass": "TechLearnableMove",
          "move": "sleep_talk"
        },
        {
          "klass": "TechLearnableMove",
          "move": "substitute"
        },
        {
          "klass": "TechLearnableMove",
          "move": "wild_charge"
        },
        {
          "klass": "TechLearnableMove",
          "move": "confide"
        },
        {
          "klass": "TechLearnableMove",
          "move": "struggle_bug"
        },
        {
          "klass": "TechLearnableMove",
          "move": "secret_power"
        },
        {
          "klass": "TechLearnableMove",
          "move": "cut"
        },
        {
          "klass": "EvolutionLearnableMove",
          "move": "charge"
        }
      ],
      "resources": {
        "icon": "737",
        "iconShiny": "",
        "front": "737",
        "frontShiny": "737",
        "back": "737",
        "backShiny": "737",
        "footprint": "",
        "character": "737_0",
        "characterShiny": "737s_0",
        "cry": "737cry.ogg",
        "hasFemale": false
      }
    }
  ]
}