{
  "klass": "Specie",
  "id": 441,
  "dbSymbol": "chatot",
  "forms": [
    {
      "form": 0,
      "height": 0.5,
      "weight": 1.9,
      "type1": "normal",
      "type2": "flying",
      "baseHp": 76,
      "baseAtk": 65,
      "baseDfe": 45,
      "baseSpd": 91,
      "baseAts": 92,
      "baseDfs": 42,
      "evHp": 0,
      "evAtk": 1,
      "evDfe": 0,
      "evSpd": 0,
      "evAts": 0,
      "evDfs": 0,
      "evolutions": [],
      "experienceType": 3,
      "baseExperience": 144,
      "baseLoyalty": 35,
      "catchRate": 30,
      "femaleRate": 50,
      "breedGroups": [
        4,
        4
      ],
      "hatchSteps": 5120,
      "babyDbSymbol": "chatot",
      "babyForm": 0,
      "itemHeld": [
        {
          "dbSymbol": "metronome",
          "chance": 5
        },
        {
          "dbSymbol": "none",
          "chance": 0
        }
      ],
      "abilities": [
        "keen_eye",
        "tangled_feet",
        "big_pecks"
      ],
      "frontOffsetY": 0,
      "moveSet": [
        {
          "klass": "LevelLearnableMove",
          "move": "chatter",
          "level": 1
        },
        {
          "klass": "LevelLearnableMove",
          "move": "confide",
          "level": 1
        },
        {
          "klass": "LevelLearnableMove",
          "move": "hyper_voice",
          "level": 1
        },
        {
          "klass": "LevelLearnableMove",
          "move": "peck",
          "level": 1
        },
        {
          "klass": "LevelLearnableMove",
          "move": "taunt",
          "level": 1
        },
        {
          "klass": "LevelLearnableMove",
          "move": "growl",
          "level": 5
        },
        {
          "klass": "LevelLearnableMove",
          "move": "mirror_move",
          "level": 9
        },
        {
          "klass": "LevelLearnableMove",
          "move": "sing",
          "level": 13
        },
        {
          "klass": "LevelLearnableMove",
          "move": "fury_attack",
          "level": 17
        },
        {
          "klass": "LevelLearnableMove",
          "move": "chatter",
          "level": 21
        },
        {
          "klass": "LevelLearnableMove",
          "move": "taunt",
          "level": 25
        },
        {
          "klass": "LevelLearnableMove",
          "move": "round",
          "level": 29
        },
        {
          "klass": "LevelLearnableMove",
          "move": "mimic",
          "level": 33
        },
        {
          "klass": "LevelLearnableMove",
          "move": "echoed_voice",
          "level": 37
        },
        {
          "klass": "LevelLearnableMove",
          "move": "roost",
          "level": 41
        },
        {
          "klass": "LevelLearnableMove",
          "move": "uproar",
          "level": 45
        },
        {
          "klass": "LevelLearnableMove",
          "move": "synchronoise",
          "level": 49
        },
        {
          "klass": "LevelLearnableMove",
          "move": "feather_dance",
          "level": 50
        },
        {
          "klass": "LevelLearnableMove",
          "move": "hyper_voice",
          "level": 57
        },
        {
          "klass": "TutorLearnableMove",
          "move": "defog"
        },
        {
          "klass": "TutorLearnableMove",
          "move": "heat_wave"
        },
        {
          "klass": "TutorLearnableMove",
          "move": "role_play"
        },
        {
          "klass": "TutorLearnableMove",
          "move": "hyper_voice"
        },
        {
          "klass": "TutorLearnableMove",
          "move": "sky_attack"
        },
        {
          "klass": "TutorLearnableMove",
          "move": "snore"
        },
        {
          "klass": "TutorLearnableMove",
          "move": "uproar"
        },
        {
          "klass": "TutorLearnableMove",
          "move": "tailwind"
        },
        {
          "klass": "TechLearnableMove",
          "move": "work_up"
        },
        {
          "klass": "TechLearnableMove",
          "move": "toxic"
        },
        {
          "klass": "TechLearnableMove",
          "move": "hidden_power"
        },
        {
          "klass": "TechLearnableMove",
          "move": "sunny_day"
        },
        {
          "klass": "TechLearnableMove",
          "move": "taunt"
        },
        {
          "klass": "TechLearnableMove",
          "move": "protect"
        },
        {
          "klass": "TechLearnableMove",
          "move": "rain_dance"
        },
        {
          "klass": "TechLearnableMove",
          "move": "roost"
        },
        {
          "klass": "TechLearnableMove",
          "move": "frustration"
        },
        {
          "klass": "TechLearnableMove",
          "move": "return"
        },
        {
          "klass": "TechLearnableMove",
          "move": "double_team"
        },
        {
          "klass": "TechLearnableMove",
          "move": "aerial_ace"
        },
        {
          "klass": "TechLearnableMove",
          "move": "torment"
        },
        {
          "klass": "TechLearnableMove",
          "move": "facade"
        },
        {
          "klass": "TechLearnableMove",
          "move": "rest"
        },
        {
          "klass": "TechLearnableMove",
          "move": "attract"
        },
        {
          "klass": "TechLearnableMove",
          "move": "thief"
        },
        {
          "klass": "TechLearnableMove",
          "move": "round"
        },
        {
          "klass": "TechLearnableMove",
          "move": "echoed_voice"
        },
        {
          "klass": "TechLearnableMove",
          "move": "steel_wing"
        },
        {
          "klass": "TechLearnableMove",
          "move": "fly"
        },
        {
          "klass": "TechLearnableMove",
          "move": "swagger"
        },
        {
          "klass": "TechLearnableMove",
          "move": "sleep_talk"
        },
        {
          "klass": "TechLearnableMove",
          "move": "u_turn"
        },
        {
          "klass": "TechLearnableMove",
          "move": "substitute"
        },
        {
          "klass": "TechLearnableMove",
          "move": "confide"
        },
        {
          "klass": "TechLearnableMove",
          "move": "secret_power"
        },
        {
          "klass": "BreedLearnableMove",
          "move": "agility"
        },
        {
          "klass": "BreedLearnableMove",
          "move": "air_cutter"
        },
        {
          "klass": "BreedLearnableMove",
          "move": "boomburst"
        },
        {
          "klass": "BreedLearnableMove",
          "move": "defog"
        },
        {
          "klass": "BreedLearnableMove",
          "move": "encore"
        },
        {
          "klass": "BreedLearnableMove",
          "move": "nasty_plot"
        },
        {
          "klass": "BreedLearnableMove",
          "move": "night_shade"
        },
        {
          "klass": "BreedLearnableMove",
          "move": "sleep_talk"
        },
        {
          "klass": "BreedLearnableMove",
          "move": "steel_wing"
        },
        {
          "klass": "BreedLearnableMove",
          "move": "supersonic"
        }
      ],
      "resources": {
        "icon": "441",
        "iconShiny": "",
        "front": "441",
        "frontShiny": "441",
        "back": "441",
        "backShiny": "441",
        "footprint": "441",
        "character": "441_0",
        "characterShiny": "441s_0",
        "cry": "441cry.ogg",
        "hasFemale": false
      }
    }
  ]
}