{
  "klass": "Specie",
  "id": 421,
  "dbSymbol": "cherrim",
  "forms": [
    {
      "form": 0,
      "height": 0.5,
      "weight": 9.3,
      "type1": "grass",
      "type2": "__undef__",
      "baseHp": 70,
      "baseAtk": 60,
      "baseDfe": 70,
      "baseSpd": 85,
      "baseAts": 87,
      "baseDfs": 78,
      "evHp": 0,
      "evAtk": 0,
      "evDfe": 0,
      "evSpd": 0,
      "evAts": 2,
      "evDfs": 0,
      "evolutions": [],
      "experienceType": 1,
      "baseExperience": 158,
      "baseLoyalty": 70,
      "catchRate": 75,
      "femaleRate": 50,
      "breedGroups": [
        6,
        7
      ],
      "hatchSteps": 5120,
      "babyDbSymbol": "cherubi",
      "babyForm": 0,
      "itemHeld": [
        {
          "dbSymbol": "none",
          "chance": 0
        },
        {
          "dbSymbol": "none",
          "chance": 0
        }
      ],
      "abilities": [
        "flower_gift",
        "flower_gift",
        "flower_gift"
      ],
      "frontOffsetY": 0,
      "moveSet": [
        {
          "klass": "LevelLearnableMove",
          "move": "growth",
          "level": 1
        },
        {
          "klass": "LevelLearnableMove",
          "move": "tackle",
          "level": 1
        },
        {
          "klass": "LevelLearnableMove",
          "move": "morning_sun",
          "level": 1
        },
        {
          "klass": "LevelLearnableMove",
          "move": "petal_dance",
          "level": 1
        },
        {
          "klass": "LevelLearnableMove",
          "move": "leech_seed",
          "level": 1
        },
        {
          "klass": "LevelLearnableMove",
          "move": "growth",
          "level": 7
        },
        {
          "klass": "LevelLearnableMove",
          "move": "leech_seed",
          "level": 10
        },
        {
          "klass": "LevelLearnableMove",
          "move": "helping_hand",
          "level": 13
        },
        {
          "klass": "LevelLearnableMove",
          "move": "magical_leaf",
          "level": 19
        },
        {
          "klass": "LevelLearnableMove",
          "move": "sunny_day",
          "level": 22
        },
        {
          "klass": "LevelLearnableMove",
          "move": "worry_seed",
          "level": 30
        },
        {
          "klass": "LevelLearnableMove",
          "move": "take_down",
          "level": 35
        },
        {
          "klass": "LevelLearnableMove",
          "move": "solar_beam",
          "level": 43
        },
        {
          "klass": "LevelLearnableMove",
          "move": "lucky_chant",
          "level": 48
        },
        {
          "klass": "LevelLearnableMove",
          "move": "petal_blizzard",
          "level": 50
        },
        {
          "klass": "TutorLearnableMove",
          "move": "seed_bomb"
        },
        {
          "klass": "TutorLearnableMove",
          "move": "helping_hand"
        },
        {
          "klass": "TutorLearnableMove",
          "move": "giga_drain"
        },
        {
          "klass": "TutorLearnableMove",
          "move": "snore"
        },
        {
          "klass": "TutorLearnableMove",
          "move": "worry_seed"
        },
        {
          "klass": "TutorLearnableMove",
          "move": "synthesis"
        },
        {
          "klass": "TutorLearnableMove",
          "move": "laser_focus"
        },
        {
          "klass": "TechLearnableMove",
          "move": "toxic"
        },
        {
          "klass": "TechLearnableMove",
          "move": "hidden_power"
        },
        {
          "klass": "TechLearnableMove",
          "move": "sunny_day"
        },
        {
          "klass": "TechLearnableMove",
          "move": "hyper_beam"
        },
        {
          "klass": "TechLearnableMove",
          "move": "protect"
        },
        {
          "klass": "TechLearnableMove",
          "move": "safeguard"
        },
        {
          "klass": "TechLearnableMove",
          "move": "frustration"
        },
        {
          "klass": "TechLearnableMove",
          "move": "solar_beam"
        },
        {
          "klass": "TechLearnableMove",
          "move": "return"
        },
        {
          "klass": "TechLearnableMove",
          "move": "double_team"
        },
        {
          "klass": "TechLearnableMove",
          "move": "facade"
        },
        {
          "klass": "TechLearnableMove",
          "move": "rest"
        },
        {
          "klass": "TechLearnableMove",
          "move": "attract"
        },
        {
          "klass": "TechLearnableMove",
          "move": "round"
        },
        {
          "klass": "TechLearnableMove",
          "move": "energy_ball"
        },
        {
          "klass": "TechLearnableMove",
          "move": "giga_impact"
        },
        {
          "klass": "TechLearnableMove",
          "move": "swords_dance"
        },
        {
          "klass": "TechLearnableMove",
          "move": "grass_knot"
        },
        {
          "klass": "TechLearnableMove",
          "move": "swagger"
        },
        {
          "klass": "TechLearnableMove",
          "move": "sleep_talk"
        },
        {
          "klass": "TechLearnableMove",
          "move": "substitute"
        },
        {
          "klass": "TechLearnableMove",
          "move": "nature_power"
        },
        {
          "klass": "TechLearnableMove",
          "move": "dazzling_gleam"
        },
        {
          "klass": "TechLearnableMove",
          "move": "confide"
        },
        {
          "klass": "TechLearnableMove",
          "move": "secret_power"
        },
        {
          "klass": "EvolutionLearnableMove",
          "move": "petal_dance"
        }
      ],
      "resources": {
        "icon": "421",
        "iconShiny": "",
        "front": "421",
        "frontShiny": "421",
        "back": "421",
        "backShiny": "421",
        "footprint": "421",
        "character": "421_0",
        "characterShiny": "421s_0",
        "cry": "421cry.ogg",
        "hasFemale": false
      }
    },
    {
      "form": 1,
      "height": 0.5,
      "weight": 9.3,
      "type1": "grass",
      "type2": "__undef__",
      "baseHp": 70,
      "baseAtk": 60,
      "baseDfe": 70,
      "baseSpd": 85,
      "baseAts": 87,
      "baseDfs": 78,
      "evHp": 0,
      "evAtk": 0,
      "evDfe": 0,
      "evSpd": 0,
      "evAts": 2,
      "evDfs": 0,
      "evolutions": [],
      "experienceType": 1,
      "baseExperience": 158,
      "baseLoyalty": 70,
      "catchRate": 75,
      "femaleRate": 50,
      "breedGroups": [
        6,
        7
      ],
      "hatchSteps": 5120,
      "babyDbSymbol": "cherubi",
      "babyForm": 1,
      "itemHeld": [
        {
          "dbSymbol": "none",
          "chance": 0
        },
        {
          "dbSymbol": "none",
          "chance": 0
        }
      ],
      "abilities": [
        "flower_gift",
        "flower_gift",
        "flower_gift"
      ],
      "frontOffsetY": 0,
      "moveSet": [
        {
          "klass": "LevelLearnableMove",
          "move": "growth",
          "level": 1
        },
        {
          "klass": "LevelLearnableMove",
          "move": "tackle",
          "level": 1
        },
        {
          "klass": "LevelLearnableMove",
          "move": "morning_sun",
          "level": 1
        },
        {
          "klass": "LevelLearnableMove",
          "move": "leech_seed",
          "level": 1
        },
        {
          "klass": "LevelLearnableMove",
          "move": "petal_dance",
          "level": 1
        },
        {
          "klass": "LevelLearnableMove",
          "move": "growth",
          "level": 7
        },
        {
          "klass": "LevelLearnableMove",
          "move": "leech_seed",
          "level": 10
        },
        {
          "klass": "LevelLearnableMove",
          "move": "helping_hand",
          "level": 13
        },
        {
          "klass": "LevelLearnableMove",
          "move": "magical_leaf",
          "level": 19
        },
        {
          "klass": "LevelLearnableMove",
          "move": "sunny_day",
          "level": 22
        },
        {
          "klass": "LevelLearnableMove",
          "move": "petal_dance",
          "level": 25
        },
        {
          "klass": "LevelLearnableMove",
          "move": "worry_seed",
          "level": 30
        },
        {
          "klass": "LevelLearnableMove",
          "move": "take_down",
          "level": 35
        },
        {
          "klass": "LevelLearnableMove",
          "move": "solar_beam",
          "level": 43
        },
        {
          "klass": "LevelLearnableMove",
          "move": "lucky_chant",
          "level": 48
        },
        {
          "klass": "LevelLearnableMove",
          "move": "petal_blizzard",
          "level": 50
        },
        {
          "klass": "TechLearnableMove",
          "move": "toxic"
        },
        {
          "klass": "TechLearnableMove",
          "move": "hidden_power"
        },
        {
          "klass": "TechLearnableMove",
          "move": "sunny_day"
        },
        {
          "klass": "TechLearnableMove",
          "move": "hyper_beam"
        },
        {
          "klass": "TechLearnableMove",
          "move": "protect"
        },
        {
          "klass": "TechLearnableMove",
          "move": "safeguard"
        },
        {
          "klass": "TechLearnableMove",
          "move": "frustration"
        },
        {
          "klass": "TechLearnableMove",
          "move": "solar_beam"
        },
        {
          "klass": "TechLearnableMove",
          "move": "return"
        },
        {
          "klass": "TechLearnableMove",
          "move": "double_team"
        },
        {
          "klass": "TechLearnableMove",
          "move": "facade"
        },
        {
          "klass": "TechLearnableMove",
          "move": "rest"
        },
        {
          "klass": "TechLearnableMove",
          "move": "attract"
        },
        {
          "klass": "TechLearnableMove",
          "move": "round"
        },
        {
          "klass": "TechLearnableMove",
          "move": "energy_ball"
        },
        {
          "klass": "TechLearnableMove",
          "move": "giga_impact"
        },
        {
          "klass": "TechLearnableMove",
          "move": "swords_dance"
        },
        {
          "klass": "TechLearnableMove",
          "move": "grass_knot"
        },
        {
          "klass": "TechLearnableMove",
          "move": "swagger"
        },
        {
          "klass": "TechLearnableMove",
          "move": "sleep_talk"
        },
        {
          "klass": "TechLearnableMove",
          "move": "substitute"
        },
        {
          "klass": "TechLearnableMove",
          "move": "nature_power"
        },
        {
          "klass": "TechLearnableMove",
          "move": "dazzling_gleam"
        },
        {
          "klass": "TechLearnableMove",
          "move": "confide"
        },
        {
          "klass": "TechLearnableMove",
          "move": "secret_power"
        }
      ],
      "resources": {
        "icon": "421_01",
        "iconShiny": "",
        "front": "421_01",
        "frontShiny": "421_01",
        "back": "421_01",
        "backShiny": "421_01",
        "footprint": "421",
        "character": "",
        "characterShiny": "",
        "cry": "421cry.ogg",
        "hasFemale": false
      }
    }
  ]
}