{
  "klass": "Specie",
  "id": 652,
  "dbSymbol": "chesnaught",
  "forms": [
    {
      "form": 0,
      "height": 1.6,
      "weight": 90,
      "type1": "grass",
      "type2": "fighting",
      "baseHp": 88,
      "baseAtk": 107,
      "baseDfe": 122,
      "baseSpd": 64,
      "baseAts": 74,
      "baseDfs": 75,
      "evHp": 0,
      "evAtk": 0,
      "evDfe": 3,
      "evSpd": 0,
      "evAts": 0,
      "evDfs": 0,
      "evolutions": [],
      "experienceType": 3,
      "baseExperience": 239,
      "baseLoyalty": 70,
      "catchRate": 45,
      "femaleRate": 12.5,
      "breedGroups": [
        5,
        5
      ],
      "hatchSteps": 5120,
      "babyDbSymbol": "chespin",
      "babyForm": 0,
      "itemHeld": [
        {
          "dbSymbol": "none",
          "chance": 0
        },
        {
          "dbSymbol": "none",
          "chance": 0
        }
      ],
      "abilities": [
        "overgrow",
        "overgrow",
        "bulletproof"
      ],
      "frontOffsetY": 0,
      "moveSet": [
        {
          "klass": "LevelLearnableMove",
          "move": "tackle",
          "level": 1
        },
        {
          "klass": "LevelLearnableMove",
          "move": "growl",
          "level": 1
        },
        {
          "klass": "LevelLearnableMove",
          "move": "belly_drum",
          "level": 1
        },
        {
          "klass": "LevelLearnableMove",
          "move": "hammer_arm",
          "level": 1
        },
        {
          "klass": "LevelLearnableMove",
          "move": "feint",
          "level": 1
        },
        {
          "klass": "LevelLearnableMove",
          "move": "spiky_shield",
          "level": 1
        },
        {
          "klass": "LevelLearnableMove",
          "move": "rollout",
          "level": 1
        },
        {
          "klass": "LevelLearnableMove",
          "move": "vine_whip",
          "level": 1
        },
        {
          "klass": "LevelLearnableMove",
          "move": "needle_arm",
          "level": 1
        },
        {
          "klass": "LevelLearnableMove",
          "move": "vine_whip",
          "level": 5
        },
        {
          "klass": "LevelLearnableMove",
          "move": "rollout",
          "level": 8
        },
        {
          "klass": "LevelLearnableMove",
          "move": "bite",
          "level": 11
        },
        {
          "klass": "LevelLearnableMove",
          "move": "leech_seed",
          "level": 15
        },
        {
          "klass": "LevelLearnableMove",
          "move": "pin_missile",
          "level": 19
        },
        {
          "klass": "LevelLearnableMove",
          "move": "take_down",
          "level": 29
        },
        {
          "klass": "LevelLearnableMove",
          "move": "seed_bomb",
          "level": 35
        },
        {
          "klass": "LevelLearnableMove",
          "move": "mud_shot",
          "level": 41
        },
        {
          "klass": "LevelLearnableMove",
          "move": "bulk_up",
          "level": 48
        },
        {
          "klass": "LevelLearnableMove",
          "move": "body_slam",
          "level": 54
        },
        {
          "klass": "LevelLearnableMove",
          "move": "pain_split",
          "level": 60
        },
        {
          "klass": "LevelLearnableMove",
          "move": "wood_hammer",
          "level": 66
        },
        {
          "klass": "LevelLearnableMove",
          "move": "hammer_arm",
          "level": 72
        },
        {
          "klass": "LevelLearnableMove",
          "move": "giga_impact",
          "level": 78
        },
        {
          "klass": "TutorLearnableMove",
          "move": "grass_pledge"
        },
        {
          "klass": "TutorLearnableMove",
          "move": "pain_split"
        },
        {
          "klass": "TutorLearnableMove",
          "move": "low_kick"
        },
        {
          "klass": "TutorLearnableMove",
          "move": "seed_bomb"
        },
        {
          "klass": "TutorLearnableMove",
          "move": "helping_hand"
        },
        {
          "klass": "TutorLearnableMove",
          "move": "super_fang"
        },
        {
          "klass": "TutorLearnableMove",
          "move": "dual_chop"
        },
        {
          "klass": "TutorLearnableMove",
          "move": "endeavor"
        },
        {
          "klass": "TutorLearnableMove",
          "move": "giga_drain"
        },
        {
          "klass": "TutorLearnableMove",
          "move": "focus_punch"
        },
        {
          "klass": "TutorLearnableMove",
          "move": "iron_defense"
        },
        {
          "klass": "TutorLearnableMove",
          "move": "thunder_punch"
        },
        {
          "klass": "TutorLearnableMove",
          "move": "zen_headbutt"
        },
        {
          "klass": "TutorLearnableMove",
          "move": "iron_tail"
        },
        {
          "klass": "TutorLearnableMove",
          "move": "snore"
        },
        {
          "klass": "TutorLearnableMove",
          "move": "worry_seed"
        },
        {
          "klass": "TutorLearnableMove",
          "move": "superpower"
        },
        {
          "klass": "TutorLearnableMove",
          "move": "synthesis"
        },
        {
          "klass": "TutorLearnableMove",
          "move": "iron_head"
        },
        {
          "klass": "TutorLearnableMove",
          "move": "block"
        },
        {
          "klass": "TutorLearnableMove",
          "move": "stomping_tantrum"
        },
        {
          "klass": "TutorLearnableMove",
          "move": "drain_punch"
        },
        {
          "klass": "TutorLearnableMove",
          "move": "frenzy_plant"
        },
        {
          "klass": "TechLearnableMove",
          "move": "work_up"
        },
        {
          "klass": "TechLearnableMove",
          "move": "dragon_claw"
        },
        {
          "klass": "TechLearnableMove",
          "move": "roar"
        },
        {
          "klass": "TechLearnableMove",
          "move": "toxic"
        },
        {
          "klass": "TechLearnableMove",
          "move": "bulk_up"
        },
        {
          "klass": "TechLearnableMove",
          "move": "hidden_power"
        },
        {
          "klass": "TechLearnableMove",
          "move": "sunny_day"
        },
        {
          "klass": "TechLearnableMove",
          "move": "taunt"
        },
        {
          "klass": "TechLearnableMove",
          "move": "hyper_beam"
        },
        {
          "klass": "TechLearnableMove",
          "move": "protect"
        },
        {
          "klass": "TechLearnableMove",
          "move": "frustration"
        },
        {
          "klass": "TechLearnableMove",
          "move": "solar_beam"
        },
        {
          "klass": "TechLearnableMove",
          "move": "smack_down"
        },
        {
          "klass": "TechLearnableMove",
          "move": "earthquake"
        },
        {
          "klass": "TechLearnableMove",
          "move": "return"
        },
        {
          "klass": "TechLearnableMove",
          "move": "brick_break"
        },
        {
          "klass": "TechLearnableMove",
          "move": "double_team"
        },
        {
          "klass": "TechLearnableMove",
          "move": "reflect"
        },
        {
          "klass": "TechLearnableMove",
          "move": "sludge_bomb"
        },
        {
          "klass": "TechLearnableMove",
          "move": "rock_tomb"
        },
        {
          "klass": "TechLearnableMove",
          "move": "aerial_ace"
        },
        {
          "klass": "TechLearnableMove",
          "move": "facade"
        },
        {
          "klass": "TechLearnableMove",
          "move": "rest"
        },
        {
          "klass": "TechLearnableMove",
          "move": "attract"
        },
        {
          "klass": "TechLearnableMove",
          "move": "low_sweep"
        },
        {
          "klass": "TechLearnableMove",
          "move": "round"
        },
        {
          "klass": "TechLearnableMove",
          "move": "focus_blast"
        },
        {
          "klass": "TechLearnableMove",
          "move": "energy_ball"
        },
        {
          "klass": "TechLearnableMove",
          "move": "fling"
        },
        {
          "klass": "TechLearnableMove",
          "move": "shadow_claw"
        },
        {
          "klass": "TechLearnableMove",
          "move": "payback"
        },
        {
          "klass": "TechLearnableMove",
          "move": "giga_impact"
        },
        {
          "klass": "TechLearnableMove",
          "move": "stone_edge"
        },
        {
          "klass": "TechLearnableMove",
          "move": "gyro_ball"
        },
        {
          "klass": "TechLearnableMove",
          "move": "swords_dance"
        },
        {
          "klass": "TechLearnableMove",
          "move": "bulldoze"
        },
        {
          "klass": "TechLearnableMove",
          "move": "rock_slide"
        },
        {
          "klass": "TechLearnableMove",
          "move": "poison_jab"
        },
        {
          "klass": "TechLearnableMove",
          "move": "grass_knot"
        },
        {
          "klass": "TechLearnableMove",
          "move": "swagger"
        },
        {
          "klass": "TechLearnableMove",
          "move": "sleep_talk"
        },
        {
          "klass": "TechLearnableMove",
          "move": "substitute"
        },
        {
          "klass": "TechLearnableMove",
          "move": "nature_power"
        },
        {
          "klass": "TechLearnableMove",
          "move": "confide"
        },
        {
          "klass": "TechLearnableMove",
          "move": "secret_power"
        },
        {
          "klass": "TechLearnableMove",
          "move": "power_up_punch"
        },
        {
          "klass": "TechLearnableMove",
          "move": "cut"
        },
        {
          "klass": "TechLearnableMove",
          "move": "strength"
        },
        {
          "klass": "TechLearnableMove",
          "move": "rock_smash"
        },
        {
          "klass": "EvolutionLearnableMove",
          "move": "spiky_shield"
        }
      ],
      "resources": {
        "icon": "652",
        "iconShiny": "",
        "front": "652",
        "frontShiny": "652",
        "back": "652",
        "backShiny": "652",
        "footprint": "",
        "character": "652_0",
        "characterShiny": "652s_0",
        "cry": "652cry.ogg",
        "hasFemale": false
      }
    }
  ]
}