{
  "klass": "Specie",
  "id": 152,
  "dbSymbol": "chikorita",
  "forms": [
    {
      "form": 0,
      "height": 0.9,
      "weight": 6.4,
      "type1": "grass",
      "type2": "__undef__",
      "baseHp": 45,
      "baseAtk": 49,
      "baseDfe": 65,
      "baseSpd": 45,
      "baseAts": 49,
      "baseDfs": 65,
      "evHp": 0,
      "evAtk": 0,
      "evDfe": 0,
      "evSpd": 0,
      "evAts": 0,
      "evDfs": 1,
      "evolutions": [
        {
          "dbSymbol": "bayleef",
          "form": 0,
          "conditions": [
            {
              "type": "minLevel",
              "value": 16
            }
          ]
        }
      ],
      "experienceType": 3,
      "baseExperience": 64,
      "baseLoyalty": 70,
      "catchRate": 45,
      "femaleRate": 12.5,
      "breedGroups": [
        1,
        7
      ],
      "hatchSteps": 5120,
      "babyDbSymbol": "chikorita",
      "babyForm": 0,
      "itemHeld": [
        {
          "dbSymbol": "none",
          "chance": 0
        },
        {
          "dbSymbol": "none",
          "chance": 0
        }
      ],
      "abilities": [
        "overgrow",
        "overgrow",
        "leaf_guard"
      ],
      "frontOffsetY": 0,
      "moveSet": [
        {
          "klass": "LevelLearnableMove",
          "move": "tackle",
          "level": 1
        },
        {
          "klass": "LevelLearnableMove",
          "move": "growl",
          "level": 1
        },
        {
          "klass": "LevelLearnableMove",
          "move": "razor_leaf",
          "level": 6
        },
        {
          "klass": "LevelLearnableMove",
          "move": "poison_powder",
          "level": 9
        },
        {
          "klass": "LevelLearnableMove",
          "move": "synthesis",
          "level": 12
        },
        {
          "klass": "LevelLearnableMove",
          "move": "reflect",
          "level": 17
        },
        {
          "klass": "LevelLearnableMove",
          "move": "magical_leaf",
          "level": 20
        },
        {
          "klass": "LevelLearnableMove",
          "move": "natural_gift",
          "level": 23
        },
        {
          "klass": "LevelLearnableMove",
          "move": "sweet_scent",
          "level": 28
        },
        {
          "klass": "LevelLearnableMove",
          "move": "light_screen",
          "level": 31
        },
        {
          "klass": "LevelLearnableMove",
          "move": "body_slam",
          "level": 34
        },
        {
          "klass": "LevelLearnableMove",
          "move": "safeguard",
          "level": 39
        },
        {
          "klass": "LevelLearnableMove",
          "move": "aromatherapy",
          "level": 42
        },
        {
          "klass": "LevelLearnableMove",
          "move": "solar_beam",
          "level": 45
        },
        {
          "klass": "TutorLearnableMove",
          "move": "grass_pledge"
        },
        {
          "klass": "TutorLearnableMove",
          "move": "seed_bomb"
        },
        {
          "klass": "TutorLearnableMove",
          "move": "giga_drain"
        },
        {
          "klass": "TutorLearnableMove",
          "move": "iron_tail"
        },
        {
          "klass": "TutorLearnableMove",
          "move": "magic_coat"
        },
        {
          "klass": "TutorLearnableMove",
          "move": "snore"
        },
        {
          "klass": "TutorLearnableMove",
          "move": "synthesis"
        },
        {
          "klass": "TutorLearnableMove",
          "move": "worry_seed"
        },
        {
          "klass": "TechLearnableMove",
          "move": "work_up"
        },
        {
          "klass": "TechLearnableMove",
          "move": "toxic"
        },
        {
          "klass": "TechLearnableMove",
          "move": "hidden_power"
        },
        {
          "klass": "TechLearnableMove",
          "move": "sunny_day"
        },
        {
          "klass": "TechLearnableMove",
          "move": "light_screen"
        },
        {
          "klass": "TechLearnableMove",
          "move": "protect"
        },
        {
          "klass": "TechLearnableMove",
          "move": "safeguard"
        },
        {
          "klass": "TechLearnableMove",
          "move": "frustration"
        },
        {
          "klass": "TechLearnableMove",
          "move": "solar_beam"
        },
        {
          "klass": "TechLearnableMove",
          "move": "return"
        },
        {
          "klass": "TechLearnableMove",
          "move": "double_team"
        },
        {
          "klass": "TechLearnableMove",
          "move": "reflect"
        },
        {
          "klass": "TechLearnableMove",
          "move": "facade"
        },
        {
          "klass": "TechLearnableMove",
          "move": "rest"
        },
        {
          "klass": "TechLearnableMove",
          "move": "attract"
        },
        {
          "klass": "TechLearnableMove",
          "move": "round"
        },
        {
          "klass": "TechLearnableMove",
          "move": "echoed_voice"
        },
        {
          "klass": "TechLearnableMove",
          "move": "energy_ball"
        },
        {
          "klass": "TechLearnableMove",
          "move": "swords_dance"
        },
        {
          "klass": "TechLearnableMove",
          "move": "grass_knot"
        },
        {
          "klass": "TechLearnableMove",
          "move": "swagger"
        },
        {
          "klass": "TechLearnableMove",
          "move": "sleep_talk"
        },
        {
          "klass": "TechLearnableMove",
          "move": "substitute"
        },
        {
          "klass": "TechLearnableMove",
          "move": "nature_power"
        },
        {
          "klass": "TechLearnableMove",
          "move": "confide"
        },
        {
          "klass": "TechLearnableMove",
          "move": "secret_power"
        },
        {
          "klass": "TechLearnableMove",
          "move": "cut"
        },
        {
          "klass": "BreedLearnableMove",
          "move": "ancient_power"
        },
        {
          "klass": "BreedLearnableMove",
          "move": "aromatherapy"
        },
        {
          "klass": "BreedLearnableMove",
          "move": "body_slam"
        },
        {
          "klass": "BreedLearnableMove",
          "move": "counter"
        },
        {
          "klass": "BreedLearnableMove",
          "move": "flail"
        },
        {
          "klass": "BreedLearnableMove",
          "move": "grass_whistle"
        },
        {
          "klass": "BreedLearnableMove",
          "move": "grassy_terrain"
        },
        {
          "klass": "BreedLearnableMove",
          "move": "heal_pulse"
        },
        {
          "klass": "BreedLearnableMove",
          "move": "ingrain"
        },
        {
          "klass": "BreedLearnableMove",
          "move": "leaf_storm"
        },
        {
          "klass": "BreedLearnableMove",
          "move": "leech_seed"
        },
        {
          "klass": "BreedLearnableMove",
          "move": "refresh"
        },
        {
          "klass": "BreedLearnableMove",
          "move": "nature_power"
        },
        {
          "klass": "BreedLearnableMove",
          "move": "vine_whip"
        },
        {
          "klass": "BreedLearnableMove",
          "move": "wring_out"
        }
      ],
      "resources": {
        "icon": "152",
        "iconShiny": "",
        "front": "152",
        "frontShiny": "152",
        "back": "152",
        "backShiny": "152",
        "footprint": "152",
        "character": "152_0",
        "characterShiny": "152s_0",
        "cry": "152cry.ogg",
        "hasFemale": false
      }
    }
  ]
}