{
  "klass": "Specie",
  "id": 170,
  "dbSymbol": "chinchou",
  "forms": [
    {
      "form": 0,
      "height": 0.5,
      "weight": 12,
      "type1": "water",
      "type2": "electric",
      "baseHp": 75,
      "baseAtk": 38,
      "baseDfe": 38,
      "baseSpd": 67,
      "baseAts": 56,
      "baseDfs": 56,
      "evHp": 1,
      "evAtk": 0,
      "evDfe": 0,
      "evSpd": 0,
      "evAts": 0,
      "evDfs": 0,
      "evolutions": [
        {
          "dbSymbol": "lanturn",
          "form": 0,
          "conditions": [
            {
              "type": "minLevel",
              "value": 27
            }
          ]
        }
      ],
      "experienceType": 2,
      "baseExperience": 66,
      "baseLoyalty": 70,
      "catchRate": 190,
      "femaleRate": 50,
      "breedGroups": [
        12,
        12
      ],
      "hatchSteps": 5120,
      "babyDbSymbol": "chinchou",
      "babyForm": 0,
      "itemHeld": [
        {
          "dbSymbol": "deep_sea_scale",
          "chance": 5
        },
        {
          "dbSymbol": "none",
          "chance": 0
        }
      ],
      "abilities": [
        "volt_absorb",
        "illuminate",
        "water_absorb"
      ],
      "frontOffsetY": 0,
      "moveSet": [
        {
          "klass": "LevelLearnableMove",
          "move": "supersonic",
          "level": 1
        },
        {
          "klass": "LevelLearnableMove",
          "move": "bubble",
          "level": 1
        },
        {
          "klass": "LevelLearnableMove",
          "move": "thunder_wave",
          "level": 6
        },
        {
          "klass": "LevelLearnableMove",
          "move": "electro_ball",
          "level": 9
        },
        {
          "klass": "LevelLearnableMove",
          "move": "water_gun",
          "level": 12
        },
        {
          "klass": "LevelLearnableMove",
          "move": "confuse_ray",
          "level": 17
        },
        {
          "klass": "LevelLearnableMove",
          "move": "bubble_beam",
          "level": 20
        },
        {
          "klass": "LevelLearnableMove",
          "move": "spark",
          "level": 23
        },
        {
          "klass": "LevelLearnableMove",
          "move": "signal_beam",
          "level": 28
        },
        {
          "klass": "LevelLearnableMove",
          "move": "flail",
          "level": 31
        },
        {
          "klass": "LevelLearnableMove",
          "move": "discharge",
          "level": 34
        },
        {
          "klass": "LevelLearnableMove",
          "move": "take_down",
          "level": 39
        },
        {
          "klass": "LevelLearnableMove",
          "move": "aqua_ring",
          "level": 42
        },
        {
          "klass": "LevelLearnableMove",
          "move": "hydro_pump",
          "level": 45
        },
        {
          "klass": "LevelLearnableMove",
          "move": "ion_deluge",
          "level": 47
        },
        {
          "klass": "LevelLearnableMove",
          "move": "charge",
          "level": 50
        },
        {
          "klass": "TutorLearnableMove",
          "move": "heal_bell"
        },
        {
          "klass": "TutorLearnableMove",
          "move": "shock_wave"
        },
        {
          "klass": "TutorLearnableMove",
          "move": "signal_beam"
        },
        {
          "klass": "TutorLearnableMove",
          "move": "bounce"
        },
        {
          "klass": "TutorLearnableMove",
          "move": "snore"
        },
        {
          "klass": "TutorLearnableMove",
          "move": "water_pulse"
        },
        {
          "klass": "TutorLearnableMove",
          "move": "icy_wind"
        },
        {
          "klass": "TechLearnableMove",
          "move": "toxic"
        },
        {
          "klass": "TechLearnableMove",
          "move": "hail"
        },
        {
          "klass": "TechLearnableMove",
          "move": "hidden_power"
        },
        {
          "klass": "TechLearnableMove",
          "move": "ice_beam"
        },
        {
          "klass": "TechLearnableMove",
          "move": "blizzard"
        },
        {
          "klass": "TechLearnableMove",
          "move": "protect"
        },
        {
          "klass": "TechLearnableMove",
          "move": "rain_dance"
        },
        {
          "klass": "TechLearnableMove",
          "move": "frustration"
        },
        {
          "klass": "TechLearnableMove",
          "move": "thunderbolt"
        },
        {
          "klass": "TechLearnableMove",
          "move": "thunder"
        },
        {
          "klass": "TechLearnableMove",
          "move": "return"
        },
        {
          "klass": "TechLearnableMove",
          "move": "double_team"
        },
        {
          "klass": "TechLearnableMove",
          "move": "facade"
        },
        {
          "klass": "TechLearnableMove",
          "move": "rest"
        },
        {
          "klass": "TechLearnableMove",
          "move": "attract"
        },
        {
          "klass": "TechLearnableMove",
          "move": "round"
        },
        {
          "klass": "TechLearnableMove",
          "move": "scald"
        },
        {
          "klass": "TechLearnableMove",
          "move": "charge_beam"
        },
        {
          "klass": "TechLearnableMove",
          "move": "volt_switch"
        },
        {
          "klass": "TechLearnableMove",
          "move": "thunder_wave"
        },
        {
          "klass": "TechLearnableMove",
          "move": "swagger"
        },
        {
          "klass": "TechLearnableMove",
          "move": "sleep_talk"
        },
        {
          "klass": "TechLearnableMove",
          "move": "substitute"
        },
        {
          "klass": "TechLearnableMove",
          "move": "wild_charge"
        },
        {
          "klass": "TechLearnableMove",
          "move": "surf"
        },
        {
          "klass": "TechLearnableMove",
          "move": "waterfall"
        },
        {
          "klass": "TechLearnableMove",
          "move": "dazzling_gleam"
        },
        {
          "klass": "TechLearnableMove",
          "move": "confide"
        },
        {
          "klass": "TechLearnableMove",
          "move": "secret_power"
        },
        {
          "klass": "TechLearnableMove",
          "move": "whirlpool"
        },
        {
          "klass": "BreedLearnableMove",
          "move": "agility"
        },
        {
          "klass": "BreedLearnableMove",
          "move": "amnesia"
        },
        {
          "klass": "BreedLearnableMove",
          "move": "brine"
        },
        {
          "klass": "BreedLearnableMove",
          "move": "flail"
        },
        {
          "klass": "BreedLearnableMove",
          "move": "mist"
        },
        {
          "klass": "BreedLearnableMove",
          "move": "psybeam"
        },
        {
          "klass": "BreedLearnableMove",
          "move": "screech"
        },
        {
          "klass": "BreedLearnableMove",
          "move": "shock_wave"
        },
        {
          "klass": "BreedLearnableMove",
          "move": "water_pulse"
        },
        {
          "klass": "BreedLearnableMove",
          "move": "soak"
        },
        {
          "klass": "BreedLearnableMove",
          "move": "whirlpool"
        }
      ],
      "resources": {
        "icon": "170",
        "iconShiny": "",
        "front": "170",
        "frontShiny": "170",
        "back": "170",
        "backShiny": "170",
        "footprint": "170",
        "character": "170_0",
        "characterShiny": "170s_0",
        "cry": "170cry.ogg",
        "hasFemale": false
      }
    }
  ]
}
