{
  "klass": "Specie",
  "id": 366,
  "dbSymbol": "clamperl",
  "forms": [
    {
      "form": 0,
      "height": 0.4,
      "weight": 52.5,
      "type1": "water",
      "type2": "__undef__",
      "baseHp": 35,
      "baseAtk": 64,
      "baseDfe": 85,
      "baseSpd": 32,
      "baseAts": 74,
      "baseDfs": 55,
      "evHp": 0,
      "evAtk": 0,
      "evDfe": 1,
      "evSpd": 0,
      "evAts": 0,
      "evDfs": 0,
      "evolutions": [
        {
          "dbSymbol": "huntail",
          "form": 0,
          "conditions": [
            {
              "type": "trade",
              "value": true
            },
            {
              "type": "itemHold",
              "value": "deep_sea_tooth"
            }
          ]
        },
        {
          "dbSymbol": "gorebyss",
          "form": 0,
          "conditions": [
            {
              "type": "trade",
              "value": true
            },
            {
              "type": "itemHold",
              "value": "deep_sea_scale"
            }
          ]
        }
      ],
      "experienceType": 4,
      "baseExperience": 69,
      "baseLoyalty": 70,
      "catchRate": 255,
      "femaleRate": 50,
      "breedGroups": [
        2,
        2
      ],
      "hatchSteps": 5120,
      "babyDbSymbol": "clamperl",
      "babyForm": 0,
      "itemHeld": [
        {
          "dbSymbol": "pearl",
          "chance": 10
        },
        {
          "dbSymbol": "big_pearl",
          "chance": 10
        }
      ],
      "abilities": [
        "shell_armor",
        "shell_armor",
        "rattled"
      ],
      "frontOffsetY": 0,
      "moveSet": [
        {
          "klass": "LevelLearnableMove",
          "move": "clamp",
          "level": 1
        },
        {
          "klass": "LevelLearnableMove",
          "move": "iron_defense",
          "level": 1
        },
        {
          "klass": "LevelLearnableMove",
          "move": "water_gun",
          "level": 1
        },
        {
          "klass": "LevelLearnableMove",
          "move": "whirlpool",
          "level": 1
        },
        {
          "klass": "LevelLearnableMove",
          "move": "shell_smash",
          "level": 50
        },
        {
          "klass": "TutorLearnableMove",
          "move": "iron_defense"
        },
        {
          "klass": "TutorLearnableMove",
          "move": "snore"
        },
        {
          "klass": "TutorLearnableMove",
          "move": "water_pulse"
        },
        {
          "klass": "TutorLearnableMove",
          "move": "icy_wind"
        },
        {
          "klass": "TechLearnableMove",
          "move": "toxic"
        },
        {
          "klass": "TechLearnableMove",
          "move": "hail"
        },
        {
          "klass": "TechLearnableMove",
          "move": "hidden_power"
        },
        {
          "klass": "TechLearnableMove",
          "move": "ice_beam"
        },
        {
          "klass": "TechLearnableMove",
          "move": "blizzard"
        },
        {
          "klass": "TechLearnableMove",
          "move": "protect"
        },
        {
          "klass": "TechLearnableMove",
          "move": "rain_dance"
        },
        {
          "klass": "TechLearnableMove",
          "move": "frustration"
        },
        {
          "klass": "TechLearnableMove",
          "move": "return"
        },
        {
          "klass": "TechLearnableMove",
          "move": "double_team"
        },
        {
          "klass": "TechLearnableMove",
          "move": "facade"
        },
        {
          "klass": "TechLearnableMove",
          "move": "rest"
        },
        {
          "klass": "TechLearnableMove",
          "move": "attract"
        },
        {
          "klass": "TechLearnableMove",
          "move": "round"
        },
        {
          "klass": "TechLearnableMove",
          "move": "scald"
        },
        {
          "klass": "TechLearnableMove",
          "move": "swagger"
        },
        {
          "klass": "TechLearnableMove",
          "move": "sleep_talk"
        },
        {
          "klass": "TechLearnableMove",
          "move": "substitute"
        },
        {
          "klass": "TechLearnableMove",
          "move": "surf"
        },
        {
          "klass": "TechLearnableMove",
          "move": "waterfall"
        },
        {
          "klass": "TechLearnableMove",
          "move": "confide"
        },
        {
          "klass": "TechLearnableMove",
          "move": "secret_power"
        },
        {
          "klass": "TechLearnableMove",
          "move": "whirlpool"
        },
        {
          "klass": "BreedLearnableMove",
          "move": "aqua_ring"
        },
        {
          "klass": "BreedLearnableMove",
          "move": "barrier"
        },
        {
          "klass": "BreedLearnableMove",
          "move": "body_slam"
        },
        {
          "klass": "BreedLearnableMove",
          "move": "brine"
        },
        {
          "klass": "BreedLearnableMove",
          "move": "confuse_ray"
        },
        {
          "klass": "BreedLearnableMove",
          "move": "endure"
        },
        {
          "klass": "BreedLearnableMove",
          "move": "mud_sport"
        },
        {
          "klass": "BreedLearnableMove",
          "move": "muddy_water"
        },
        {
          "klass": "BreedLearnableMove",
          "move": "refresh"
        },
        {
          "klass": "BreedLearnableMove",
          "move": "supersonic"
        },
        {
          "klass": "BreedLearnableMove",
          "move": "water_pulse"
        }
      ],
      "resources": {
        "icon": "366",
        "iconShiny": "",
        "front": "366",
        "frontShiny": "366",
        "back": "366",
        "backShiny": "366",
        "footprint": "366",
        "character": "366_0",
        "characterShiny": "366s_0",
        "cry": "366cry.ogg",
        "hasFemale": false
      }
    }
  ]
}
