{
  "klass": "Specie",
  "id": 344,
  "dbSymbol": "claydol",
  "forms": [
    {
      "form": 0,
      "height": 1.5,
      "weight": 108,
      "type1": "ground",
      "type2": "psychic",
      "baseHp": 60,
      "baseAtk": 70,
      "baseDfe": 105,
      "baseSpd": 75,
      "baseAts": 70,
      "baseDfs": 120,
      "evHp": 0,
      "evAtk": 0,
      "evDfe": 0,
      "evSpd": 0,
      "evAts": 0,
      "evDfs": 2,
      "evolutions": [],
      "experienceType": 1,
      "baseExperience": 175,
      "baseLoyalty": 70,
      "catchRate": 90,
      "femaleRate": -1,
      "breedGroups": [
        10,
        10
      ],
      "hatchSteps": 5120,
      "babyDbSymbol": "baltoy",
      "babyForm": 0,
      "itemHeld": [
        {
          "dbSymbol": "none",
          "chance": 0
        },
        {
          "dbSymbol": "none",
          "chance": 0
        }
      ],
      "abilities": [
        "levitate",
        "levitate",
        "levitate"
      ],
      "frontOffsetY": 0,
      "moveSet": [
        {
          "klass": "LevelLearnableMove",
          "move": "rapid_spin",
          "level": 1
        },
        {
          "klass": "LevelLearnableMove",
          "move": "teleport",
          "level": 1
        },
        {
          "klass": "LevelLearnableMove",
          "move": "harden",
          "level": 1
        },
        {
          "klass": "LevelLearnableMove",
          "move": "confusion",
          "level": 1
        },
        {
          "klass": "LevelLearnableMove",
          "move": "hyper_beam",
          "level": 1
        },
        {
          "klass": "LevelLearnableMove",
          "move": "rapid_spin",
          "level": 4
        },
        {
          "klass": "LevelLearnableMove",
          "move": "mud_slap",
          "level": 7
        },
        {
          "klass": "LevelLearnableMove",
          "move": "heal_block",
          "level": 10
        },
        {
          "klass": "LevelLearnableMove",
          "move": "rock_tomb",
          "level": 13
        },
        {
          "klass": "LevelLearnableMove",
          "move": "psybeam",
          "level": 16
        },
        {
          "klass": "LevelLearnableMove",
          "move": "ancient_power",
          "level": 19
        },
        {
          "klass": "LevelLearnableMove",
          "move": "cosmic_power",
          "level": 22
        },
        {
          "klass": "LevelLearnableMove",
          "move": "power_trick",
          "level": 25
        },
        {
          "klass": "LevelLearnableMove",
          "move": "self_destruct",
          "level": 28
        },
        {
          "klass": "LevelLearnableMove",
          "move": "extrasensory",
          "level": 31
        },
        {
          "klass": "LevelLearnableMove",
          "move": "guard_split",
          "level": 34
        },
        {
          "klass": "LevelLearnableMove",
          "move": "power_split",
          "level": 34
        },
        {
          "klass": "LevelLearnableMove",
          "move": "earth_power",
          "level": 40
        },
        {
          "klass": "LevelLearnableMove",
          "move": "sandstorm",
          "level": 46
        },
        {
          "klass": "LevelLearnableMove",
          "move": "imprison",
          "level": 52
        },
        {
          "klass": "LevelLearnableMove",
          "move": "explosion",
          "level": 58
        },
        {
          "klass": "TutorLearnableMove",
          "move": "skill_swap"
        },
        {
          "klass": "TutorLearnableMove",
          "move": "gravity"
        },
        {
          "klass": "TutorLearnableMove",
          "move": "ally_switch"
        },
        {
          "klass": "TutorLearnableMove",
          "move": "telekinesis"
        },
        {
          "klass": "TutorLearnableMove",
          "move": "stealth_rock"
        },
        {
          "klass": "TutorLearnableMove",
          "move": "signal_beam"
        },
        {
          "klass": "TutorLearnableMove",
          "move": "recycle"
        },
        {
          "klass": "TutorLearnableMove",
          "move": "magic_coat"
        },
        {
          "klass": "TutorLearnableMove",
          "move": "snore"
        },
        {
          "klass": "TutorLearnableMove",
          "move": "earth_power"
        },
        {
          "klass": "TutorLearnableMove",
          "move": "trick"
        },
        {
          "klass": "TutorLearnableMove",
          "move": "zen_headbutt"
        },
        {
          "klass": "TutorLearnableMove",
          "move": "drill_run"
        },
        {
          "klass": "TutorLearnableMove",
          "move": "wonder_room"
        },
        {
          "klass": "TechLearnableMove",
          "move": "psyshock"
        },
        {
          "klass": "TechLearnableMove",
          "move": "calm_mind"
        },
        {
          "klass": "TechLearnableMove",
          "move": "toxic"
        },
        {
          "klass": "TechLearnableMove",
          "move": "hidden_power"
        },
        {
          "klass": "TechLearnableMove",
          "move": "sunny_day"
        },
        {
          "klass": "TechLearnableMove",
          "move": "ice_beam"
        },
        {
          "klass": "TechLearnableMove",
          "move": "hyper_beam"
        },
        {
          "klass": "TechLearnableMove",
          "move": "light_screen"
        },
        {
          "klass": "TechLearnableMove",
          "move": "protect"
        },
        {
          "klass": "TechLearnableMove",
          "move": "rain_dance"
        },
        {
          "klass": "TechLearnableMove",
          "move": "safeguard"
        },
        {
          "klass": "TechLearnableMove",
          "move": "frustration"
        },
        {
          "klass": "TechLearnableMove",
          "move": "solar_beam"
        },
        {
          "klass": "TechLearnableMove",
          "move": "smack_down"
        },
        {
          "klass": "TechLearnableMove",
          "move": "earthquake"
        },
        {
          "klass": "TechLearnableMove",
          "move": "return"
        },
        {
          "klass": "TechLearnableMove",
          "move": "psychic"
        },
        {
          "klass": "TechLearnableMove",
          "move": "shadow_ball"
        },
        {
          "klass": "TechLearnableMove",
          "move": "double_team"
        },
        {
          "klass": "TechLearnableMove",
          "move": "reflect"
        },
        {
          "klass": "TechLearnableMove",
          "move": "sandstorm"
        },
        {
          "klass": "TechLearnableMove",
          "move": "rock_tomb"
        },
        {
          "klass": "TechLearnableMove",
          "move": "facade"
        },
        {
          "klass": "TechLearnableMove",
          "move": "rest"
        },
        {
          "klass": "TechLearnableMove",
          "move": "round"
        },
        {
          "klass": "TechLearnableMove",
          "move": "charge_beam"
        },
        {
          "klass": "TechLearnableMove",
          "move": "explosion"
        },
        {
          "klass": "TechLearnableMove",
          "move": "giga_impact"
        },
        {
          "klass": "TechLearnableMove",
          "move": "rock_polish"
        },
        {
          "klass": "TechLearnableMove",
          "move": "stone_edge"
        },
        {
          "klass": "TechLearnableMove",
          "move": "gyro_ball"
        },
        {
          "klass": "TechLearnableMove",
          "move": "psych_up"
        },
        {
          "klass": "TechLearnableMove",
          "move": "bulldoze"
        },
        {
          "klass": "TechLearnableMove",
          "move": "rock_slide"
        },
        {
          "klass": "TechLearnableMove",
          "move": "dream_eater"
        },
        {
          "klass": "TechLearnableMove",
          "move": "grass_knot"
        },
        {
          "klass": "TechLearnableMove",
          "move": "swagger"
        },
        {
          "klass": "TechLearnableMove",
          "move": "sleep_talk"
        },
        {
          "klass": "TechLearnableMove",
          "move": "substitute"
        },
        {
          "klass": "TechLearnableMove",
          "move": "trick_room"
        },
        {
          "klass": "TechLearnableMove",
          "move": "dazzling_gleam"
        },
        {
          "klass": "TechLearnableMove",
          "move": "confide"
        },
        {
          "klass": "TechLearnableMove",
          "move": "secret_power"
        },
        {
          "klass": "TechLearnableMove",
          "move": "strength"
        },
        {
          "klass": "TechLearnableMove",
          "move": "rock_smash"
        },
        {
          "klass": "EvolutionLearnableMove",
          "move": "hyper_beam"
        }
      ],
      "resources": {
        "icon": "344",
        "iconShiny": "",
        "front": "344",
        "frontShiny": "344",
        "back": "344",
        "backShiny": "344",
        "footprint": "344",
        "character": "344_0",
        "characterShiny": "344s_0",
        "cry": "344cry.ogg",
        "hasFemale": false
      }
    }
  ]
}