{
  "klass": "Specie",
  "id": 35,
  "dbSymbol": "clefairy",
  "forms": [
    {
      "form": 0,
      "height": 0.6,
      "weight": 7.5,
      "type1": "fairy",
      "type2": "__undef__",
      "baseHp": 70,
      "baseAtk": 45,
      "baseDfe": 48,
      "baseSpd": 35,
      "baseAts": 60,
      "baseDfs": 65,
      "evHp": 2,
      "evAtk": 0,
      "evDfe": 0,
      "evSpd": 0,
      "evAts": 0,
      "evDfs": 0,
      "evolutions": [
        {
          "dbSymbol": "clefable",
          "form": 0,
          "conditions": [
            {
              "type": "stone",
              "value": "moon_stone"
            }
          ]
        }
      ],
      "experienceType": 0,
      "baseExperience": 113,
      "baseLoyalty": 140,
      "catchRate": 150,
      "femaleRate": 75,
      "breedGroups": [
        6,
        6
      ],
      "hatchSteps": 2560,
      "babyDbSymbol": "cleffa",
      "babyForm": 0,
      "itemHeld": [
        {
          "dbSymbol": "moon_stone",
          "chance": 5
        },
        {
          "dbSymbol": "none",
          "chance": 0
        }
      ],
      "abilities": [
        "cute_charm",
        "magic_guard",
        "friend_guard"
      ],
      "frontOffsetY": 0,
      "moveSet": [
        {
          "klass": "LevelLearnableMove",
          "move": "disarming_voice",
          "level": 1
        },
        {
          "klass": "LevelLearnableMove",
          "move": "pound",
          "level": 1
        },
        {
          "klass": "LevelLearnableMove",
          "move": "growl",
          "level": 1
        },
        {
          "klass": "LevelLearnableMove",
          "move": "encore",
          "level": 1
        },
        {
          "klass": "LevelLearnableMove",
          "move": "spotlight",
          "level": 1
        },
        {
          "klass": "LevelLearnableMove",
          "move": "sing",
          "level": 7
        },
        {
          "klass": "LevelLearnableMove",
          "move": "double_slap",
          "level": 10
        },
        {
          "klass": "LevelLearnableMove",
          "move": "defense_curl",
          "level": 13
        },
        {
          "klass": "LevelLearnableMove",
          "move": "follow_me",
          "level": 16
        },
        {
          "klass": "LevelLearnableMove",
          "move": "bestow",
          "level": 19
        },
        {
          "klass": "LevelLearnableMove",
          "move": "wake_up_slap",
          "level": 22
        },
        {
          "klass": "LevelLearnableMove",
          "move": "minimize",
          "level": 25
        },
        {
          "klass": "LevelLearnableMove",
          "move": "stored_power",
          "level": 28
        },
        {
          "klass": "LevelLearnableMove",
          "move": "metronome",
          "level": 31
        },
        {
          "klass": "LevelLearnableMove",
          "move": "cosmic_power",
          "level": 34
        },
        {
          "klass": "LevelLearnableMove",
          "move": "lucky_chant",
          "level": 37
        },
        {
          "klass": "LevelLearnableMove",
          "move": "body_slam",
          "level": 40
        },
        {
          "klass": "LevelLearnableMove",
          "move": "moonlight",
          "level": 43
        },
        {
          "klass": "LevelLearnableMove",
          "move": "moonblast",
          "level": 46
        },
        {
          "klass": "LevelLearnableMove",
          "move": "gravity",
          "level": 49
        },
        {
          "klass": "LevelLearnableMove",
          "move": "meteor_mash",
          "level": 50
        },
        {
          "klass": "LevelLearnableMove",
          "move": "healing_wish",
          "level": 55
        },
        {
          "klass": "LevelLearnableMove",
          "move": "after_you",
          "level": 58
        },
        {
          "klass": "TutorLearnableMove",
          "move": "after_you"
        },
        {
          "klass": "TutorLearnableMove",
          "move": "helping_hand"
        },
        {
          "klass": "TutorLearnableMove",
          "move": "last_resort"
        },
        {
          "klass": "TutorLearnableMove",
          "move": "endeavor"
        },
        {
          "klass": "TutorLearnableMove",
          "move": "heal_bell"
        },
        {
          "klass": "TutorLearnableMove",
          "move": "gravity"
        },
        {
          "klass": "TutorLearnableMove",
          "move": "role_play"
        },
        {
          "klass": "TutorLearnableMove",
          "move": "covet"
        },
        {
          "klass": "TutorLearnableMove",
          "move": "telekinesis"
        },
        {
          "klass": "TutorLearnableMove",
          "move": "hyper_voice"
        },
        {
          "klass": "TutorLearnableMove",
          "move": "focus_punch"
        },
        {
          "klass": "TutorLearnableMove",
          "move": "shock_wave"
        },
        {
          "klass": "TutorLearnableMove",
          "move": "stealth_rock"
        },
        {
          "klass": "TutorLearnableMove",
          "move": "thunder_punch"
        },
        {
          "klass": "TutorLearnableMove",
          "move": "fire_punch"
        },
        {
          "klass": "TutorLearnableMove",
          "move": "ice_punch"
        },
        {
          "klass": "TutorLearnableMove",
          "move": "iron_tail"
        },
        {
          "klass": "TutorLearnableMove",
          "move": "signal_beam"
        },
        {
          "klass": "TutorLearnableMove",
          "move": "bounce"
        },
        {
          "klass": "TutorLearnableMove",
          "move": "recycle"
        },
        {
          "klass": "TutorLearnableMove",
          "move": "magic_coat"
        },
        {
          "klass": "TutorLearnableMove",
          "move": "snore"
        },
        {
          "klass": "TutorLearnableMove",
          "move": "knock_off"
        },
        {
          "klass": "TutorLearnableMove",
          "move": "snatch"
        },
        {
          "klass": "TutorLearnableMove",
          "move": "trick"
        },
        {
          "klass": "TutorLearnableMove",
          "move": "zen_headbutt"
        },
        {
          "klass": "TutorLearnableMove",
          "move": "drain_punch"
        },
        {
          "klass": "TutorLearnableMove",
          "move": "icy_wind"
        },
        {
          "klass": "TutorLearnableMove",
          "move": "water_pulse"
        },
        {
          "klass": "TutorLearnableMove",
          "move": "wonder_room"
        },
        {
          "klass": "TechLearnableMove",
          "move": "work_up"
        },
        {
          "klass": "TechLearnableMove",
          "move": "psyshock"
        },
        {
          "klass": "TechLearnableMove",
          "move": "calm_mind"
        },
        {
          "klass": "TechLearnableMove",
          "move": "toxic"
        },
        {
          "klass": "TechLearnableMove",
          "move": "hidden_power"
        },
        {
          "klass": "TechLearnableMove",
          "move": "sunny_day"
        },
        {
          "klass": "TechLearnableMove",
          "move": "ice_beam"
        },
        {
          "klass": "TechLearnableMove",
          "move": "blizzard"
        },
        {
          "klass": "TechLearnableMove",
          "move": "light_screen"
        },
        {
          "klass": "TechLearnableMove",
          "move": "protect"
        },
        {
          "klass": "TechLearnableMove",
          "move": "rain_dance"
        },
        {
          "klass": "TechLearnableMove",
          "move": "safeguard"
        },
        {
          "klass": "TechLearnableMove",
          "move": "frustration"
        },
        {
          "klass": "TechLearnableMove",
          "move": "solar_beam"
        },
        {
          "klass": "TechLearnableMove",
          "move": "thunderbolt"
        },
        {
          "klass": "TechLearnableMove",
          "move": "thunder"
        },
        {
          "klass": "TechLearnableMove",
          "move": "return"
        },
        {
          "klass": "TechLearnableMove",
          "move": "psychic"
        },
        {
          "klass": "TechLearnableMove",
          "move": "shadow_ball"
        },
        {
          "klass": "TechLearnableMove",
          "move": "brick_break"
        },
        {
          "klass": "TechLearnableMove",
          "move": "double_team"
        },
        {
          "klass": "TechLearnableMove",
          "move": "reflect"
        },
        {
          "klass": "TechLearnableMove",
          "move": "flamethrower"
        },
        {
          "klass": "TechLearnableMove",
          "move": "fire_blast"
        },
        {
          "klass": "TechLearnableMove",
          "move": "facade"
        },
        {
          "klass": "TechLearnableMove",
          "move": "rest"
        },
        {
          "klass": "TechLearnableMove",
          "move": "attract"
        },
        {
          "klass": "TechLearnableMove",
          "move": "round"
        },
        {
          "klass": "TechLearnableMove",
          "move": "echoed_voice"
        },
        {
          "klass": "TechLearnableMove",
          "move": "fling"
        },
        {
          "klass": "TechLearnableMove",
          "move": "charge_beam"
        },
        {
          "klass": "TechLearnableMove",
          "move": "thunder_wave"
        },
        {
          "klass": "TechLearnableMove",
          "move": "psych_up"
        },
        {
          "klass": "TechLearnableMove",
          "move": "dream_eater"
        },
        {
          "klass": "TechLearnableMove",
          "move": "grass_knot"
        },
        {
          "klass": "TechLearnableMove",
          "move": "swagger"
        },
        {
          "klass": "TechLearnableMove",
          "move": "sleep_talk"
        },
        {
          "klass": "TechLearnableMove",
          "move": "substitute"
        },
        {
          "klass": "TechLearnableMove",
          "move": "dazzling_gleam"
        },
        {
          "klass": "TechLearnableMove",
          "move": "confide"
        },
        {
          "klass": "TechLearnableMove",
          "move": "secret_power"
        },
        {
          "klass": "TechLearnableMove",
          "move": "power_up_punch"
        },
        {
          "klass": "TechLearnableMove",
          "move": "strength"
        },
        {
          "klass": "TechLearnableMove",
          "move": "rock_smash"
        }
      ],
      "resources": {
        "icon": "035",
        "iconShiny": "",
        "front": "035",
        "frontShiny": "035",
        "back": "035",
        "backShiny": "035",
        "footprint": "035",
        "character": "035_0",
        "characterShiny": "035s_0",
        "cry": "035cry.ogg",
        "hasFemale": false
      }
    }
  ]
}