{
  "klass": "Specie",
  "id": 91,
  "dbSymbol": "cloyster",
  "forms": [
    {
      "form": 0,
      "height": 1.5,
      "weight": 132.5,
      "type1": "water",
      "type2": "ice",
      "baseHp": 50,
      "baseAtk": 95,
      "baseDfe": 180,
      "baseSpd": 70,
      "baseAts": 85,
      "baseDfs": 45,
      "evHp": 0,
      "evAtk": 0,
      "evDfe": 2,
      "evSpd": 0,
      "evAts": 0,
      "evDfs": 0,
      "evolutions": [],
      "experienceType": 2,
      "baseExperience": 184,
      "baseLoyalty": 70,
      "catchRate": 60,
      "femaleRate": 50,
      "breedGroups": [
        9,
        9
      ],
      "hatchSteps": 5120,
      "babyDbSymbol": "shellder",
      "babyForm": 0,
      "itemHeld": [
        {
          "dbSymbol": "pearl",
          "chance": 5
        },
        {
          "dbSymbol": "big_pearl",
          "chance": 5
        }
      ],
      "abilities": [
        "shell_armor",
        "skill_link",
        "overcoat"
      ],
      "frontOffsetY": 0,
      "moveSet": [
        {
          "klass": "LevelLearnableMove",
          "move": "protect",
          "level": 1
        },
        {
          "klass": "LevelLearnableMove",
          "move": "shell_smash",
          "level": 1
        },
        {
          "klass": "LevelLearnableMove",
          "move": "hydro_pump",
          "level": 1
        },
        {
          "klass": "LevelLearnableMove",
          "move": "aurora_beam",
          "level": 1
        },
        {
          "klass": "LevelLearnableMove",
          "move": "toxic_spikes",
          "level": 1
        },
        {
          "klass": "LevelLearnableMove",
          "move": "supersonic",
          "level": 1
        },
        {
          "klass": "LevelLearnableMove",
          "move": "withdraw",
          "level": 1
        },
        {
          "klass": "LevelLearnableMove",
          "move": "spike_cannon",
          "level": 13
        },
        {
          "klass": "LevelLearnableMove",
          "move": "spikes",
          "level": 28
        },
        {
          "klass": "LevelLearnableMove",
          "move": "icicle_crash",
          "level": 50
        },
        {
          "klass": "TutorLearnableMove",
          "move": "liquidation"
        },
        {
          "klass": "TutorLearnableMove",
          "move": "iron_defense"
        },
        {
          "klass": "TutorLearnableMove",
          "move": "snore"
        },
        {
          "klass": "TutorLearnableMove",
          "move": "signal_beam"
        },
        {
          "klass": "TutorLearnableMove",
          "move": "icy_wind"
        },
        {
          "klass": "TutorLearnableMove",
          "move": "water_pulse"
        },
        {
          "klass": "TechLearnableMove",
          "move": "toxic"
        },
        {
          "klass": "TechLearnableMove",
          "move": "hail"
        },
        {
          "klass": "TechLearnableMove",
          "move": "hidden_power"
        },
        {
          "klass": "TechLearnableMove",
          "move": "ice_beam"
        },
        {
          "klass": "TechLearnableMove",
          "move": "blizzard"
        },
        {
          "klass": "TechLearnableMove",
          "move": "hyper_beam"
        },
        {
          "klass": "TechLearnableMove",
          "move": "protect"
        },
        {
          "klass": "TechLearnableMove",
          "move": "rain_dance"
        },
        {
          "klass": "TechLearnableMove",
          "move": "frustration"
        },
        {
          "klass": "TechLearnableMove",
          "move": "return"
        },
        {
          "klass": "TechLearnableMove",
          "move": "double_team"
        },
        {
          "klass": "TechLearnableMove",
          "move": "torment"
        },
        {
          "klass": "TechLearnableMove",
          "move": "facade"
        },
        {
          "klass": "TechLearnableMove",
          "move": "rest"
        },
        {
          "klass": "TechLearnableMove",
          "move": "attract"
        },
        {
          "klass": "TechLearnableMove",
          "move": "round"
        },
        {
          "klass": "TechLearnableMove",
          "move": "explosion"
        },
        {
          "klass": "TechLearnableMove",
          "move": "payback"
        },
        {
          "klass": "TechLearnableMove",
          "move": "smart_strike"
        },
        {
          "klass": "TechLearnableMove",
          "move": "giga_impact"
        },
        {
          "klass": "TechLearnableMove",
          "move": "frost_breath"
        },
        {
          "klass": "TechLearnableMove",
          "move": "poison_jab"
        },
        {
          "klass": "TechLearnableMove",
          "move": "swagger"
        },
        {
          "klass": "TechLearnableMove",
          "move": "sleep_talk"
        },
        {
          "klass": "TechLearnableMove",
          "move": "substitute"
        },
        {
          "klass": "TechLearnableMove",
          "move": "surf"
        },
        {
          "klass": "TechLearnableMove",
          "move": "confide"
        },
        {
          "klass": "TechLearnableMove",
          "move": "secret_power"
        },
        {
          "klass": "TechLearnableMove",
          "move": "whirlpool"
        }
      ],
      "resources": {
        "icon": "091",
        "iconShiny": "",
        "front": "091",
        "frontShiny": "091",
        "back": "091",
        "backShiny": "091",
        "footprint": "091",
        "character": "091_0",
        "characterShiny": "091s_0",
        "cry": "091cry.ogg",
        "hasFemale": false
      }
    }
  ]
}
