{
  "klass": "Specie",
  "id": 764,
  "dbSymbol": "comfey",
  "forms": [
    {
      "form": 0,
      "height": 0.1,
      "weight": 0.3,
      "type1": "fairy",
      "type2": "__undef__",
      "baseHp": 51,
      "baseAtk": 52,
      "baseDfe": 90,
      "baseSpd": 100,
      "baseAts": 82,
      "baseDfs": 110,
      "evHp": 0,
      "evAtk": 0,
      "evDfe": 0,
      "evSpd": 0,
      "evAts": 0,
      "evDfs": 2,
      "evolutions": [],
      "experienceType": 0,
      "baseExperience": 170,
      "baseLoyalty": 70,
      "catchRate": 60,
      "femaleRate": 75,
      "breedGroups": [
        7,
        7
      ],
      "hatchSteps": 5120,
      "babyDbSymbol": "comfey",
      "babyForm": 0,
      "itemHeld": [
        {
          "dbSymbol": "none",
          "chance": 0
        },
        {
          "dbSymbol": "none",
          "chance": 0
        }
      ],
      "abilities": [
        "flower_veil",
        "triage",
        "natural_cure"
      ],
      "frontOffsetY": 0,
      "moveSet": [
        {
          "klass": "LevelLearnableMove",
          "move": "helping_hand",
          "level": 1
        },
        {
          "klass": "LevelLearnableMove",
          "move": "flower_shield",
          "level": 1
        },
        {
          "klass": "LevelLearnableMove",
          "move": "vine_whip",
          "level": 1
        },
        {
          "klass": "LevelLearnableMove",
          "move": "leech_seed",
          "level": 4
        },
        {
          "klass": "LevelLearnableMove",
          "move": "draining_kiss",
          "level": 7
        },
        {
          "klass": "LevelLearnableMove",
          "move": "magical_leaf",
          "level": 10
        },
        {
          "klass": "LevelLearnableMove",
          "move": "growth",
          "level": 13
        },
        {
          "klass": "LevelLearnableMove",
          "move": "wrap",
          "level": 16
        },
        {
          "klass": "LevelLearnableMove",
          "move": "sweet_kiss",
          "level": 19
        },
        {
          "klass": "LevelLearnableMove",
          "move": "natural_gift",
          "level": 22
        },
        {
          "klass": "LevelLearnableMove",
          "move": "petal_blizzard",
          "level": 25
        },
        {
          "klass": "LevelLearnableMove",
          "move": "synthesis",
          "level": 28
        },
        {
          "klass": "LevelLearnableMove",
          "move": "sweet_scent",
          "level": 31
        },
        {
          "klass": "LevelLearnableMove",
          "move": "grass_knot",
          "level": 34
        },
        {
          "klass": "LevelLearnableMove",
          "move": "floral_healing",
          "level": 37
        },
        {
          "klass": "LevelLearnableMove",
          "move": "petal_dance",
          "level": 40
        },
        {
          "klass": "LevelLearnableMove",
          "move": "aromatherapy",
          "level": 43
        },
        {
          "klass": "LevelLearnableMove",
          "move": "grassy_terrain",
          "level": 46
        },
        {
          "klass": "LevelLearnableMove",
          "move": "play_rough",
          "level": 49
        },
        {
          "klass": "TutorLearnableMove",
          "move": "defog"
        },
        {
          "klass": "TutorLearnableMove",
          "move": "after_you"
        },
        {
          "klass": "TutorLearnableMove",
          "move": "pain_split"
        },
        {
          "klass": "TutorLearnableMove",
          "move": "seed_bomb"
        },
        {
          "klass": "TutorLearnableMove",
          "move": "helping_hand"
        },
        {
          "klass": "TutorLearnableMove",
          "move": "bind"
        },
        {
          "klass": "TutorLearnableMove",
          "move": "giga_drain"
        },
        {
          "klass": "TutorLearnableMove",
          "move": "heal_bell"
        },
        {
          "klass": "TutorLearnableMove",
          "move": "role_play"
        },
        {
          "klass": "TutorLearnableMove",
          "move": "covet"
        },
        {
          "klass": "TutorLearnableMove",
          "move": "ally_switch"
        },
        {
          "klass": "TutorLearnableMove",
          "move": "telekinesis"
        },
        {
          "klass": "TutorLearnableMove",
          "move": "magic_coat"
        },
        {
          "klass": "TutorLearnableMove",
          "move": "snore"
        },
        {
          "klass": "TutorLearnableMove",
          "move": "synthesis"
        },
        {
          "klass": "TutorLearnableMove",
          "move": "trick"
        },
        {
          "klass": "TutorLearnableMove",
          "move": "worry_seed"
        },
        {
          "klass": "TutorLearnableMove",
          "move": "tailwind"
        },
        {
          "klass": "TechLearnableMove",
          "move": "calm_mind"
        },
        {
          "klass": "TechLearnableMove",
          "move": "toxic"
        },
        {
          "klass": "TechLearnableMove",
          "move": "hidden_power"
        },
        {
          "klass": "TechLearnableMove",
          "move": "sunny_day"
        },
        {
          "klass": "TechLearnableMove",
          "move": "taunt"
        },
        {
          "klass": "TechLearnableMove",
          "move": "hyper_beam"
        },
        {
          "klass": "TechLearnableMove",
          "move": "light_screen"
        },
        {
          "klass": "TechLearnableMove",
          "move": "protect"
        },
        {
          "klass": "TechLearnableMove",
          "move": "safeguard"
        },
        {
          "klass": "TechLearnableMove",
          "move": "frustration"
        },
        {
          "klass": "TechLearnableMove",
          "move": "solar_beam"
        },
        {
          "klass": "TechLearnableMove",
          "move": "return"
        },
        {
          "klass": "TechLearnableMove",
          "move": "double_team"
        },
        {
          "klass": "TechLearnableMove",
          "move": "facade"
        },
        {
          "klass": "TechLearnableMove",
          "move": "rest"
        },
        {
          "klass": "TechLearnableMove",
          "move": "attract"
        },
        {
          "klass": "TechLearnableMove",
          "move": "thief"
        },
        {
          "klass": "TechLearnableMove",
          "move": "round"
        },
        {
          "klass": "TechLearnableMove",
          "move": "echoed_voice"
        },
        {
          "klass": "TechLearnableMove",
          "move": "energy_ball"
        },
        {
          "klass": "TechLearnableMove",
          "move": "fling"
        },
        {
          "klass": "TechLearnableMove",
          "move": "acrobatics"
        },
        {
          "klass": "TechLearnableMove",
          "move": "psych_up"
        },
        {
          "klass": "TechLearnableMove",
          "move": "grass_knot"
        },
        {
          "klass": "TechLearnableMove",
          "move": "swagger"
        },
        {
          "klass": "TechLearnableMove",
          "move": "sleep_talk"
        },
        {
          "klass": "TechLearnableMove",
          "move": "u_turn"
        },
        {
          "klass": "TechLearnableMove",
          "move": "substitute"
        },
        {
          "klass": "TechLearnableMove",
          "move": "trick_room"
        },
        {
          "klass": "TechLearnableMove",
          "move": "nature_power"
        },
        {
          "klass": "TechLearnableMove",
          "move": "dazzling_gleam"
        },
        {
          "klass": "TechLearnableMove",
          "move": "confide"
        },
        {
          "klass": "TechLearnableMove",
          "move": "secret_power"
        },
        {
          "klass": "BreedLearnableMove",
          "move": "after_you"
        },
        {
          "klass": "BreedLearnableMove",
          "move": "amnesia"
        },
        {
          "klass": "BreedLearnableMove",
          "move": "endure"
        },
        {
          "klass": "BreedLearnableMove",
          "move": "lucky_chant"
        }
      ],
      "resources": {
        "icon": "764",
        "iconShiny": "",
        "front": "764",
        "frontShiny": "764",
        "back": "764",
        "backShiny": "764",
        "footprint": "",
        "character": "764_0",
        "characterShiny": "764s_0",
        "cry": "764cry.ogg",
        "hasFemale": false
      }
    }
  ]
}