{
  "klass": "Specie",
  "id": 534,
  "dbSymbol": "conkeldurr",
  "forms": [
    {
      "form": 0,
      "height": 1.4,
      "weight": 87,
      "type1": "fighting",
      "type2": "__undef__",
      "baseHp": 105,
      "baseAtk": 140,
      "baseDfe": 95,
      "baseSpd": 45,
      "baseAts": 55,
      "baseDfs": 65,
      "evHp": 0,
      "evAtk": 3,
      "evDfe": 0,
      "evSpd": 0,
      "evAts": 0,
      "evDfs": 0,
      "evolutions": [],
      "experienceType": 3,
      "baseExperience": 227,
      "baseLoyalty": 70,
      "catchRate": 45,
      "femaleRate": 25,
      "breedGroups": [
        8,
        8
      ],
      "hatchSteps": 5120,
      "babyDbSymbol": "timburr",
      "babyForm": 0,
      "itemHeld": [
        {
          "dbSymbol": "none",
          "chance": 0
        },
        {
          "dbSymbol": "none",
          "chance": 0
        }
      ],
      "abilities": [
        "guts",
        "sheer_force",
        "iron_fist"
      ],
      "frontOffsetY": 0,
      "moveSet": [
        {
          "klass": "LevelLearnableMove",
          "move": "pound",
          "level": 1
        },
        {
          "klass": "LevelLearnableMove",
          "move": "leer",
          "level": 1
        },
        {
          "klass": "LevelLearnableMove",
          "move": "bide",
          "level": 1
        },
        {
          "klass": "LevelLearnableMove",
          "move": "focus_energy",
          "level": 1
        },
        {
          "klass": "LevelLearnableMove",
          "move": "focus_energy",
          "level": 4
        },
        {
          "klass": "LevelLearnableMove",
          "move": "bide",
          "level": 8
        },
        {
          "klass": "LevelLearnableMove",
          "move": "low_kick",
          "level": 12
        },
        {
          "klass": "LevelLearnableMove",
          "move": "rock_throw",
          "level": 16
        },
        {
          "klass": "LevelLearnableMove",
          "move": "wake_up_slap",
          "level": 20
        },
        {
          "klass": "LevelLearnableMove",
          "move": "chip_away",
          "level": 24
        },
        {
          "klass": "LevelLearnableMove",
          "move": "bulk_up",
          "level": 29
        },
        {
          "klass": "LevelLearnableMove",
          "move": "rock_slide",
          "level": 33
        },
        {
          "klass": "LevelLearnableMove",
          "move": "dynamic_punch",
          "level": 37
        },
        {
          "klass": "LevelLearnableMove",
          "move": "scary_face",
          "level": 41
        },
        {
          "klass": "LevelLearnableMove",
          "move": "hammer_arm",
          "level": 45
        },
        {
          "klass": "LevelLearnableMove",
          "move": "stone_edge",
          "level": 49
        },
        {
          "klass": "LevelLearnableMove",
          "move": "focus_punch",
          "level": 53
        },
        {
          "klass": "LevelLearnableMove",
          "move": "superpower",
          "level": 57
        },
        {
          "klass": "TutorLearnableMove",
          "move": "low_kick"
        },
        {
          "klass": "TutorLearnableMove",
          "move": "block"
        },
        {
          "klass": "TutorLearnableMove",
          "move": "helping_hand"
        },
        {
          "klass": "TutorLearnableMove",
          "move": "focus_punch"
        },
        {
          "klass": "TutorLearnableMove",
          "move": "thunder_punch"
        },
        {
          "klass": "TutorLearnableMove",
          "move": "fire_punch"
        },
        {
          "klass": "TutorLearnableMove",
          "move": "ice_punch"
        },
        {
          "klass": "TutorLearnableMove",
          "move": "snore"
        },
        {
          "klass": "TutorLearnableMove",
          "move": "knock_off"
        },
        {
          "klass": "TutorLearnableMove",
          "move": "superpower"
        },
        {
          "klass": "TutorLearnableMove",
          "move": "stomping_tantrum"
        },
        {
          "klass": "TutorLearnableMove",
          "move": "drain_punch"
        },
        {
          "klass": "TechLearnableMove",
          "move": "work_up"
        },
        {
          "klass": "TechLearnableMove",
          "move": "toxic"
        },
        {
          "klass": "TechLearnableMove",
          "move": "bulk_up"
        },
        {
          "klass": "TechLearnableMove",
          "move": "hidden_power"
        },
        {
          "klass": "TechLearnableMove",
          "move": "sunny_day"
        },
        {
          "klass": "TechLearnableMove",
          "move": "taunt"
        },
        {
          "klass": "TechLearnableMove",
          "move": "hyper_beam"
        },
        {
          "klass": "TechLearnableMove",
          "move": "protect"
        },
        {
          "klass": "TechLearnableMove",
          "move": "rain_dance"
        },
        {
          "klass": "TechLearnableMove",
          "move": "frustration"
        },
        {
          "klass": "TechLearnableMove",
          "move": "smack_down"
        },
        {
          "klass": "TechLearnableMove",
          "move": "earthquake"
        },
        {
          "klass": "TechLearnableMove",
          "move": "return"
        },
        {
          "klass": "TechLearnableMove",
          "move": "brick_break"
        },
        {
          "klass": "TechLearnableMove",
          "move": "double_team"
        },
        {
          "klass": "TechLearnableMove",
          "move": "rock_tomb"
        },
        {
          "klass": "TechLearnableMove",
          "move": "facade"
        },
        {
          "klass": "TechLearnableMove",
          "move": "rest"
        },
        {
          "klass": "TechLearnableMove",
          "move": "attract"
        },
        {
          "klass": "TechLearnableMove",
          "move": "low_sweep"
        },
        {
          "klass": "TechLearnableMove",
          "move": "round"
        },
        {
          "klass": "TechLearnableMove",
          "move": "focus_blast"
        },
        {
          "klass": "TechLearnableMove",
          "move": "fling"
        },
        {
          "klass": "TechLearnableMove",
          "move": "brutal_swing"
        },
        {
          "klass": "TechLearnableMove",
          "move": "payback"
        },
        {
          "klass": "TechLearnableMove",
          "move": "giga_impact"
        },
        {
          "klass": "TechLearnableMove",
          "move": "stone_edge"
        },
        {
          "klass": "TechLearnableMove",
          "move": "bulldoze"
        },
        {
          "klass": "TechLearnableMove",
          "move": "rock_slide"
        },
        {
          "klass": "TechLearnableMove",
          "move": "poison_jab"
        },
        {
          "klass": "TechLearnableMove",
          "move": "grass_knot"
        },
        {
          "klass": "TechLearnableMove",
          "move": "swagger"
        },
        {
          "klass": "TechLearnableMove",
          "move": "sleep_talk"
        },
        {
          "klass": "TechLearnableMove",
          "move": "substitute"
        },
        {
          "klass": "TechLearnableMove",
          "move": "confide"
        },
        {
          "klass": "TechLearnableMove",
          "move": "secret_power"
        },
        {
          "klass": "TechLearnableMove",
          "move": "power_up_punch"
        },
        {
          "klass": "TechLearnableMove",
          "move": "strength"
        },
        {
          "klass": "TechLearnableMove",
          "move": "rock_smash"
        }
      ],
      "resources": {
        "icon": "534",
        "iconShiny": "",
        "front": "534",
        "frontShiny": "534",
        "back": "534",
        "backShiny": "534",
        "footprint": "534",
        "character": "534_0",
        "characterShiny": "534s_0",
        "cry": "534cry.ogg",
        "hasFemale": false
      }
    }
  ]
}