{
  "klass": "Specie",
  "id": 740,
  "dbSymbol": "crabominable",
  "forms": [
    {
      "form": 0,
      "height": 1.7,
      "weight": 180,
      "type1": "fighting",
      "type2": "ice",
      "baseHp": 97,
      "baseAtk": 132,
      "baseDfe": 77,
      "baseSpd": 43,
      "baseAts": 62,
      "baseDfs": 67,
      "evHp": 0,
      "evAtk": 2,
      "evDfe": 0,
      "evSpd": 0,
      "evAts": 0,
      "evDfs": 0,
      "evolutions": [],
      "experienceType": 1,
      "baseExperience": 167,
      "baseLoyalty": 70,
      "catchRate": 60,
      "femaleRate": 50,
      "breedGroups": [
        9,
        9
      ],
      "hatchSteps": 5120,
      "babyDbSymbol": "crabrawler",
      "babyForm": 0,
      "itemHeld": [
        {
          "dbSymbol": "none",
          "chance": 0
        },
        {
          "dbSymbol": "none",
          "chance": 0
        }
      ],
      "abilities": [
        "hyper_cutter",
        "iron_fist",
        "anger_point"
      ],
      "frontOffsetY": 0,
      "moveSet": [
        {
          "klass": "LevelLearnableMove",
          "move": "bubble",
          "level": 1
        },
        {
          "klass": "LevelLearnableMove",
          "move": "rock_smash",
          "level": 1
        },
        {
          "klass": "LevelLearnableMove",
          "move": "leer",
          "level": 1
        },
        {
          "klass": "LevelLearnableMove",
          "move": "pursuit",
          "level": 1
        },
        {
          "klass": "LevelLearnableMove",
          "move": "ice_punch",
          "level": 1
        },
        {
          "klass": "LevelLearnableMove",
          "move": "rock_smash",
          "level": 5
        },
        {
          "klass": "LevelLearnableMove",
          "move": "leer",
          "level": 9
        },
        {
          "klass": "LevelLearnableMove",
          "move": "pursuit",
          "level": 13
        },
        {
          "klass": "LevelLearnableMove",
          "move": "bubble_beam",
          "level": 17
        },
        {
          "klass": "LevelLearnableMove",
          "move": "power_up_punch",
          "level": 22
        },
        {
          "klass": "LevelLearnableMove",
          "move": "dizzy_punch",
          "level": 25
        },
        {
          "klass": "LevelLearnableMove",
          "move": "avalanche",
          "level": 29
        },
        {
          "klass": "LevelLearnableMove",
          "move": "reversal",
          "level": 33
        },
        {
          "klass": "LevelLearnableMove",
          "move": "ice_hammer",
          "level": 37
        },
        {
          "klass": "LevelLearnableMove",
          "move": "iron_defense",
          "level": 42
        },
        {
          "klass": "LevelLearnableMove",
          "move": "dynamic_punch",
          "level": 45
        },
        {
          "klass": "LevelLearnableMove",
          "move": "close_combat",
          "level": 49
        },
        {
          "klass": "TutorLearnableMove",
          "move": "block"
        },
        {
          "klass": "TutorLearnableMove",
          "move": "dual_chop"
        },
        {
          "klass": "TutorLearnableMove",
          "move": "endeavor"
        },
        {
          "klass": "TutorLearnableMove",
          "move": "focus_punch"
        },
        {
          "klass": "TutorLearnableMove",
          "move": "iron_defense"
        },
        {
          "klass": "TutorLearnableMove",
          "move": "thunder_punch"
        },
        {
          "klass": "TutorLearnableMove",
          "move": "ice_punch"
        },
        {
          "klass": "TutorLearnableMove",
          "move": "zen_headbutt"
        },
        {
          "klass": "TutorLearnableMove",
          "move": "snore"
        },
        {
          "klass": "TutorLearnableMove",
          "move": "superpower"
        },
        {
          "klass": "TutorLearnableMove",
          "move": "iron_head"
        },
        {
          "klass": "TutorLearnableMove",
          "move": "icy_wind"
        },
        {
          "klass": "TutorLearnableMove",
          "move": "drain_punch"
        },
        {
          "klass": "TechLearnableMove",
          "move": "work_up"
        },
        {
          "klass": "TechLearnableMove",
          "move": "toxic"
        },
        {
          "klass": "TechLearnableMove",
          "move": "hail"
        },
        {
          "klass": "TechLearnableMove",
          "move": "bulk_up"
        },
        {
          "klass": "TechLearnableMove",
          "move": "hidden_power"
        },
        {
          "klass": "TechLearnableMove",
          "move": "sunny_day"
        },
        {
          "klass": "TechLearnableMove",
          "move": "ice_beam"
        },
        {
          "klass": "TechLearnableMove",
          "move": "blizzard"
        },
        {
          "klass": "TechLearnableMove",
          "move": "protect"
        },
        {
          "klass": "TechLearnableMove",
          "move": "rain_dance"
        },
        {
          "klass": "TechLearnableMove",
          "move": "frustration"
        },
        {
          "klass": "TechLearnableMove",
          "move": "earthquake"
        },
        {
          "klass": "TechLearnableMove",
          "move": "return"
        },
        {
          "klass": "TechLearnableMove",
          "move": "brick_break"
        },
        {
          "klass": "TechLearnableMove",
          "move": "double_team"
        },
        {
          "klass": "TechLearnableMove",
          "move": "rock_tomb"
        },
        {
          "klass": "TechLearnableMove",
          "move": "facade"
        },
        {
          "klass": "TechLearnableMove",
          "move": "rest"
        },
        {
          "klass": "TechLearnableMove",
          "move": "attract"
        },
        {
          "klass": "TechLearnableMove",
          "move": "thief"
        },
        {
          "klass": "TechLearnableMove",
          "move": "round"
        },
        {
          "klass": "TechLearnableMove",
          "move": "focus_blast"
        },
        {
          "klass": "TechLearnableMove",
          "move": "scald"
        },
        {
          "klass": "TechLearnableMove",
          "move": "fling"
        },
        {
          "klass": "TechLearnableMove",
          "move": "brutal_swing"
        },
        {
          "klass": "TechLearnableMove",
          "move": "payback"
        },
        {
          "klass": "TechLearnableMove",
          "move": "giga_impact"
        },
        {
          "klass": "TechLearnableMove",
          "move": "stone_edge"
        },
        {
          "klass": "TechLearnableMove",
          "move": "bulldoze"
        },
        {
          "klass": "TechLearnableMove",
          "move": "frost_breath"
        },
        {
          "klass": "TechLearnableMove",
          "move": "rock_slide"
        },
        {
          "klass": "TechLearnableMove",
          "move": "swagger"
        },
        {
          "klass": "TechLearnableMove",
          "move": "sleep_talk"
        },
        {
          "klass": "TechLearnableMove",
          "move": "substitute"
        },
        {
          "klass": "TechLearnableMove",
          "move": "confide"
        },
        {
          "klass": "TechLearnableMove",
          "move": "secret_power"
        },
        {
          "klass": "TechLearnableMove",
          "move": "power_up_punch"
        },
        {
          "klass": "TechLearnableMove",
          "move": "cut"
        },
        {
          "klass": "TechLearnableMove",
          "move": "strength"
        },
        {
          "klass": "TechLearnableMove",
          "move": "rock_smash"
        },
        {
          "klass": "EvolutionLearnableMove",
          "move": "ice_punch"
        }
      ],
      "resources": {
        "icon": "740",
        "iconShiny": "",
        "front": "740",
        "frontShiny": "740",
        "back": "740",
        "backShiny": "740",
        "footprint": "",
        "character": "740_0",
        "characterShiny": "740s_0",
        "cry": "740cry.ogg",
        "hasFemale": false
      }
    }
  ]
}