{
  "klass": "Specie",
  "id": 346,
  "dbSymbol": "cradily",
  "forms": [
    {
      "form": 0,
      "height": 1.5,
      "weight": 60.4,
      "type1": "rock",
      "type2": "grass",
      "baseHp": 86,
      "baseAtk": 81,
      "baseDfe": 97,
      "baseSpd": 43,
      "baseAts": 81,
      "baseDfs": 107,
      "evHp": 0,
      "evAtk": 0,
      "evDfe": 0,
      "evSpd": 0,
      "evAts": 0,
      "evDfs": 2,
      "evolutions": [],
      "experienceType": 4,
      "baseExperience": 173,
      "baseLoyalty": 70,
      "catchRate": 45,
      "femaleRate": 12.5,
      "breedGroups": [
        9,
        9
      ],
      "hatchSteps": 7680,
      "babyDbSymbol": "lileep",
      "babyForm": 0,
      "itemHeld": [
        {
          "dbSymbol": "none",
          "chance": 0
        },
        {
          "dbSymbol": "none",
          "chance": 0
        }
      ],
      "abilities": [
        "suction_cups",
        "suction_cups",
        "storm_drain"
      ],
      "frontOffsetY": 0,
      "moveSet": [
        {
          "klass": "LevelLearnableMove",
          "move": "constrict",
          "level": 1
        },
        {
          "klass": "LevelLearnableMove",
          "move": "astonish",
          "level": 1
        },
        {
          "klass": "LevelLearnableMove",
          "move": "wring_out",
          "level": 1
        },
        {
          "klass": "LevelLearnableMove",
          "move": "acid",
          "level": 1
        },
        {
          "klass": "LevelLearnableMove",
          "move": "ingrain",
          "level": 1
        },
        {
          "klass": "LevelLearnableMove",
          "move": "acid",
          "level": 5
        },
        {
          "klass": "LevelLearnableMove",
          "move": "ingrain",
          "level": 9
        },
        {
          "klass": "LevelLearnableMove",
          "move": "confuse_ray",
          "level": 13
        },
        {
          "klass": "LevelLearnableMove",
          "move": "ancient_power",
          "level": 17
        },
        {
          "klass": "LevelLearnableMove",
          "move": "brine",
          "level": 21
        },
        {
          "klass": "LevelLearnableMove",
          "move": "giga_drain",
          "level": 26
        },
        {
          "klass": "LevelLearnableMove",
          "move": "gastro_acid",
          "level": 31
        },
        {
          "klass": "LevelLearnableMove",
          "move": "amnesia",
          "level": 36
        },
        {
          "klass": "LevelLearnableMove",
          "move": "energy_ball",
          "level": 44
        },
        {
          "klass": "LevelLearnableMove",
          "move": "spit_up",
          "level": 52
        },
        {
          "klass": "LevelLearnableMove",
          "move": "swallow",
          "level": 52
        },
        {
          "klass": "LevelLearnableMove",
          "move": "stockpile",
          "level": 52
        },
        {
          "klass": "LevelLearnableMove",
          "move": "wring_out",
          "level": 61
        },
        {
          "klass": "TutorLearnableMove",
          "move": "pain_split"
        },
        {
          "klass": "TutorLearnableMove",
          "move": "seed_bomb"
        },
        {
          "klass": "TutorLearnableMove",
          "move": "bind"
        },
        {
          "klass": "TutorLearnableMove",
          "move": "giga_drain"
        },
        {
          "klass": "TutorLearnableMove",
          "move": "stealth_rock"
        },
        {
          "klass": "TutorLearnableMove",
          "move": "snore"
        },
        {
          "klass": "TutorLearnableMove",
          "move": "worry_seed"
        },
        {
          "klass": "TutorLearnableMove",
          "move": "gastro_acid"
        },
        {
          "klass": "TutorLearnableMove",
          "move": "synthesis"
        },
        {
          "klass": "TutorLearnableMove",
          "move": "earth_power"
        },
        {
          "klass": "TutorLearnableMove",
          "move": "block"
        },
        {
          "klass": "TechLearnableMove",
          "move": "toxic"
        },
        {
          "klass": "TechLearnableMove",
          "move": "hidden_power"
        },
        {
          "klass": "TechLearnableMove",
          "move": "sunny_day"
        },
        {
          "klass": "TechLearnableMove",
          "move": "hyper_beam"
        },
        {
          "klass": "TechLearnableMove",
          "move": "protect"
        },
        {
          "klass": "TechLearnableMove",
          "move": "frustration"
        },
        {
          "klass": "TechLearnableMove",
          "move": "solar_beam"
        },
        {
          "klass": "TechLearnableMove",
          "move": "smack_down"
        },
        {
          "klass": "TechLearnableMove",
          "move": "earthquake"
        },
        {
          "klass": "TechLearnableMove",
          "move": "return"
        },
        {
          "klass": "TechLearnableMove",
          "move": "double_team"
        },
        {
          "klass": "TechLearnableMove",
          "move": "sludge_wave"
        },
        {
          "klass": "TechLearnableMove",
          "move": "sludge_bomb"
        },
        {
          "klass": "TechLearnableMove",
          "move": "sandstorm"
        },
        {
          "klass": "TechLearnableMove",
          "move": "rock_tomb"
        },
        {
          "klass": "TechLearnableMove",
          "move": "facade"
        },
        {
          "klass": "TechLearnableMove",
          "move": "rest"
        },
        {
          "klass": "TechLearnableMove",
          "move": "attract"
        },
        {
          "klass": "TechLearnableMove",
          "move": "round"
        },
        {
          "klass": "TechLearnableMove",
          "move": "energy_ball"
        },
        {
          "klass": "TechLearnableMove",
          "move": "giga_impact"
        },
        {
          "klass": "TechLearnableMove",
          "move": "rock_polish"
        },
        {
          "klass": "TechLearnableMove",
          "move": "stone_edge"
        },
        {
          "klass": "TechLearnableMove",
          "move": "swords_dance"
        },
        {
          "klass": "TechLearnableMove",
          "move": "bulldoze"
        },
        {
          "klass": "TechLearnableMove",
          "move": "rock_slide"
        },
        {
          "klass": "TechLearnableMove",
          "move": "infestation"
        },
        {
          "klass": "TechLearnableMove",
          "move": "grass_knot"
        },
        {
          "klass": "TechLearnableMove",
          "move": "swagger"
        },
        {
          "klass": "TechLearnableMove",
          "move": "sleep_talk"
        },
        {
          "klass": "TechLearnableMove",
          "move": "substitute"
        },
        {
          "klass": "TechLearnableMove",
          "move": "confide"
        },
        {
          "klass": "TechLearnableMove",
          "move": "secret_power"
        },
        {
          "klass": "TechLearnableMove",
          "move": "strength"
        },
        {
          "klass": "TechLearnableMove",
          "move": "rock_smash"
        }
      ],
      "resources": {
        "icon": "346",
        "iconShiny": "",
        "front": "346",
        "frontShiny": "346",
        "back": "346",
        "backShiny": "346",
        "footprint": "346",
        "character": "346_0",
        "characterShiny": "346s_0",
        "cry": "346cry.ogg",
        "hasFemale": false
      }
    }
  ]
}