{
  "klass": "Specie",
  "id": 488,
  "dbSymbol": "cresselia",
  "forms": [
    {
      "form": 0,
      "height": 1.5,
      "weight": 85.6,
      "type1": "psychic",
      "type2": "__undef__",
      "baseHp": 120,
      "baseAtk": 70,
      "baseDfe": 120,
      "baseSpd": 85,
      "baseAts": 75,
      "baseDfs": 130,
      "evHp": 0,
      "evAtk": 0,
      "evDfe": 0,
      "evSpd": 0,
      "evAts": 0,
      "evDfs": 3,
      "evolutions": [],
      "experienceType": 2,
      "baseExperience": 270,
      "baseLoyalty": 100,
      "catchRate": 3,
      "femaleRate": 100,
      "breedGroups": [
        15,
        15
      ],
      "hatchSteps": 30720,
      "babyDbSymbol": "__undef__",
      "babyForm": 0,
      "itemHeld": [
        {
          "dbSymbol": "none",
          "chance": 0
        },
        {
          "dbSymbol": "none",
          "chance": 0
        }
      ],
      "abilities": [
        "levitate",
        "levitate",
        "levitate"
      ],
      "frontOffsetY": 0,
      "moveSet": [
        {
          "klass": "LevelLearnableMove",
          "move": "confusion",
          "level": 1
        },
        {
          "klass": "LevelLearnableMove",
          "move": "psycho_cut",
          "level": 1
        },
        {
          "klass": "LevelLearnableMove",
          "move": "lunar_dance",
          "level": 1
        },
        {
          "klass": "LevelLearnableMove",
          "move": "double_team",
          "level": 1
        },
        {
          "klass": "LevelLearnableMove",
          "move": "moonlight",
          "level": 1
        },
        {
          "klass": "LevelLearnableMove",
          "move": "psycho_shift",
          "level": 1
        },
        {
          "klass": "LevelLearnableMove",
          "move": "safeguard",
          "level": 11
        },
        {
          "klass": "LevelLearnableMove",
          "move": "mist",
          "level": 20
        },
        {
          "klass": "LevelLearnableMove",
          "move": "aurora_beam",
          "level": 29
        },
        {
          "klass": "LevelLearnableMove",
          "move": "future_sight",
          "level": 38
        },
        {
          "klass": "LevelLearnableMove",
          "move": "slash",
          "level": 47
        },
        {
          "klass": "LevelLearnableMove",
          "move": "moonlight",
          "level": 57
        },
        {
          "klass": "LevelLearnableMove",
          "move": "psycho_cut",
          "level": 66
        },
        {
          "klass": "LevelLearnableMove",
          "move": "psycho_shift",
          "level": 75
        },
        {
          "klass": "LevelLearnableMove",
          "move": "lunar_dance",
          "level": 84
        },
        {
          "klass": "LevelLearnableMove",
          "move": "psychic",
          "level": 93
        },
        {
          "klass": "LevelLearnableMove",
          "move": "moonblast",
          "level": 99
        },
        {
          "klass": "TutorLearnableMove",
          "move": "helping_hand"
        },
        {
          "klass": "TutorLearnableMove",
          "move": "skill_swap"
        },
        {
          "klass": "TutorLearnableMove",
          "move": "gravity"
        },
        {
          "klass": "TutorLearnableMove",
          "move": "ally_switch"
        },
        {
          "klass": "TutorLearnableMove",
          "move": "telekinesis"
        },
        {
          "klass": "TutorLearnableMove",
          "move": "signal_beam"
        },
        {
          "klass": "TutorLearnableMove",
          "move": "recycle"
        },
        {
          "klass": "TutorLearnableMove",
          "move": "magic_coat"
        },
        {
          "klass": "TutorLearnableMove",
          "move": "snore"
        },
        {
          "klass": "TutorLearnableMove",
          "move": "trick"
        },
        {
          "klass": "TutorLearnableMove",
          "move": "zen_headbutt"
        },
        {
          "klass": "TutorLearnableMove",
          "move": "icy_wind"
        },
        {
          "klass": "TutorLearnableMove",
          "move": "magic_room"
        },
        {
          "klass": "TechLearnableMove",
          "move": "psyshock"
        },
        {
          "klass": "TechLearnableMove",
          "move": "calm_mind"
        },
        {
          "klass": "TechLearnableMove",
          "move": "toxic"
        },
        {
          "klass": "TechLearnableMove",
          "move": "hidden_power"
        },
        {
          "klass": "TechLearnableMove",
          "move": "sunny_day"
        },
        {
          "klass": "TechLearnableMove",
          "move": "ice_beam"
        },
        {
          "klass": "TechLearnableMove",
          "move": "hyper_beam"
        },
        {
          "klass": "TechLearnableMove",
          "move": "light_screen"
        },
        {
          "klass": "TechLearnableMove",
          "move": "protect"
        },
        {
          "klass": "TechLearnableMove",
          "move": "rain_dance"
        },
        {
          "klass": "TechLearnableMove",
          "move": "safeguard"
        },
        {
          "klass": "TechLearnableMove",
          "move": "frustration"
        },
        {
          "klass": "TechLearnableMove",
          "move": "solar_beam"
        },
        {
          "klass": "TechLearnableMove",
          "move": "return"
        },
        {
          "klass": "TechLearnableMove",
          "move": "psychic"
        },
        {
          "klass": "TechLearnableMove",
          "move": "shadow_ball"
        },
        {
          "klass": "TechLearnableMove",
          "move": "double_team"
        },
        {
          "klass": "TechLearnableMove",
          "move": "reflect"
        },
        {
          "klass": "TechLearnableMove",
          "move": "facade"
        },
        {
          "klass": "TechLearnableMove",
          "move": "rest"
        },
        {
          "klass": "TechLearnableMove",
          "move": "attract"
        },
        {
          "klass": "TechLearnableMove",
          "move": "round"
        },
        {
          "klass": "TechLearnableMove",
          "move": "energy_ball"
        },
        {
          "klass": "TechLearnableMove",
          "move": "charge_beam"
        },
        {
          "klass": "TechLearnableMove",
          "move": "giga_impact"
        },
        {
          "klass": "TechLearnableMove",
          "move": "thunder_wave"
        },
        {
          "klass": "TechLearnableMove",
          "move": "psych_up"
        },
        {
          "klass": "TechLearnableMove",
          "move": "dream_eater"
        },
        {
          "klass": "TechLearnableMove",
          "move": "grass_knot"
        },
        {
          "klass": "TechLearnableMove",
          "move": "swagger"
        },
        {
          "klass": "TechLearnableMove",
          "move": "sleep_talk"
        },
        {
          "klass": "TechLearnableMove",
          "move": "substitute"
        },
        {
          "klass": "TechLearnableMove",
          "move": "trick_room"
        },
        {
          "klass": "TechLearnableMove",
          "move": "confide"
        },
        {
          "klass": "TechLearnableMove",
          "move": "secret_power"
        }
      ],
      "resources": {
        "icon": "488",
        "iconF": "488",
        "iconShiny": "",
        "front": "488",
        "frontF": "488",
        "frontShiny": "488",
        "frontShinyF": "488",
        "back": "488",
        "backF": "488",
        "backShiny": "488",
        "backShinyF": "488",
        "footprint": "488",
        "character": "488_0",
        "characterF": "488_0",
        "characterShiny": "488s_0",
        "characterShinyF": "488s_0",
        "cry": "488cry.ogg",
        "hasFemale": true
      }
    }
  ]
}