{
  "klass": "Specie",
  "id": 453,
  "dbSymbol": "croagunk",
  "forms": [
    {
      "form": 0,
      "height": 0.7,
      "weight": 23,
      "type1": "poison",
      "type2": "fighting",
      "baseHp": 48,
      "baseAtk": 61,
      "baseDfe": 40,
      "baseSpd": 50,
      "baseAts": 61,
      "baseDfs": 40,
      "evHp": 0,
      "evAtk": 1,
      "evDfe": 0,
      "evSpd": 0,
      "evAts": 0,
      "evDfs": 0,
      "evolutions": [
        {
          "dbSymbol": "toxicroak",
          "form": 0,
          "conditions": [
            {
              "type": "minLevel",
              "value": 37
            }
          ]
        }
      ],
      "experienceType": 1,
      "baseExperience": 60,
      "baseLoyalty": 100,
      "catchRate": 140,
      "femaleRate": 50,
      "breedGroups": [
        8,
        8
      ],
      "hatchSteps": 2560,
      "babyDbSymbol": "croagunk",
      "babyForm": 0,
      "itemHeld": [
        {
          "dbSymbol": "none",
          "chance": 0
        },
        {
          "dbSymbol": "none",
          "chance": 0
        }
      ],
      "abilities": [
        "dry_skin",
        "anticipation",
        "poison_touch"
      ],
      "frontOffsetY": 0,
      "moveSet": [
        {
          "klass": "LevelLearnableMove",
          "move": "astonish",
          "level": 1
        },
        {
          "klass": "LevelLearnableMove",
          "move": "mud_slap",
          "level": 3
        },
        {
          "klass": "LevelLearnableMove",
          "move": "poison_sting",
          "level": 8
        },
        {
          "klass": "LevelLearnableMove",
          "move": "taunt",
          "level": 10
        },
        {
          "klass": "LevelLearnableMove",
          "move": "pursuit",
          "level": 15
        },
        {
          "klass": "LevelLearnableMove",
          "move": "feint_attack",
          "level": 17
        },
        {
          "klass": "LevelLearnableMove",
          "move": "revenge",
          "level": 22
        },
        {
          "klass": "LevelLearnableMove",
          "move": "swagger",
          "level": 24
        },
        {
          "klass": "LevelLearnableMove",
          "move": "mud_bomb",
          "level": 29
        },
        {
          "klass": "LevelLearnableMove",
          "move": "sucker_punch",
          "level": 31
        },
        {
          "klass": "LevelLearnableMove",
          "move": "venoshock",
          "level": 36
        },
        {
          "klass": "LevelLearnableMove",
          "move": "nasty_plot",
          "level": 38
        },
        {
          "klass": "LevelLearnableMove",
          "move": "poison_jab",
          "level": 43
        },
        {
          "klass": "LevelLearnableMove",
          "move": "sludge_bomb",
          "level": 45
        },
        {
          "klass": "LevelLearnableMove",
          "move": "belch",
          "level": 47
        },
        {
          "klass": "LevelLearnableMove",
          "move": "flatter",
          "level": 50
        },
        {
          "klass": "TutorLearnableMove",
          "move": "low_kick"
        },
        {
          "klass": "TutorLearnableMove",
          "move": "helping_hand"
        },
        {
          "klass": "TutorLearnableMove",
          "move": "super_fang"
        },
        {
          "klass": "TutorLearnableMove",
          "move": "spite"
        },
        {
          "klass": "TutorLearnableMove",
          "move": "gunk_shot"
        },
        {
          "klass": "TutorLearnableMove",
          "move": "dual_chop"
        },
        {
          "klass": "TutorLearnableMove",
          "move": "role_play"
        },
        {
          "klass": "TutorLearnableMove",
          "move": "focus_punch"
        },
        {
          "klass": "TutorLearnableMove",
          "move": "ice_punch"
        },
        {
          "klass": "TutorLearnableMove",
          "move": "bounce"
        },
        {
          "klass": "TutorLearnableMove",
          "move": "snore"
        },
        {
          "klass": "TutorLearnableMove",
          "move": "knock_off"
        },
        {
          "klass": "TutorLearnableMove",
          "move": "snatch"
        },
        {
          "klass": "TutorLearnableMove",
          "move": "thunder_punch"
        },
        {
          "klass": "TutorLearnableMove",
          "move": "foul_play"
        },
        {
          "klass": "TutorLearnableMove",
          "move": "drain_punch"
        },
        {
          "klass": "TutorLearnableMove",
          "move": "icy_wind"
        },
        {
          "klass": "TechLearnableMove",
          "move": "work_up"
        },
        {
          "klass": "TechLearnableMove",
          "move": "toxic"
        },
        {
          "klass": "TechLearnableMove",
          "move": "bulk_up"
        },
        {
          "klass": "TechLearnableMove",
          "move": "venoshock"
        },
        {
          "klass": "TechLearnableMove",
          "move": "hidden_power"
        },
        {
          "klass": "TechLearnableMove",
          "move": "sunny_day"
        },
        {
          "klass": "TechLearnableMove",
          "move": "taunt"
        },
        {
          "klass": "TechLearnableMove",
          "move": "protect"
        },
        {
          "klass": "TechLearnableMove",
          "move": "rain_dance"
        },
        {
          "klass": "TechLearnableMove",
          "move": "frustration"
        },
        {
          "klass": "TechLearnableMove",
          "move": "earthquake"
        },
        {
          "klass": "TechLearnableMove",
          "move": "return"
        },
        {
          "klass": "TechLearnableMove",
          "move": "shadow_ball"
        },
        {
          "klass": "TechLearnableMove",
          "move": "brick_break"
        },
        {
          "klass": "TechLearnableMove",
          "move": "double_team"
        },
        {
          "klass": "TechLearnableMove",
          "move": "sludge_wave"
        },
        {
          "klass": "TechLearnableMove",
          "move": "sludge_bomb"
        },
        {
          "klass": "TechLearnableMove",
          "move": "rock_tomb"
        },
        {
          "klass": "TechLearnableMove",
          "move": "torment"
        },
        {
          "klass": "TechLearnableMove",
          "move": "facade"
        },
        {
          "klass": "TechLearnableMove",
          "move": "rest"
        },
        {
          "klass": "TechLearnableMove",
          "move": "attract"
        },
        {
          "klass": "TechLearnableMove",
          "move": "thief"
        },
        {
          "klass": "TechLearnableMove",
          "move": "low_sweep"
        },
        {
          "klass": "TechLearnableMove",
          "move": "round"
        },
        {
          "klass": "TechLearnableMove",
          "move": "focus_blast"
        },
        {
          "klass": "TechLearnableMove",
          "move": "fling"
        },
        {
          "klass": "TechLearnableMove",
          "move": "embargo"
        },
        {
          "klass": "TechLearnableMove",
          "move": "payback"
        },
        {
          "klass": "TechLearnableMove",
          "move": "bulldoze"
        },
        {
          "klass": "TechLearnableMove",
          "move": "rock_slide"
        },
        {
          "klass": "TechLearnableMove",
          "move": "x_scissor"
        },
        {
          "klass": "TechLearnableMove",
          "move": "poison_jab"
        },
        {
          "klass": "TechLearnableMove",
          "move": "swagger"
        },
        {
          "klass": "TechLearnableMove",
          "move": "sleep_talk"
        },
        {
          "klass": "TechLearnableMove",
          "move": "substitute"
        },
        {
          "klass": "TechLearnableMove",
          "move": "dark_pulse"
        },
        {
          "klass": "TechLearnableMove",
          "move": "confide"
        },
        {
          "klass": "TechLearnableMove",
          "move": "secret_power"
        },
        {
          "klass": "TechLearnableMove",
          "move": "power_up_punch"
        },
        {
          "klass": "TechLearnableMove",
          "move": "strength"
        },
        {
          "klass": "TechLearnableMove",
          "move": "rock_smash"
        },
        {
          "klass": "TechLearnableMove",
          "move": "rock_climb"
        },
        {
          "klass": "BreedLearnableMove",
          "move": "acupressure"
        },
        {
          "klass": "BreedLearnableMove",
          "move": "bullet_punch"
        },
        {
          "klass": "BreedLearnableMove",
          "move": "counter"
        },
        {
          "klass": "BreedLearnableMove",
          "move": "cross_chop"
        },
        {
          "klass": "BreedLearnableMove",
          "move": "drain_punch"
        },
        {
          "klass": "BreedLearnableMove",
          "move": "dynamic_punch"
        },
        {
          "klass": "BreedLearnableMove",
          "move": "fake_out"
        },
        {
          "klass": "BreedLearnableMove",
          "move": "feint"
        },
        {
          "klass": "BreedLearnableMove",
          "move": "headbutt"
        },
        {
          "klass": "BreedLearnableMove",
          "move": "me_first"
        },
        {
          "klass": "BreedLearnableMove",
          "move": "meditate"
        },
        {
          "klass": "BreedLearnableMove",
          "move": "quick_guard"
        },
        {
          "klass": "BreedLearnableMove",
          "move": "smelling_salts"
        },
        {
          "klass": "BreedLearnableMove",
          "move": "vacuum_wave"
        },
        {
          "klass": "BreedLearnableMove",
          "move": "wake_up_slap"
        }
      ],
      "resources": {
        "icon": "453",
        "iconShiny": "",
        "front": "453",
        "frontF": "453f",
        "frontShiny": "453",
        "frontShinyF": "453f",
        "back": "453",
        "backF": "453f",
        "backShiny": "453",
        "backShinyF": "453f",
        "footprint": "453",
        "character": "453_0",
        "characterShiny": "453s_0",
        "cry": "453cry.ogg",
        "hasFemale": true
      }
    }
  ]
}