{
  "klass": "Specie",
  "id": 159,
  "dbSymbol": "croconaw",
  "forms": [
    {
      "form": 0,
      "height": 1.1,
      "weight": 25,
      "type1": "water",
      "type2": "__undef__",
      "baseHp": 65,
      "baseAtk": 80,
      "baseDfe": 80,
      "baseSpd": 58,
      "baseAts": 59,
      "baseDfs": 63,
      "evHp": 0,
      "evAtk": 1,
      "evDfe": 1,
      "evSpd": 0,
      "evAts": 0,
      "evDfs": 0,
      "evolutions": [
        {
          "dbSymbol": "feraligatr",
          "form": 0,
          "conditions": [
            {
              "type": "minLevel",
              "value": 30
            }
          ]
        }
      ],
      "experienceType": 3,
      "baseExperience": 142,
      "baseLoyalty": 70,
      "catchRate": 45,
      "femaleRate": 12.5,
      "breedGroups": [
        1,
        2
      ],
      "hatchSteps": 5120,
      "babyDbSymbol": "totodile",
      "babyForm": 0,
      "itemHeld": [
        {
          "dbSymbol": "none",
          "chance": 0
        },
        {
          "dbSymbol": "none",
          "chance": 0
        }
      ],
      "abilities": [
        "torrent",
        "torrent",
        "sheer_force"
      ],
      "frontOffsetY": 0,
      "moveSet": [
        {
          "klass": "LevelLearnableMove",
          "move": "scratch",
          "level": 1
        },
        {
          "klass": "LevelLearnableMove",
          "move": "leer",
          "level": 1
        },
        {
          "klass": "LevelLearnableMove",
          "move": "water_gun",
          "level": 1
        },
        {
          "klass": "LevelLearnableMove",
          "move": "water_gun",
          "level": 6
        },
        {
          "klass": "LevelLearnableMove",
          "move": "rage",
          "level": 8
        },
        {
          "klass": "LevelLearnableMove",
          "move": "bite",
          "level": 13
        },
        {
          "klass": "LevelLearnableMove",
          "move": "scary_face",
          "level": 15
        },
        {
          "klass": "LevelLearnableMove",
          "move": "ice_fang",
          "level": 21
        },
        {
          "klass": "LevelLearnableMove",
          "move": "flail",
          "level": 24
        },
        {
          "klass": "LevelLearnableMove",
          "move": "crunch",
          "level": 30
        },
        {
          "klass": "LevelLearnableMove",
          "move": "chip_away",
          "level": 33
        },
        {
          "klass": "LevelLearnableMove",
          "move": "slash",
          "level": 39
        },
        {
          "klass": "LevelLearnableMove",
          "move": "screech",
          "level": 42
        },
        {
          "klass": "LevelLearnableMove",
          "move": "thrash",
          "level": 48
        },
        {
          "klass": "LevelLearnableMove",
          "move": "aqua_tail",
          "level": 51
        },
        {
          "klass": "LevelLearnableMove",
          "move": "superpower",
          "level": 57
        },
        {
          "klass": "LevelLearnableMove",
          "move": "hydro_pump",
          "level": 60
        },
        {
          "klass": "TutorLearnableMove",
          "move": "water_pledge"
        },
        {
          "klass": "TutorLearnableMove",
          "move": "low_kick"
        },
        {
          "klass": "TutorLearnableMove",
          "move": "block"
        },
        {
          "klass": "TutorLearnableMove",
          "move": "uproar"
        },
        {
          "klass": "TutorLearnableMove",
          "move": "spite"
        },
        {
          "klass": "TutorLearnableMove",
          "move": "aqua_tail"
        },
        {
          "klass": "TutorLearnableMove",
          "move": "focus_punch"
        },
        {
          "klass": "TutorLearnableMove",
          "move": "ice_punch"
        },
        {
          "klass": "TutorLearnableMove",
          "move": "iron_tail"
        },
        {
          "klass": "TutorLearnableMove",
          "move": "snore"
        },
        {
          "klass": "TutorLearnableMove",
          "move": "superpower"
        },
        {
          "klass": "TutorLearnableMove",
          "move": "water_pulse"
        },
        {
          "klass": "TutorLearnableMove",
          "move": "icy_wind"
        },
        {
          "klass": "TechLearnableMove",
          "move": "work_up"
        },
        {
          "klass": "TechLearnableMove",
          "move": "dragon_claw"
        },
        {
          "klass": "TechLearnableMove",
          "move": "roar"
        },
        {
          "klass": "TechLearnableMove",
          "move": "toxic"
        },
        {
          "klass": "TechLearnableMove",
          "move": "hail"
        },
        {
          "klass": "TechLearnableMove",
          "move": "hidden_power"
        },
        {
          "klass": "TechLearnableMove",
          "move": "ice_beam"
        },
        {
          "klass": "TechLearnableMove",
          "move": "blizzard"
        },
        {
          "klass": "TechLearnableMove",
          "move": "protect"
        },
        {
          "klass": "TechLearnableMove",
          "move": "rain_dance"
        },
        {
          "klass": "TechLearnableMove",
          "move": "frustration"
        },
        {
          "klass": "TechLearnableMove",
          "move": "return"
        },
        {
          "klass": "TechLearnableMove",
          "move": "brick_break"
        },
        {
          "klass": "TechLearnableMove",
          "move": "double_team"
        },
        {
          "klass": "TechLearnableMove",
          "move": "rock_tomb"
        },
        {
          "klass": "TechLearnableMove",
          "move": "aerial_ace"
        },
        {
          "klass": "TechLearnableMove",
          "move": "facade"
        },
        {
          "klass": "TechLearnableMove",
          "move": "rest"
        },
        {
          "klass": "TechLearnableMove",
          "move": "attract"
        },
        {
          "klass": "TechLearnableMove",
          "move": "round"
        },
        {
          "klass": "TechLearnableMove",
          "move": "scald"
        },
        {
          "klass": "TechLearnableMove",
          "move": "fling"
        },
        {
          "klass": "TechLearnableMove",
          "move": "shadow_claw"
        },
        {
          "klass": "TechLearnableMove",
          "move": "swords_dance"
        },
        {
          "klass": "TechLearnableMove",
          "move": "rock_slide"
        },
        {
          "klass": "TechLearnableMove",
          "move": "swagger"
        },
        {
          "klass": "TechLearnableMove",
          "move": "sleep_talk"
        },
        {
          "klass": "TechLearnableMove",
          "move": "substitute"
        },
        {
          "klass": "TechLearnableMove",
          "move": "surf"
        },
        {
          "klass": "TechLearnableMove",
          "move": "waterfall"
        },
        {
          "klass": "TechLearnableMove",
          "move": "confide"
        },
        {
          "klass": "TechLearnableMove",
          "move": "secret_power"
        },
        {
          "klass": "TechLearnableMove",
          "move": "power_up_punch"
        },
        {
          "klass": "TechLearnableMove",
          "move": "cut"
        },
        {
          "klass": "TechLearnableMove",
          "move": "strength"
        },
        {
          "klass": "TechLearnableMove",
          "move": "rock_smash"
        },
        {
          "klass": "TechLearnableMove",
          "move": "whirlpool"
        }
      ],
      "resources": {
        "icon": "159",
        "iconShiny": "",
        "front": "159",
        "frontShiny": "159",
        "back": "159",
        "backShiny": "159",
        "footprint": "159",
        "character": "159_0",
        "characterShiny": "159s_0",
        "cry": "159cry.ogg",
        "hasFemale": false
      }
    }
  ]
}
