{
  "klass": "Specie",
  "id": 558,
  "dbSymbol": "crustle",
  "forms": [
    {
      "form": 0,
      "height": 1.4,
      "weight": 200,
      "type1": "bug",
      "type2": "rock",
      "baseHp": 70,
      "baseAtk": 105,
      "baseDfe": 125,
      "baseSpd": 45,
      "baseAts": 65,
      "baseDfs": 75,
      "evHp": 0,
      "evAtk": 0,
      "evDfe": 2,
      "evSpd": 0,
      "evAts": 0,
      "evDfs": 0,
      "evolutions": [],
      "experienceType": 1,
      "baseExperience": 170,
      "baseLoyalty": 70,
      "catchRate": 75,
      "femaleRate": 50,
      "breedGroups": [
        3,
        10
      ],
      "hatchSteps": 5120,
      "babyDbSymbol": "dwebble",
      "babyForm": 0,
      "itemHeld": [
        {
          "dbSymbol": "none",
          "chance": 0
        },
        {
          "dbSymbol": "none",
          "chance": 0
        }
      ],
      "abilities": [
        "sturdy",
        "shell_armor",
        "weak_armor"
      ],
      "frontOffsetY": 0,
      "moveSet": [
        {
          "klass": "LevelLearnableMove",
          "move": "rock_blast",
          "level": 1
        },
        {
          "klass": "LevelLearnableMove",
          "move": "withdraw",
          "level": 1
        },
        {
          "klass": "LevelLearnableMove",
          "move": "shell_smash",
          "level": 1
        },
        {
          "klass": "LevelLearnableMove",
          "move": "sand_attack",
          "level": 1
        },
        {
          "klass": "LevelLearnableMove",
          "move": "rock_blast",
          "level": 5
        },
        {
          "klass": "LevelLearnableMove",
          "move": "withdraw",
          "level": 7
        },
        {
          "klass": "LevelLearnableMove",
          "move": "sand_attack",
          "level": 11
        },
        {
          "klass": "LevelLearnableMove",
          "move": "feint_attack",
          "level": 13
        },
        {
          "klass": "LevelLearnableMove",
          "move": "smack_down",
          "level": 17
        },
        {
          "klass": "LevelLearnableMove",
          "move": "rock_polish",
          "level": 19
        },
        {
          "klass": "LevelLearnableMove",
          "move": "bug_bite",
          "level": 23
        },
        {
          "klass": "LevelLearnableMove",
          "move": "stealth_rock",
          "level": 24
        },
        {
          "klass": "LevelLearnableMove",
          "move": "rock_slide",
          "level": 29
        },
        {
          "klass": "LevelLearnableMove",
          "move": "slash",
          "level": 31
        },
        {
          "klass": "LevelLearnableMove",
          "move": "x_scissor",
          "level": 38
        },
        {
          "klass": "LevelLearnableMove",
          "move": "shell_smash",
          "level": 43
        },
        {
          "klass": "LevelLearnableMove",
          "move": "flail",
          "level": 50
        },
        {
          "klass": "LevelLearnableMove",
          "move": "rock_wrecker",
          "level": 55
        },
        {
          "klass": "TutorLearnableMove",
          "move": "block"
        },
        {
          "klass": "TutorLearnableMove",
          "move": "iron_defense"
        },
        {
          "klass": "TutorLearnableMove",
          "move": "stealth_rock"
        },
        {
          "klass": "TutorLearnableMove",
          "move": "bug_bite"
        },
        {
          "klass": "TutorLearnableMove",
          "move": "snore"
        },
        {
          "klass": "TutorLearnableMove",
          "move": "knock_off"
        },
        {
          "klass": "TutorLearnableMove",
          "move": "stomping_tantrum"
        },
        {
          "klass": "TechLearnableMove",
          "move": "toxic"
        },
        {
          "klass": "TechLearnableMove",
          "move": "hidden_power"
        },
        {
          "klass": "TechLearnableMove",
          "move": "hyper_beam"
        },
        {
          "klass": "TechLearnableMove",
          "move": "protect"
        },
        {
          "klass": "TechLearnableMove",
          "move": "frustration"
        },
        {
          "klass": "TechLearnableMove",
          "move": "solar_beam"
        },
        {
          "klass": "TechLearnableMove",
          "move": "smack_down"
        },
        {
          "klass": "TechLearnableMove",
          "move": "earthquake"
        },
        {
          "klass": "TechLearnableMove",
          "move": "return"
        },
        {
          "klass": "TechLearnableMove",
          "move": "double_team"
        },
        {
          "klass": "TechLearnableMove",
          "move": "sandstorm"
        },
        {
          "klass": "TechLearnableMove",
          "move": "rock_tomb"
        },
        {
          "klass": "TechLearnableMove",
          "move": "aerial_ace"
        },
        {
          "klass": "TechLearnableMove",
          "move": "facade"
        },
        {
          "klass": "TechLearnableMove",
          "move": "rest"
        },
        {
          "klass": "TechLearnableMove",
          "move": "attract"
        },
        {
          "klass": "TechLearnableMove",
          "move": "round"
        },
        {
          "klass": "TechLearnableMove",
          "move": "shadow_claw"
        },
        {
          "klass": "TechLearnableMove",
          "move": "giga_impact"
        },
        {
          "klass": "TechLearnableMove",
          "move": "rock_polish"
        },
        {
          "klass": "TechLearnableMove",
          "move": "stone_edge"
        },
        {
          "klass": "TechLearnableMove",
          "move": "swords_dance"
        },
        {
          "klass": "TechLearnableMove",
          "move": "bulldoze"
        },
        {
          "klass": "TechLearnableMove",
          "move": "rock_slide"
        },
        {
          "klass": "TechLearnableMove",
          "move": "x_scissor"
        },
        {
          "klass": "TechLearnableMove",
          "move": "poison_jab"
        },
        {
          "klass": "TechLearnableMove",
          "move": "swagger"
        },
        {
          "klass": "TechLearnableMove",
          "move": "sleep_talk"
        },
        {
          "klass": "TechLearnableMove",
          "move": "substitute"
        },
        {
          "klass": "TechLearnableMove",
          "move": "nature_power"
        },
        {
          "klass": "TechLearnableMove",
          "move": "confide"
        },
        {
          "klass": "TechLearnableMove",
          "move": "struggle_bug"
        },
        {
          "klass": "TechLearnableMove",
          "move": "secret_power"
        },
        {
          "klass": "TechLearnableMove",
          "move": "cut"
        },
        {
          "klass": "TechLearnableMove",
          "move": "strength"
        },
        {
          "klass": "TechLearnableMove",
          "move": "rock_smash"
        }
      ],
      "resources": {
        "icon": "558",
        "iconShiny": "",
        "front": "558",
        "frontShiny": "558",
        "back": "558",
        "backShiny": "558",
        "footprint": "558",
        "character": "558_0",
        "characterShiny": "558s_0",
        "cry": "558cry.ogg",
        "hasFemale": false
      }
    }
  ]
}