{
  "klass": "Specie",
  "id": 742,
  "dbSymbol": "cutiefly",
  "forms": [
    {
      "form": 0,
      "height": 0.1,
      "weight": 0.2,
      "type1": "bug",
      "type2": "fairy",
      "baseHp": 40,
      "baseAtk": 45,
      "baseDfe": 40,
      "baseSpd": 84,
      "baseAts": 55,
      "baseDfs": 40,
      "evHp": 0,
      "evAtk": 0,
      "evDfe": 0,
      "evSpd": 1,
      "evAts": 0,
      "evDfs": 0,
      "evolutions": [
        {
          "dbSymbol": "ribombee",
          "form": 0,
          "conditions": [
            {
              "type": "minLevel",
              "value": 25
            }
          ]
        }
      ],
      "experienceType": 1,
      "baseExperience": 61,
      "baseLoyalty": 70,
      "catchRate": 190,
      "femaleRate": 50,
      "breedGroups": [
        3,
        6
      ],
      "hatchSteps": 5120,
      "babyDbSymbol": "cutiefly",
      "babyForm": 0,
      "itemHeld": [
        {
          "dbSymbol": "honey",
          "chance": 5
        },
        {
          "dbSymbol": "none",
          "chance": 0
        }
      ],
      "abilities": [
        "honey_gather",
        "shield_dust",
        "sweet_veil"
      ],
      "frontOffsetY": 0,
      "moveSet": [
        {
          "klass": "LevelLearnableMove",
          "move": "absorb",
          "level": 1
        },
        {
          "klass": "LevelLearnableMove",
          "move": "fairy_wind",
          "level": 4
        },
        {
          "klass": "LevelLearnableMove",
          "move": "stun_spore",
          "level": 7
        },
        {
          "klass": "LevelLearnableMove",
          "move": "struggle_bug",
          "level": 10
        },
        {
          "klass": "LevelLearnableMove",
          "move": "silver_wind",
          "level": 13
        },
        {
          "klass": "LevelLearnableMove",
          "move": "draining_kiss",
          "level": 16
        },
        {
          "klass": "LevelLearnableMove",
          "move": "sweet_scent",
          "level": 21
        },
        {
          "klass": "LevelLearnableMove",
          "move": "bug_buzz",
          "level": 26
        },
        {
          "klass": "LevelLearnableMove",
          "move": "dazzling_gleam",
          "level": 31
        },
        {
          "klass": "LevelLearnableMove",
          "move": "aromatherapy",
          "level": 36
        },
        {
          "klass": "LevelLearnableMove",
          "move": "quiver_dance",
          "level": 41
        },
        {
          "klass": "TutorLearnableMove",
          "move": "defog"
        },
        {
          "klass": "TutorLearnableMove",
          "move": "after_you"
        },
        {
          "klass": "TutorLearnableMove",
          "move": "helping_hand"
        },
        {
          "klass": "TutorLearnableMove",
          "move": "last_resort"
        },
        {
          "klass": "TutorLearnableMove",
          "move": "skill_swap"
        },
        {
          "klass": "TutorLearnableMove",
          "move": "covet"
        },
        {
          "klass": "TutorLearnableMove",
          "move": "ally_switch"
        },
        {
          "klass": "TutorLearnableMove",
          "move": "telekinesis"
        },
        {
          "klass": "TutorLearnableMove",
          "move": "bug_bite"
        },
        {
          "klass": "TutorLearnableMove",
          "move": "signal_beam"
        },
        {
          "klass": "TutorLearnableMove",
          "move": "snore"
        },
        {
          "klass": "TutorLearnableMove",
          "move": "trick"
        },
        {
          "klass": "TutorLearnableMove",
          "move": "wonder_room"
        },
        {
          "klass": "TutorLearnableMove",
          "move": "tailwind"
        },
        {
          "klass": "TutorLearnableMove",
          "move": "magic_room"
        },
        {
          "klass": "TechLearnableMove",
          "move": "calm_mind"
        },
        {
          "klass": "TechLearnableMove",
          "move": "toxic"
        },
        {
          "klass": "TechLearnableMove",
          "move": "hidden_power"
        },
        {
          "klass": "TechLearnableMove",
          "move": "sunny_day"
        },
        {
          "klass": "TechLearnableMove",
          "move": "light_screen"
        },
        {
          "klass": "TechLearnableMove",
          "move": "protect"
        },
        {
          "klass": "TechLearnableMove",
          "move": "roost"
        },
        {
          "klass": "TechLearnableMove",
          "move": "safeguard"
        },
        {
          "klass": "TechLearnableMove",
          "move": "frustration"
        },
        {
          "klass": "TechLearnableMove",
          "move": "return"
        },
        {
          "klass": "TechLearnableMove",
          "move": "leech_life"
        },
        {
          "klass": "TechLearnableMove",
          "move": "psychic"
        },
        {
          "klass": "TechLearnableMove",
          "move": "double_team"
        },
        {
          "klass": "TechLearnableMove",
          "move": "reflect"
        },
        {
          "klass": "TechLearnableMove",
          "move": "aerial_ace"
        },
        {
          "klass": "TechLearnableMove",
          "move": "facade"
        },
        {
          "klass": "TechLearnableMove",
          "move": "rest"
        },
        {
          "klass": "TechLearnableMove",
          "move": "attract"
        },
        {
          "klass": "TechLearnableMove",
          "move": "thief"
        },
        {
          "klass": "TechLearnableMove",
          "move": "round"
        },
        {
          "klass": "TechLearnableMove",
          "move": "energy_ball"
        },
        {
          "klass": "TechLearnableMove",
          "move": "acrobatics"
        },
        {
          "klass": "TechLearnableMove",
          "move": "psych_up"
        },
        {
          "klass": "TechLearnableMove",
          "move": "infestation"
        },
        {
          "klass": "TechLearnableMove",
          "move": "dream_eater"
        },
        {
          "klass": "TechLearnableMove",
          "move": "swagger"
        },
        {
          "klass": "TechLearnableMove",
          "move": "sleep_talk"
        },
        {
          "klass": "TechLearnableMove",
          "move": "u_turn"
        },
        {
          "klass": "TechLearnableMove",
          "move": "substitute"
        },
        {
          "klass": "TechLearnableMove",
          "move": "dazzling_gleam"
        },
        {
          "klass": "TechLearnableMove",
          "move": "confide"
        },
        {
          "klass": "TechLearnableMove",
          "move": "struggle_bug"
        },
        {
          "klass": "TechLearnableMove",
          "move": "secret_power"
        },
        {
          "klass": "BreedLearnableMove",
          "move": "baton_pass"
        },
        {
          "klass": "BreedLearnableMove",
          "move": "bestow"
        },
        {
          "klass": "BreedLearnableMove",
          "move": "moonblast"
        },
        {
          "klass": "BreedLearnableMove",
          "move": "powder"
        },
        {
          "klass": "BreedLearnableMove",
          "move": "skill_swap"
        },
        {
          "klass": "BreedLearnableMove",
          "move": "speed_swap"
        },
        {
          "klass": "BreedLearnableMove",
          "move": "sticky_web"
        }
      ],
      "resources": {
        "icon": "742",
        "iconShiny": "",
        "front": "742",
        "frontShiny": "742",
        "back": "742",
        "backShiny": "742",
        "footprint": "",
        "character": "742_0",
        "characterShiny": "742s_0",
        "cry": "742cry.ogg",
        "hasFemale": false
      }
    }
  ]
}