{
  "klass": "Specie",
  "id": 723,
  "dbSymbol": "dartrix",
  "forms": [
    {
      "form": 0,
      "height": 0.7,
      "weight": 16,
      "type1": "grass",
      "type2": "flying",
      "baseHp": 78,
      "baseAtk": 75,
      "baseDfe": 75,
      "baseSpd": 52,
      "baseAts": 70,
      "baseDfs": 70,
      "evHp": 2,
      "evAtk": 0,
      "evDfe": 0,
      "evSpd": 0,
      "evAts": 0,
      "evDfs": 0,
      "evolutions": [
        {
          "dbSymbol": "decidueye",
          "form": 0,
          "conditions": [
            {
              "type": "minLevel",
              "value": 34
            }
          ]
        }
      ],
      "experienceType": 3,
      "baseExperience": 147,
      "baseLoyalty": 70,
      "catchRate": 45,
      "femaleRate": 12.5,
      "breedGroups": [
        4,
        4
      ],
      "hatchSteps": 3840,
      "babyDbSymbol": "rowlet",
      "babyForm": 0,
      "itemHeld": [
        {
          "dbSymbol": "none",
          "chance": 0
        },
        {
          "dbSymbol": "none",
          "chance": 0
        }
      ],
      "abilities": [
        "overgrow",
        "overgrow",
        "long_reach"
      ],
      "frontOffsetY": 0,
      "moveSet": [
        {
          "klass": "LevelLearnableMove",
          "move": "tackle",
          "level": 1
        },
        {
          "klass": "LevelLearnableMove",
          "move": "leafage",
          "level": 1
        },
        {
          "klass": "LevelLearnableMove",
          "move": "peck",
          "level": 1
        },
        {
          "klass": "LevelLearnableMove",
          "move": "growl",
          "level": 1
        },
        {
          "klass": "LevelLearnableMove",
          "move": "growl",
          "level": 4
        },
        {
          "klass": "LevelLearnableMove",
          "move": "peck",
          "level": 8
        },
        {
          "klass": "LevelLearnableMove",
          "move": "astonish",
          "level": 11
        },
        {
          "klass": "LevelLearnableMove",
          "move": "razor_leaf",
          "level": 14
        },
        {
          "klass": "LevelLearnableMove",
          "move": "ominous_wind",
          "level": 16
        },
        {
          "klass": "LevelLearnableMove",
          "move": "foresight",
          "level": 19
        },
        {
          "klass": "LevelLearnableMove",
          "move": "pluck",
          "level": 24
        },
        {
          "klass": "LevelLearnableMove",
          "move": "synthesis",
          "level": 28
        },
        {
          "klass": "LevelLearnableMove",
          "move": "fury_attack",
          "level": 33
        },
        {
          "klass": "LevelLearnableMove",
          "move": "sucker_punch",
          "level": 37
        },
        {
          "klass": "LevelLearnableMove",
          "move": "leaf_blade",
          "level": 42
        },
        {
          "klass": "LevelLearnableMove",
          "move": "feather_dance",
          "level": 46
        },
        {
          "klass": "LevelLearnableMove",
          "move": "brave_bird",
          "level": 51
        },
        {
          "klass": "LevelLearnableMove",
          "move": "nasty_plot",
          "level": 55
        },
        {
          "klass": "TutorLearnableMove",
          "move": "grass_pledge"
        },
        {
          "klass": "TutorLearnableMove",
          "move": "defog"
        },
        {
          "klass": "TutorLearnableMove",
          "move": "seed_bomb"
        },
        {
          "klass": "TutorLearnableMove",
          "move": "giga_drain"
        },
        {
          "klass": "TutorLearnableMove",
          "move": "covet"
        },
        {
          "klass": "TutorLearnableMove",
          "move": "snore"
        },
        {
          "klass": "TutorLearnableMove",
          "move": "worry_seed"
        },
        {
          "klass": "TutorLearnableMove",
          "move": "synthesis"
        },
        {
          "klass": "TutorLearnableMove",
          "move": "sky_attack"
        },
        {
          "klass": "TechLearnableMove",
          "move": "work_up"
        },
        {
          "klass": "TechLearnableMove",
          "move": "toxic"
        },
        {
          "klass": "TechLearnableMove",
          "move": "hidden_power"
        },
        {
          "klass": "TechLearnableMove",
          "move": "sunny_day"
        },
        {
          "klass": "TechLearnableMove",
          "move": "light_screen"
        },
        {
          "klass": "TechLearnableMove",
          "move": "protect"
        },
        {
          "klass": "TechLearnableMove",
          "move": "roost"
        },
        {
          "klass": "TechLearnableMove",
          "move": "safeguard"
        },
        {
          "klass": "TechLearnableMove",
          "move": "frustration"
        },
        {
          "klass": "TechLearnableMove",
          "move": "solar_beam"
        },
        {
          "klass": "TechLearnableMove",
          "move": "return"
        },
        {
          "klass": "TechLearnableMove",
          "move": "double_team"
        },
        {
          "klass": "TechLearnableMove",
          "move": "facade"
        },
        {
          "klass": "TechLearnableMove",
          "move": "rest"
        },
        {
          "klass": "TechLearnableMove",
          "move": "attract"
        },
        {
          "klass": "TechLearnableMove",
          "move": "round"
        },
        {
          "klass": "TechLearnableMove",
          "move": "echoed_voice"
        },
        {
          "klass": "TechLearnableMove",
          "move": "steel_wing"
        },
        {
          "klass": "TechLearnableMove",
          "move": "energy_ball"
        },
        {
          "klass": "TechLearnableMove",
          "move": "false_swipe"
        },
        {
          "klass": "TechLearnableMove",
          "move": "shadow_claw"
        },
        {
          "klass": "TechLearnableMove",
          "move": "swords_dance"
        },
        {
          "klass": "TechLearnableMove",
          "move": "grass_knot"
        },
        {
          "klass": "TechLearnableMove",
          "move": "swagger"
        },
        {
          "klass": "TechLearnableMove",
          "move": "sleep_talk"
        },
        {
          "klass": "TechLearnableMove",
          "move": "substitute"
        },
        {
          "klass": "TechLearnableMove",
          "move": "nature_power"
        },
        {
          "klass": "TechLearnableMove",
          "move": "confide"
        },
        {
          "klass": "TechLearnableMove",
          "move": "secret_power"
        },
        {
          "klass": "TechLearnableMove",
          "move": "cut"
        },
        {
          "klass": "BreedLearnableMove",
          "move": "defog"
        },
        {
          "klass": "BreedLearnableMove",
          "move": "haze"
        },
        {
          "klass": "BreedLearnableMove",
          "move": "curse"
        },
        {
          "klass": "BreedLearnableMove",
          "move": "confuse_ray"
        },
        {
          "klass": "BreedLearnableMove",
          "move": "baton_pass"
        },
        {
          "klass": "BreedLearnableMove",
          "move": "ominous_wind"
        }
      ],
      "resources": {
        "icon": "723",
        "iconShiny": "",
        "front": "723",
        "frontShiny": "723",
        "back": "723",
        "backShiny": "723",
        "footprint": "",
        "character": "723_0",
        "characterShiny": "723s_0",
        "cry": "723cry.ogg",
        "hasFemale": false
      }
    }
  ]
}