{
  "klass": "Specie",
  "id": 655,
  "dbSymbol": "delphox",
  "forms": [
    {
      "form": 0,
      "height": 1.5,
      "weight": 39,
      "type1": "fire",
      "type2": "psychic",
      "baseHp": 75,
      "baseAtk": 69,
      "baseDfe": 72,
      "baseSpd": 104,
      "baseAts": 114,
      "baseDfs": 100,
      "evHp": 0,
      "evAtk": 0,
      "evDfe": 0,
      "evSpd": 0,
      "evAts": 3,
      "evDfs": 0,
      "evolutions": [],
      "experienceType": 3,
      "baseExperience": 240,
      "baseLoyalty": 70,
      "catchRate": 45,
      "femaleRate": 12.5,
      "breedGroups": [
        5,
        5
      ],
      "hatchSteps": 5120,
      "babyDbSymbol": "fennekin",
      "babyForm": 0,
      "itemHeld": [
        {
          "dbSymbol": "none",
          "chance": 0
        },
        {
          "dbSymbol": "none",
          "chance": 0
        }
      ],
      "abilities": [
        "blaze",
        "blaze",
        "magician"
      ],
      "frontOffsetY": 0,
      "moveSet": [
        {
          "klass": "LevelLearnableMove",
          "move": "scratch",
          "level": 1
        },
        {
          "klass": "LevelLearnableMove",
          "move": "tail_whip",
          "level": 1
        },
        {
          "klass": "LevelLearnableMove",
          "move": "shadow_ball",
          "level": 1
        },
        {
          "klass": "LevelLearnableMove",
          "move": "role_play",
          "level": 1
        },
        {
          "klass": "LevelLearnableMove",
          "move": "switcheroo",
          "level": 1
        },
        {
          "klass": "LevelLearnableMove",
          "move": "future_sight",
          "level": 1
        },
        {
          "klass": "LevelLearnableMove",
          "move": "howl",
          "level": 1
        },
        {
          "klass": "LevelLearnableMove",
          "move": "mystical_fire",
          "level": 1
        },
        {
          "klass": "LevelLearnableMove",
          "move": "ember",
          "level": 1
        },
        {
          "klass": "LevelLearnableMove",
          "move": "ember",
          "level": 5
        },
        {
          "klass": "LevelLearnableMove",
          "move": "howl",
          "level": 11
        },
        {
          "klass": "LevelLearnableMove",
          "move": "flame_charge",
          "level": 14
        },
        {
          "klass": "LevelLearnableMove",
          "move": "psybeam",
          "level": 18
        },
        {
          "klass": "LevelLearnableMove",
          "move": "fire_spin",
          "level": 22
        },
        {
          "klass": "LevelLearnableMove",
          "move": "lucky_chant",
          "level": 28
        },
        {
          "klass": "LevelLearnableMove",
          "move": "light_screen",
          "level": 31
        },
        {
          "klass": "LevelLearnableMove",
          "move": "psyshock",
          "level": 38
        },
        {
          "klass": "LevelLearnableMove",
          "move": "flamethrower",
          "level": 45
        },
        {
          "klass": "LevelLearnableMove",
          "move": "will_o_wisp",
          "level": 51
        },
        {
          "klass": "LevelLearnableMove",
          "move": "psychic",
          "level": 57
        },
        {
          "klass": "LevelLearnableMove",
          "move": "sunny_day",
          "level": 62
        },
        {
          "klass": "LevelLearnableMove",
          "move": "magic_room",
          "level": 68
        },
        {
          "klass": "LevelLearnableMove",
          "move": "fire_blast",
          "level": 74
        },
        {
          "klass": "LevelLearnableMove",
          "move": "future_sight",
          "level": 80
        },
        {
          "klass": "TutorLearnableMove",
          "move": "laser_focus"
        },
        {
          "klass": "TutorLearnableMove",
          "move": "fire_pledge"
        },
        {
          "klass": "TutorLearnableMove",
          "move": "low_kick"
        },
        {
          "klass": "TutorLearnableMove",
          "move": "heat_wave"
        },
        {
          "klass": "TutorLearnableMove",
          "move": "skill_swap"
        },
        {
          "klass": "TutorLearnableMove",
          "move": "role_play"
        },
        {
          "klass": "TutorLearnableMove",
          "move": "covet"
        },
        {
          "klass": "TutorLearnableMove",
          "move": "ally_switch"
        },
        {
          "klass": "TutorLearnableMove",
          "move": "telekinesis"
        },
        {
          "klass": "TutorLearnableMove",
          "move": "shock_wave"
        },
        {
          "klass": "TutorLearnableMove",
          "move": "thunder_punch"
        },
        {
          "klass": "TutorLearnableMove",
          "move": "fire_punch"
        },
        {
          "klass": "TutorLearnableMove",
          "move": "zen_headbutt"
        },
        {
          "klass": "TutorLearnableMove",
          "move": "iron_tail"
        },
        {
          "klass": "TutorLearnableMove",
          "move": "blast_burn"
        },
        {
          "klass": "TutorLearnableMove",
          "move": "recycle"
        },
        {
          "klass": "TutorLearnableMove",
          "move": "magic_coat"
        },
        {
          "klass": "TutorLearnableMove",
          "move": "snore"
        },
        {
          "klass": "TutorLearnableMove",
          "move": "snatch"
        },
        {
          "klass": "TutorLearnableMove",
          "move": "trick"
        },
        {
          "klass": "TutorLearnableMove",
          "move": "signal_beam"
        },
        {
          "klass": "TutorLearnableMove",
          "move": "foul_play"
        },
        {
          "klass": "TutorLearnableMove",
          "move": "wonder_room"
        },
        {
          "klass": "TutorLearnableMove",
          "move": "magic_room"
        },
        {
          "klass": "TechLearnableMove",
          "move": "work_up"
        },
        {
          "klass": "TechLearnableMove",
          "move": "psyshock"
        },
        {
          "klass": "TechLearnableMove",
          "move": "calm_mind"
        },
        {
          "klass": "TechLearnableMove",
          "move": "toxic"
        },
        {
          "klass": "TechLearnableMove",
          "move": "hidden_power"
        },
        {
          "klass": "TechLearnableMove",
          "move": "sunny_day"
        },
        {
          "klass": "TechLearnableMove",
          "move": "hyper_beam"
        },
        {
          "klass": "TechLearnableMove",
          "move": "light_screen"
        },
        {
          "klass": "TechLearnableMove",
          "move": "protect"
        },
        {
          "klass": "TechLearnableMove",
          "move": "rain_dance"
        },
        {
          "klass": "TechLearnableMove",
          "move": "safeguard"
        },
        {
          "klass": "TechLearnableMove",
          "move": "frustration"
        },
        {
          "klass": "TechLearnableMove",
          "move": "solar_beam"
        },
        {
          "klass": "TechLearnableMove",
          "move": "return"
        },
        {
          "klass": "TechLearnableMove",
          "move": "psychic"
        },
        {
          "klass": "TechLearnableMove",
          "move": "shadow_ball"
        },
        {
          "klass": "TechLearnableMove",
          "move": "double_team"
        },
        {
          "klass": "TechLearnableMove",
          "move": "flamethrower"
        },
        {
          "klass": "TechLearnableMove",
          "move": "fire_blast"
        },
        {
          "klass": "TechLearnableMove",
          "move": "facade"
        },
        {
          "klass": "TechLearnableMove",
          "move": "flame_charge"
        },
        {
          "klass": "TechLearnableMove",
          "move": "rest"
        },
        {
          "klass": "TechLearnableMove",
          "move": "attract"
        },
        {
          "klass": "TechLearnableMove",
          "move": "thief"
        },
        {
          "klass": "TechLearnableMove",
          "move": "round"
        },
        {
          "klass": "TechLearnableMove",
          "move": "echoed_voice"
        },
        {
          "klass": "TechLearnableMove",
          "move": "overheat"
        },
        {
          "klass": "TechLearnableMove",
          "move": "will_o_wisp"
        },
        {
          "klass": "TechLearnableMove",
          "move": "embargo"
        },
        {
          "klass": "TechLearnableMove",
          "move": "giga_impact"
        },
        {
          "klass": "TechLearnableMove",
          "move": "psych_up"
        },
        {
          "klass": "TechLearnableMove",
          "move": "dream_eater"
        },
        {
          "klass": "TechLearnableMove",
          "move": "grass_knot"
        },
        {
          "klass": "TechLearnableMove",
          "move": "swagger"
        },
        {
          "klass": "TechLearnableMove",
          "move": "sleep_talk"
        },
        {
          "klass": "TechLearnableMove",
          "move": "substitute"
        },
        {
          "klass": "TechLearnableMove",
          "move": "trick_room"
        },
        {
          "klass": "TechLearnableMove",
          "move": "dazzling_gleam"
        },
        {
          "klass": "TechLearnableMove",
          "move": "confide"
        },
        {
          "klass": "TechLearnableMove",
          "move": "secret_power"
        },
        {
          "klass": "TechLearnableMove",
          "move": "power_up_punch"
        },
        {
          "klass": "TechLearnableMove",
          "move": "cut"
        },
        {
          "klass": "EvolutionLearnableMove",
          "move": "mystical_fire"
        }
      ],
      "resources": {
        "icon": "655",
        "iconShiny": "",
        "front": "655",
        "frontShiny": "655",
        "back": "655",
        "backShiny": "655",
        "footprint": "",
        "character": "655_0",
        "characterShiny": "655s_0",
        "cry": "655cry.ogg",
        "hasFemale": false
      }
    }
  ]
}