{
  "klass": "Specie",
  "id": 87,
  "dbSymbol": "dewgong",
  "forms": [
    {
      "form": 0,
      "height": 1.7,
      "weight": 120,
      "type1": "water",
      "type2": "ice",
      "baseHp": 90,
      "baseAtk": 70,
      "baseDfe": 80,
      "baseSpd": 70,
      "baseAts": 70,
      "baseDfs": 95,
      "evHp": 0,
      "evAtk": 0,
      "evDfe": 0,
      "evSpd": 0,
      "evAts": 0,
      "evDfs": 2,
      "evolutions": [],
      "experienceType": 1,
      "baseExperience": 166,
      "baseLoyalty": 70,
      "catchRate": 75,
      "femaleRate": 50,
      "breedGroups": [
        2,
        5
      ],
      "hatchSteps": 5120,
      "babyDbSymbol": "seel",
      "babyForm": 0,
      "itemHeld": [
        {
          "dbSymbol": "none",
          "chance": 0
        },
        {
          "dbSymbol": "none",
          "chance": 0
        }
      ],
      "abilities": [
        "thick_fat",
        "hydration",
        "ice_body"
      ],
      "frontOffsetY": 0,
      "moveSet": [
        {
          "klass": "LevelLearnableMove",
          "move": "headbutt",
          "level": 1
        },
        {
          "klass": "LevelLearnableMove",
          "move": "signal_beam",
          "level": 1
        },
        {
          "klass": "LevelLearnableMove",
          "move": "icy_wind",
          "level": 1
        },
        {
          "klass": "LevelLearnableMove",
          "move": "sheer_cold",
          "level": 1
        },
        {
          "klass": "LevelLearnableMove",
          "move": "growl",
          "level": 1
        },
        {
          "klass": "LevelLearnableMove",
          "move": "growl",
          "level": 3
        },
        {
          "klass": "LevelLearnableMove",
          "move": "signal_beam",
          "level": 7
        },
        {
          "klass": "LevelLearnableMove",
          "move": "icy_wind",
          "level": 11
        },
        {
          "klass": "LevelLearnableMove",
          "move": "encore",
          "level": 13
        },
        {
          "klass": "LevelLearnableMove",
          "move": "ice_shard",
          "level": 17
        },
        {
          "klass": "LevelLearnableMove",
          "move": "rest",
          "level": 21
        },
        {
          "klass": "LevelLearnableMove",
          "move": "aqua_ring",
          "level": 23
        },
        {
          "klass": "LevelLearnableMove",
          "move": "aurora_beam",
          "level": 27
        },
        {
          "klass": "LevelLearnableMove",
          "move": "aqua_jet",
          "level": 31
        },
        {
          "klass": "LevelLearnableMove",
          "move": "brine",
          "level": 33
        },
        {
          "klass": "LevelLearnableMove",
          "move": "take_down",
          "level": 39
        },
        {
          "klass": "LevelLearnableMove",
          "move": "dive",
          "level": 45
        },
        {
          "klass": "LevelLearnableMove",
          "move": "aqua_tail",
          "level": 49
        },
        {
          "klass": "LevelLearnableMove",
          "move": "ice_beam",
          "level": 55
        },
        {
          "klass": "LevelLearnableMove",
          "move": "safeguard",
          "level": 61
        },
        {
          "klass": "LevelLearnableMove",
          "move": "hail",
          "level": 65
        },
        {
          "klass": "TutorLearnableMove",
          "move": "aqua_tail"
        },
        {
          "klass": "TutorLearnableMove",
          "move": "iron_tail"
        },
        {
          "klass": "TutorLearnableMove",
          "move": "signal_beam"
        },
        {
          "klass": "TutorLearnableMove",
          "move": "snore"
        },
        {
          "klass": "TutorLearnableMove",
          "move": "liquidation"
        },
        {
          "klass": "TutorLearnableMove",
          "move": "drill_run"
        },
        {
          "klass": "TutorLearnableMove",
          "move": "icy_wind"
        },
        {
          "klass": "TutorLearnableMove",
          "move": "water_pulse"
        },
        {
          "klass": "TechLearnableMove",
          "move": "toxic"
        },
        {
          "klass": "TechLearnableMove",
          "move": "hail"
        },
        {
          "klass": "TechLearnableMove",
          "move": "hidden_power"
        },
        {
          "klass": "TechLearnableMove",
          "move": "ice_beam"
        },
        {
          "klass": "TechLearnableMove",
          "move": "blizzard"
        },
        {
          "klass": "TechLearnableMove",
          "move": "hyper_beam"
        },
        {
          "klass": "TechLearnableMove",
          "move": "protect"
        },
        {
          "klass": "TechLearnableMove",
          "move": "rain_dance"
        },
        {
          "klass": "TechLearnableMove",
          "move": "safeguard"
        },
        {
          "klass": "TechLearnableMove",
          "move": "frustration"
        },
        {
          "klass": "TechLearnableMove",
          "move": "return"
        },
        {
          "klass": "TechLearnableMove",
          "move": "double_team"
        },
        {
          "klass": "TechLearnableMove",
          "move": "facade"
        },
        {
          "klass": "TechLearnableMove",
          "move": "rest"
        },
        {
          "klass": "TechLearnableMove",
          "move": "attract"
        },
        {
          "klass": "TechLearnableMove",
          "move": "thief"
        },
        {
          "klass": "TechLearnableMove",
          "move": "round"
        },
        {
          "klass": "TechLearnableMove",
          "move": "echoed_voice"
        },
        {
          "klass": "TechLearnableMove",
          "move": "fling"
        },
        {
          "klass": "TechLearnableMove",
          "move": "smart_strike"
        },
        {
          "klass": "TechLearnableMove",
          "move": "giga_impact"
        },
        {
          "klass": "TechLearnableMove",
          "move": "frost_breath"
        },
        {
          "klass": "TechLearnableMove",
          "move": "swagger"
        },
        {
          "klass": "TechLearnableMove",
          "move": "sleep_talk"
        },
        {
          "klass": "TechLearnableMove",
          "move": "substitute"
        },
        {
          "klass": "TechLearnableMove",
          "move": "surf"
        },
        {
          "klass": "TechLearnableMove",
          "move": "waterfall"
        },
        {
          "klass": "TechLearnableMove",
          "move": "confide"
        },
        {
          "klass": "TechLearnableMove",
          "move": "secret_power"
        },
        {
          "klass": "TechLearnableMove",
          "move": "whirlpool"
        },
        {
          "klass": "EvolutionLearnableMove",
          "move": "sheer_cold"
        }
      ],
      "resources": {
        "icon": "087",
        "iconShiny": "",
        "front": "087",
        "frontShiny": "087",
        "back": "087",
        "backShiny": "087",
        "footprint": "087",
        "character": "087_0",
        "characterShiny": "087s_0",
        "cry": "087cry.ogg",
        "hasFemale": false
      }
    }
  ]
}
