{
  "klass": "Specie",
  "id": 751,
  "dbSymbol": "dewpider",
  "forms": [
    {
      "form": 0,
      "height": 0.3,
      "weight": 4,
      "type1": "water",
      "type2": "bug",
      "baseHp": 38,
      "baseAtk": 40,
      "baseDfe": 52,
      "baseSpd": 27,
      "baseAts": 40,
      "baseDfs": 72,
      "evHp": 0,
      "evAtk": 0,
      "evDfe": 0,
      "evSpd": 0,
      "evAts": 0,
      "evDfs": 1,
      "evolutions": [
        {
          "dbSymbol": "araquanid",
          "form": 0,
          "conditions": [
            {
              "type": "minLevel",
              "value": 22
            }
          ]
        }
      ],
      "experienceType": 1,
      "baseExperience": 54,
      "baseLoyalty": 70,
      "catchRate": 200,
      "femaleRate": 50,
      "breedGroups": [
        2,
        3
      ],
      "hatchSteps": 3840,
      "babyDbSymbol": "dewpider",
      "babyForm": 0,
      "itemHeld": [
        {
          "dbSymbol": "mystic_water",
          "chance": 5
        },
        {
          "dbSymbol": "none",
          "chance": 0
        }
      ],
      "abilities": [
        "water_bubble",
        "water_bubble",
        "water_absorb"
      ],
      "frontOffsetY": 0,
      "moveSet": [
        {
          "klass": "LevelLearnableMove",
          "move": "water_sport",
          "level": 1
        },
        {
          "klass": "LevelLearnableMove",
          "move": "bubble",
          "level": 1
        },
        {
          "klass": "LevelLearnableMove",
          "move": "infestation",
          "level": 5
        },
        {
          "klass": "LevelLearnableMove",
          "move": "spider_web",
          "level": 8
        },
        {
          "klass": "LevelLearnableMove",
          "move": "bug_bite",
          "level": 13
        },
        {
          "klass": "LevelLearnableMove",
          "move": "bubble_beam",
          "level": 16
        },
        {
          "klass": "LevelLearnableMove",
          "move": "bite",
          "level": 21
        },
        {
          "klass": "LevelLearnableMove",
          "move": "aqua_ring",
          "level": 24
        },
        {
          "klass": "LevelLearnableMove",
          "move": "leech_life",
          "level": 29
        },
        {
          "klass": "LevelLearnableMove",
          "move": "crunch",
          "level": 32
        },
        {
          "klass": "LevelLearnableMove",
          "move": "lunge",
          "level": 37
        },
        {
          "klass": "LevelLearnableMove",
          "move": "mirror_coat",
          "level": 40
        },
        {
          "klass": "LevelLearnableMove",
          "move": "liquidation",
          "level": 45
        },
        {
          "klass": "LevelLearnableMove",
          "move": "entrainment",
          "level": 48
        },
        {
          "klass": "TutorLearnableMove",
          "move": "liquidation"
        },
        {
          "klass": "TutorLearnableMove",
          "move": "giga_drain"
        },
        {
          "klass": "TutorLearnableMove",
          "move": "iron_defense"
        },
        {
          "klass": "TutorLearnableMove",
          "move": "bug_bite"
        },
        {
          "klass": "TutorLearnableMove",
          "move": "signal_beam"
        },
        {
          "klass": "TutorLearnableMove",
          "move": "magic_coat"
        },
        {
          "klass": "TutorLearnableMove",
          "move": "snore"
        },
        {
          "klass": "TutorLearnableMove",
          "move": "wonder_room"
        },
        {
          "klass": "TutorLearnableMove",
          "move": "icy_wind"
        },
        {
          "klass": "TutorLearnableMove",
          "move": "water_pulse"
        },
        {
          "klass": "TutorLearnableMove",
          "move": "magic_room"
        },
        {
          "klass": "TechLearnableMove",
          "move": "toxic"
        },
        {
          "klass": "TechLearnableMove",
          "move": "hidden_power"
        },
        {
          "klass": "TechLearnableMove",
          "move": "ice_beam"
        },
        {
          "klass": "TechLearnableMove",
          "move": "blizzard"
        },
        {
          "klass": "TechLearnableMove",
          "move": "protect"
        },
        {
          "klass": "TechLearnableMove",
          "move": "rain_dance"
        },
        {
          "klass": "TechLearnableMove",
          "move": "frustration"
        },
        {
          "klass": "TechLearnableMove",
          "move": "return"
        },
        {
          "klass": "TechLearnableMove",
          "move": "leech_life"
        },
        {
          "klass": "TechLearnableMove",
          "move": "double_team"
        },
        {
          "klass": "TechLearnableMove",
          "move": "facade"
        },
        {
          "klass": "TechLearnableMove",
          "move": "rest"
        },
        {
          "klass": "TechLearnableMove",
          "move": "attract"
        },
        {
          "klass": "TechLearnableMove",
          "move": "round"
        },
        {
          "klass": "TechLearnableMove",
          "move": "scald"
        },
        {
          "klass": "TechLearnableMove",
          "move": "frost_breath"
        },
        {
          "klass": "TechLearnableMove",
          "move": "x_scissor"
        },
        {
          "klass": "TechLearnableMove",
          "move": "infestation"
        },
        {
          "klass": "TechLearnableMove",
          "move": "poison_jab"
        },
        {
          "klass": "TechLearnableMove",
          "move": "swagger"
        },
        {
          "klass": "TechLearnableMove",
          "move": "sleep_talk"
        },
        {
          "klass": "TechLearnableMove",
          "move": "substitute"
        },
        {
          "klass": "TechLearnableMove",
          "move": "surf"
        },
        {
          "klass": "TechLearnableMove",
          "move": "waterfall"
        },
        {
          "klass": "TechLearnableMove",
          "move": "confide"
        },
        {
          "klass": "TechLearnableMove",
          "move": "struggle_bug"
        },
        {
          "klass": "TechLearnableMove",
          "move": "secret_power"
        },
        {
          "klass": "TechLearnableMove",
          "move": "cut"
        },
        {
          "klass": "BreedLearnableMove",
          "move": "aurora_beam"
        },
        {
          "klass": "BreedLearnableMove",
          "move": "power_split"
        },
        {
          "klass": "BreedLearnableMove",
          "move": "stockpile"
        },
        {
          "klass": "BreedLearnableMove",
          "move": "spit_up"
        },
        {
          "klass": "BreedLearnableMove",
          "move": "sticky_web"
        }
      ],
      "resources": {
        "icon": "751",
        "iconShiny": "",
        "front": "751",
        "frontShiny": "751",
        "back": "751",
        "backShiny": "751",
        "footprint": "",
        "character": "751_0",
        "characterShiny": "751s_0",
        "cry": "751cry.ogg",
        "hasFemale": false
      }
    }
  ]
}