{
  "klass": "Specie",
  "id": 660,
  "dbSymbol": "diggersby",
  "forms": [
    {
      "form": 0,
      "height": 1,
      "weight": 42.4,
      "type1": "normal",
      "type2": "ground",
      "baseHp": 85,
      "baseAtk": 56,
      "baseDfe": 77,
      "baseSpd": 78,
      "baseAts": 50,
      "baseDfs": 77,
      "evHp": 2,
      "evAtk": 0,
      "evDfe": 0,
      "evSpd": 0,
      "evAts": 0,
      "evDfs": 0,
      "evolutions": [],
      "experienceType": 1,
      "baseExperience": 148,
      "baseLoyalty": 70,
      "catchRate": 127,
      "femaleRate": 50,
      "breedGroups": [
        5,
        0
      ],
      "hatchSteps": 3840,
      "babyDbSymbol": "bunnelby",
      "babyForm": 0,
      "itemHeld": [
        {
          "dbSymbol": "none",
          "chance": 0
        },
        {
          "dbSymbol": "none",
          "chance": 0
        }
      ],
      "abilities": [
        "pickup",
        "cheek_pouch",
        "huge_power"
      ],
      "frontOffsetY": 0,
      "moveSet": [
        {
          "klass": "LevelLearnableMove",
          "move": "tackle",
          "level": 1
        },
        {
          "klass": "LevelLearnableMove",
          "move": "leer",
          "level": 1
        },
        {
          "klass": "LevelLearnableMove",
          "move": "agility",
          "level": 1
        },
        {
          "klass": "LevelLearnableMove",
          "move": "swords_dance",
          "level": 1
        },
        {
          "klass": "LevelLearnableMove",
          "move": "hammer_arm",
          "level": 1
        },
        {
          "klass": "LevelLearnableMove",
          "move": "rototiller",
          "level": 1
        },
        {
          "klass": "LevelLearnableMove",
          "move": "bulldoze",
          "level": 1
        },
        {
          "klass": "LevelLearnableMove",
          "move": "quick_attack",
          "level": 7
        },
        {
          "klass": "LevelLearnableMove",
          "move": "mud_slap",
          "level": 13
        },
        {
          "klass": "LevelLearnableMove",
          "move": "double_slap",
          "level": 13
        },
        {
          "klass": "LevelLearnableMove",
          "move": "take_down",
          "level": 15
        },
        {
          "klass": "LevelLearnableMove",
          "move": "mud_shot",
          "level": 18
        },
        {
          "klass": "LevelLearnableMove",
          "move": "double_kick",
          "level": 21
        },
        {
          "klass": "LevelLearnableMove",
          "move": "odor_sleuth",
          "level": 27
        },
        {
          "klass": "LevelLearnableMove",
          "move": "flail",
          "level": 32
        },
        {
          "klass": "LevelLearnableMove",
          "move": "dig",
          "level": 37
        },
        {
          "klass": "LevelLearnableMove",
          "move": "bounce",
          "level": 43
        },
        {
          "klass": "LevelLearnableMove",
          "move": "super_fang",
          "level": 48
        },
        {
          "klass": "LevelLearnableMove",
          "move": "facade",
          "level": 54
        },
        {
          "klass": "LevelLearnableMove",
          "move": "earthquake",
          "level": 57
        },
        {
          "klass": "LevelLearnableMove",
          "move": "hammer_arm",
          "level": 60
        },
        {
          "klass": "TutorLearnableMove",
          "move": "low_kick"
        },
        {
          "klass": "TutorLearnableMove",
          "move": "uproar"
        },
        {
          "klass": "TutorLearnableMove",
          "move": "super_fang"
        },
        {
          "klass": "TutorLearnableMove",
          "move": "last_resort"
        },
        {
          "klass": "TutorLearnableMove",
          "move": "gunk_shot"
        },
        {
          "klass": "TutorLearnableMove",
          "move": "endeavor"
        },
        {
          "klass": "TutorLearnableMove",
          "move": "focus_punch"
        },
        {
          "klass": "TutorLearnableMove",
          "move": "thunder_punch"
        },
        {
          "klass": "TutorLearnableMove",
          "move": "fire_punch"
        },
        {
          "klass": "TutorLearnableMove",
          "move": "ice_punch"
        },
        {
          "klass": "TutorLearnableMove",
          "move": "iron_tail"
        },
        {
          "klass": "TutorLearnableMove",
          "move": "bounce"
        },
        {
          "klass": "TutorLearnableMove",
          "move": "recycle"
        },
        {
          "klass": "TutorLearnableMove",
          "move": "snore"
        },
        {
          "klass": "TutorLearnableMove",
          "move": "knock_off"
        },
        {
          "klass": "TutorLearnableMove",
          "move": "gastro_acid"
        },
        {
          "klass": "TutorLearnableMove",
          "move": "superpower"
        },
        {
          "klass": "TutorLearnableMove",
          "move": "earth_power"
        },
        {
          "klass": "TutorLearnableMove",
          "move": "iron_head"
        },
        {
          "klass": "TutorLearnableMove",
          "move": "snatch"
        },
        {
          "klass": "TutorLearnableMove",
          "move": "stomping_tantrum"
        },
        {
          "klass": "TutorLearnableMove",
          "move": "foul_play"
        },
        {
          "klass": "TechLearnableMove",
          "move": "work_up"
        },
        {
          "klass": "TechLearnableMove",
          "move": "toxic"
        },
        {
          "klass": "TechLearnableMove",
          "move": "bulk_up"
        },
        {
          "klass": "TechLearnableMove",
          "move": "hidden_power"
        },
        {
          "klass": "TechLearnableMove",
          "move": "hyper_beam"
        },
        {
          "klass": "TechLearnableMove",
          "move": "protect"
        },
        {
          "klass": "TechLearnableMove",
          "move": "frustration"
        },
        {
          "klass": "TechLearnableMove",
          "move": "smack_down"
        },
        {
          "klass": "TechLearnableMove",
          "move": "earthquake"
        },
        {
          "klass": "TechLearnableMove",
          "move": "return"
        },
        {
          "klass": "TechLearnableMove",
          "move": "brick_break"
        },
        {
          "klass": "TechLearnableMove",
          "move": "double_team"
        },
        {
          "klass": "TechLearnableMove",
          "move": "sludge_bomb"
        },
        {
          "klass": "TechLearnableMove",
          "move": "sandstorm"
        },
        {
          "klass": "TechLearnableMove",
          "move": "rock_tomb"
        },
        {
          "klass": "TechLearnableMove",
          "move": "torment"
        },
        {
          "klass": "TechLearnableMove",
          "move": "facade"
        },
        {
          "klass": "TechLearnableMove",
          "move": "rest"
        },
        {
          "klass": "TechLearnableMove",
          "move": "attract"
        },
        {
          "klass": "TechLearnableMove",
          "move": "thief"
        },
        {
          "klass": "TechLearnableMove",
          "move": "round"
        },
        {
          "klass": "TechLearnableMove",
          "move": "fling"
        },
        {
          "klass": "TechLearnableMove",
          "move": "brutal_swing"
        },
        {
          "klass": "TechLearnableMove",
          "move": "payback"
        },
        {
          "klass": "TechLearnableMove",
          "move": "giga_impact"
        },
        {
          "klass": "TechLearnableMove",
          "move": "stone_edge"
        },
        {
          "klass": "TechLearnableMove",
          "move": "swords_dance"
        },
        {
          "klass": "TechLearnableMove",
          "move": "bulldoze"
        },
        {
          "klass": "TechLearnableMove",
          "move": "rock_slide"
        },
        {
          "klass": "TechLearnableMove",
          "move": "grass_knot"
        },
        {
          "klass": "TechLearnableMove",
          "move": "swagger"
        },
        {
          "klass": "TechLearnableMove",
          "move": "sleep_talk"
        },
        {
          "klass": "TechLearnableMove",
          "move": "u_turn"
        },
        {
          "klass": "TechLearnableMove",
          "move": "substitute"
        },
        {
          "klass": "TechLearnableMove",
          "move": "wild_charge"
        },
        {
          "klass": "TechLearnableMove",
          "move": "surf"
        },
        {
          "klass": "TechLearnableMove",
          "move": "nature_power"
        },
        {
          "klass": "TechLearnableMove",
          "move": "confide"
        },
        {
          "klass": "TechLearnableMove",
          "move": "secret_power"
        },
        {
          "klass": "TechLearnableMove",
          "move": "power_up_punch"
        },
        {
          "klass": "TechLearnableMove",
          "move": "cut"
        },
        {
          "klass": "TechLearnableMove",
          "move": "strength"
        },
        {
          "klass": "TechLearnableMove",
          "move": "rock_smash"
        },
        {
          "klass": "TechLearnableMove",
          "move": "rock_climb"
        }
      ],
      "resources": {
        "icon": "660",
        "iconShiny": "",
        "front": "660",
        "frontShiny": "660",
        "back": "660",
        "backShiny": "660",
        "footprint": "",
        "character": "660_0",
        "characterShiny": "660s_0",
        "cry": "660cry.ogg",
        "hasFemale": false
      }
    }
  ]
}