{
  "klass": "Specie",
  "id": 50,
  "dbSymbol": "diglett",
  "forms": [
    {
      "form": 0,
      "height": 0.2,
      "weight": 0.8,
      "type1": "ground",
      "type2": "__undef__",
      "baseHp": 10,
      "baseAtk": 55,
      "baseDfe": 25,
      "baseSpd": 95,
      "baseAts": 35,
      "baseDfs": 45,
      "evHp": 0,
      "evAtk": 0,
      "evDfe": 0,
      "evSpd": 1,
      "evAts": 0,
      "evDfs": 0,
      "evolutions": [
        {
          "dbSymbol": "dugtrio",
          "form": 0,
          "conditions": [
            {
              "type": "minLevel",
              "value": 26
            }
          ]
        }
      ],
      "experienceType": 1,
      "baseExperience": 53,
      "baseLoyalty": 70,
      "catchRate": 255,
      "femaleRate": 50,
      "breedGroups": [
        5,
        5
      ],
      "hatchSteps": 5120,
      "babyDbSymbol": "diglett",
      "babyForm": 0,
      "itemHeld": [
        {
          "dbSymbol": "soft_sand",
          "chance": 5
        },
        {
          "dbSymbol": "none",
          "chance": 0
        }
      ],
      "abilities": [
        "sand_veil",
        "arena_trap",
        "sand_force"
      ],
      "frontOffsetY": 0,
      "moveSet": [
        {
          "klass": "LevelLearnableMove",
          "move": "scratch",
          "level": 1
        },
        {
          "klass": "LevelLearnableMove",
          "move": "sand_attack",
          "level": 1
        },
        {
          "klass": "LevelLearnableMove",
          "move": "growl",
          "level": 4
        },
        {
          "klass": "LevelLearnableMove",
          "move": "astonish",
          "level": 7
        },
        {
          "klass": "LevelLearnableMove",
          "move": "mud_slap",
          "level": 10
        },
        {
          "klass": "LevelLearnableMove",
          "move": "magnitude",
          "level": 14
        },
        {
          "klass": "LevelLearnableMove",
          "move": "bulldoze",
          "level": 18
        },
        {
          "klass": "LevelLearnableMove",
          "move": "sucker_punch",
          "level": 22
        },
        {
          "klass": "LevelLearnableMove",
          "move": "mud_bomb",
          "level": 25
        },
        {
          "klass": "LevelLearnableMove",
          "move": "earth_power",
          "level": 28
        },
        {
          "klass": "LevelLearnableMove",
          "move": "dig",
          "level": 31
        },
        {
          "klass": "LevelLearnableMove",
          "move": "slash",
          "level": 35
        },
        {
          "klass": "LevelLearnableMove",
          "move": "earthquake",
          "level": 39
        },
        {
          "klass": "LevelLearnableMove",
          "move": "fissure",
          "level": 43
        },
        {
          "klass": "TutorLearnableMove",
          "move": "stealth_rock"
        },
        {
          "klass": "TutorLearnableMove",
          "move": "snore"
        },
        {
          "klass": "TutorLearnableMove",
          "move": "earth_power"
        },
        {
          "klass": "TutorLearnableMove",
          "move": "stomping_tantrum"
        },
        {
          "klass": "TechLearnableMove",
          "move": "toxic"
        },
        {
          "klass": "TechLearnableMove",
          "move": "hidden_power"
        },
        {
          "klass": "TechLearnableMove",
          "move": "sunny_day"
        },
        {
          "klass": "TechLearnableMove",
          "move": "protect"
        },
        {
          "klass": "TechLearnableMove",
          "move": "frustration"
        },
        {
          "klass": "TechLearnableMove",
          "move": "earthquake"
        },
        {
          "klass": "TechLearnableMove",
          "move": "return"
        },
        {
          "klass": "TechLearnableMove",
          "move": "double_team"
        },
        {
          "klass": "TechLearnableMove",
          "move": "sludge_bomb"
        },
        {
          "klass": "TechLearnableMove",
          "move": "sandstorm"
        },
        {
          "klass": "TechLearnableMove",
          "move": "rock_tomb"
        },
        {
          "klass": "TechLearnableMove",
          "move": "aerial_ace"
        },
        {
          "klass": "TechLearnableMove",
          "move": "facade"
        },
        {
          "klass": "TechLearnableMove",
          "move": "rest"
        },
        {
          "klass": "TechLearnableMove",
          "move": "attract"
        },
        {
          "klass": "TechLearnableMove",
          "move": "thief"
        },
        {
          "klass": "TechLearnableMove",
          "move": "round"
        },
        {
          "klass": "TechLearnableMove",
          "move": "echoed_voice"
        },
        {
          "klass": "TechLearnableMove",
          "move": "shadow_claw"
        },
        {
          "klass": "TechLearnableMove",
          "move": "bulldoze"
        },
        {
          "klass": "TechLearnableMove",
          "move": "rock_slide"
        },
        {
          "klass": "TechLearnableMove",
          "move": "swagger"
        },
        {
          "klass": "TechLearnableMove",
          "move": "sleep_talk"
        },
        {
          "klass": "TechLearnableMove",
          "move": "substitute"
        },
        {
          "klass": "TechLearnableMove",
          "move": "confide"
        },
        {
          "klass": "TechLearnableMove",
          "move": "secret_power"
        },
        {
          "klass": "TechLearnableMove",
          "move": "cut"
        },
        {
          "klass": "TechLearnableMove",
          "move": "rock_smash"
        },
        {
          "klass": "BreedLearnableMove",
          "move": "beat_up"
        },
        {
          "klass": "BreedLearnableMove",
          "move": "mud_bomb"
        },
        {
          "klass": "BreedLearnableMove",
          "move": "uproar"
        },
        {
          "klass": "BreedLearnableMove",
          "move": "reversal"
        },
        {
          "klass": "BreedLearnableMove",
          "move": "headbutt"
        },
        {
          "klass": "BreedLearnableMove",
          "move": "astonish"
        },
        {
          "klass": "BreedLearnableMove",
          "move": "feint_attack"
        },
        {
          "klass": "BreedLearnableMove",
          "move": "screech"
        },
        {
          "klass": "BreedLearnableMove",
          "move": "pursuit"
        },
        {
          "klass": "BreedLearnableMove",
          "move": "ancient_power"
        },
        {
          "klass": "BreedLearnableMove",
          "move": "memento"
        },
        {
          "klass": "BreedLearnableMove",
          "move": "endure"
        },
        {
          "klass": "BreedLearnableMove",
          "move": "final_gambit"
        }
      ],
      "resources": {
        "icon": "050",
        "iconShiny": "",
        "front": "050",
        "frontShiny": "050",
        "back": "050",
        "backShiny": "050",
        "footprint": "050",
        "character": "050_0",
        "characterShiny": "050s_0",
        "cry": "050cry.ogg",
        "hasFemale": false
      }
    },
    {
      "form": 1,
      "height": 0.2,
      "weight": 1,
      "type1": "ground",
      "type2": "steel",
      "baseHp": 10,
      "baseAtk": 55,
      "baseDfe": 30,
      "baseSpd": 90,
      "baseAts": 35,
      "baseDfs": 45,
      "evHp": 0,
      "evAtk": 0,
      "evDfe": 0,
      "evSpd": 1,
      "evAts": 0,
      "evDfs": 0,
      "evolutions": [
        {
          "dbSymbol": "dugtrio",
          "form": 1,
          "conditions": [
            {
              "type": "minLevel",
              "value": 26
            }
          ]
        }
      ],
      "experienceType": 1,
      "baseExperience": 53,
      "baseLoyalty": 70,
      "catchRate": 255,
      "femaleRate": 50,
      "breedGroups": [
        5,
        5
      ],
      "hatchSteps": 5120,
      "babyDbSymbol": "diglett",
      "babyForm": 1,
      "itemHeld": [
        {
          "dbSymbol": "none",
          "chance": 0
        },
        {
          "dbSymbol": "none",
          "chance": 0
        }
      ],
      "abilities": [
        "sand_veil",
        "tangling_hair",
        "sand_force"
      ],
      "frontOffsetY": 0,
      "moveSet": [
        {
          "klass": "LevelLearnableMove",
          "move": "metal_claw",
          "level": 1
        },
        {
          "klass": "LevelLearnableMove",
          "move": "sand_attack",
          "level": 1
        },
        {
          "klass": "LevelLearnableMove",
          "move": "growl",
          "level": 4
        },
        {
          "klass": "LevelLearnableMove",
          "move": "astonish",
          "level": 7
        },
        {
          "klass": "LevelLearnableMove",
          "move": "mud_slap",
          "level": 10
        },
        {
          "klass": "LevelLearnableMove",
          "move": "magnitude",
          "level": 14
        },
        {
          "klass": "LevelLearnableMove",
          "move": "bulldoze",
          "level": 18
        },
        {
          "klass": "LevelLearnableMove",
          "move": "sucker_punch",
          "level": 22
        },
        {
          "klass": "LevelLearnableMove",
          "move": "mud_bomb",
          "level": 25
        },
        {
          "klass": "LevelLearnableMove",
          "move": "earth_power",
          "level": 28
        },
        {
          "klass": "LevelLearnableMove",
          "move": "dig",
          "level": 31
        },
        {
          "klass": "LevelLearnableMove",
          "move": "iron_head",
          "level": 35
        },
        {
          "klass": "LevelLearnableMove",
          "move": "earthquake",
          "level": 39
        },
        {
          "klass": "LevelLearnableMove",
          "move": "fissure",
          "level": 43
        },
        {
          "klass": "TutorLearnableMove",
          "move": "iron_defense"
        },
        {
          "klass": "TutorLearnableMove",
          "move": "stealth_rock"
        },
        {
          "klass": "TutorLearnableMove",
          "move": "snore"
        },
        {
          "klass": "TutorLearnableMove",
          "move": "earth_power"
        },
        {
          "klass": "TutorLearnableMove",
          "move": "iron_head"
        },
        {
          "klass": "TutorLearnableMove",
          "move": "stomping_tantrum"
        },
        {
          "klass": "TechLearnableMove",
          "move": "work_up"
        },
        {
          "klass": "TechLearnableMove",
          "move": "toxic"
        },
        {
          "klass": "TechLearnableMove",
          "move": "hidden_power"
        },
        {
          "klass": "TechLearnableMove",
          "move": "sunny_day"
        },
        {
          "klass": "TechLearnableMove",
          "move": "protect"
        },
        {
          "klass": "TechLearnableMove",
          "move": "frustration"
        },
        {
          "klass": "TechLearnableMove",
          "move": "earthquake"
        },
        {
          "klass": "TechLearnableMove",
          "move": "return"
        },
        {
          "klass": "TechLearnableMove",
          "move": "double_team"
        },
        {
          "klass": "TechLearnableMove",
          "move": "sludge_bomb"
        },
        {
          "klass": "TechLearnableMove",
          "move": "sandstorm"
        },
        {
          "klass": "TechLearnableMove",
          "move": "rock_tomb"
        },
        {
          "klass": "TechLearnableMove",
          "move": "aerial_ace"
        },
        {
          "klass": "TechLearnableMove",
          "move": "facade"
        },
        {
          "klass": "TechLearnableMove",
          "move": "rest"
        },
        {
          "klass": "TechLearnableMove",
          "move": "attract"
        },
        {
          "klass": "TechLearnableMove",
          "move": "thief"
        },
        {
          "klass": "TechLearnableMove",
          "move": "round"
        },
        {
          "klass": "TechLearnableMove",
          "move": "echoed_voice"
        },
        {
          "klass": "TechLearnableMove",
          "move": "shadow_claw"
        },
        {
          "klass": "TechLearnableMove",
          "move": "bulldoze"
        },
        {
          "klass": "TechLearnableMove",
          "move": "rock_slide"
        },
        {
          "klass": "TechLearnableMove",
          "move": "swagger"
        },
        {
          "klass": "TechLearnableMove",
          "move": "sleep_talk"
        },
        {
          "klass": "TechLearnableMove",
          "move": "substitute"
        },
        {
          "klass": "TechLearnableMove",
          "move": "flash_cannon"
        },
        {
          "klass": "TechLearnableMove",
          "move": "confide"
        },
        {
          "klass": "TechLearnableMove",
          "move": "secret_power"
        },
        {
          "klass": "TechLearnableMove",
          "move": "cut"
        },
        {
          "klass": "TechLearnableMove",
          "move": "rock_smash"
        },
        {
          "klass": "BreedLearnableMove",
          "move": "beat_up"
        },
        {
          "klass": "BreedLearnableMove",
          "move": "reversal"
        },
        {
          "klass": "BreedLearnableMove",
          "move": "headbutt"
        },
        {
          "klass": "BreedLearnableMove",
          "move": "feint_attack"
        },
        {
          "klass": "BreedLearnableMove",
          "move": "pursuit"
        },
        {
          "klass": "BreedLearnableMove",
          "move": "ancient_power"
        },
        {
          "klass": "BreedLearnableMove",
          "move": "memento"
        },
        {
          "klass": "BreedLearnableMove",
          "move": "endure"
        },
        {
          "klass": "BreedLearnableMove",
          "move": "final_gambit"
        },
        {
          "klass": "BreedLearnableMove",
          "move": "metal_sound"
        },
        {
          "klass": "BreedLearnableMove",
          "move": "thrash"
        }
      ],
      "resources": {
        "icon": "050_01",
        "iconShiny": "",
        "front": "050_01",
        "frontShiny": "050_01",
        "back": "050_01",
        "backShiny": "050_01",
        "footprint": "050",
        "character": "",
        "characterShiny": "",
        "cry": "050cry.ogg",
        "hasFemale": false
      }
    }
  ]
}