{
  "klass": "Specie",
  "id": 232,
  "dbSymbol": "donphan",
  "forms": [
    {
      "form": 0,
      "height": 1.1,
      "weight": 120,
      "type1": "ground",
      "type2": "__undef__",
      "baseHp": 90,
      "baseAtk": 120,
      "baseDfe": 120,
      "baseSpd": 50,
      "baseAts": 60,
      "baseDfs": 60,
      "evHp": 0,
      "evAtk": 1,
      "evDfe": 1,
      "evSpd": 0,
      "evAts": 0,
      "evDfs": 0,
      "evolutions": [],
      "experienceType": 1,
      "baseExperience": 175,
      "baseLoyalty": 70,
      "catchRate": 60,
      "femaleRate": 50,
      "breedGroups": [
        5,
        5
      ],
      "hatchSteps": 5120,
      "babyDbSymbol": "phanpy",
      "babyForm": 0,
      "itemHeld": [
        {
          "dbSymbol": "none",
          "chance": 0
        },
        {
          "dbSymbol": "none",
          "chance": 0
        }
      ],
      "abilities": [
        "sturdy",
        "sturdy",
        "sand_veil"
      ],
      "frontOffsetY": 0,
      "moveSet": [
        {
          "klass": "LevelLearnableMove",
          "move": "defense_curl",
          "level": 1
        },
        {
          "klass": "LevelLearnableMove",
          "move": "horn_attack",
          "level": 1
        },
        {
          "klass": "LevelLearnableMove",
          "move": "growl",
          "level": 1
        },
        {
          "klass": "LevelLearnableMove",
          "move": "bulldoze",
          "level": 1
        },
        {
          "klass": "LevelLearnableMove",
          "move": "fury_attack",
          "level": 1
        },
        {
          "klass": "LevelLearnableMove",
          "move": "thunder_fang",
          "level": 1
        },
        {
          "klass": "LevelLearnableMove",
          "move": "fire_fang",
          "level": 1
        },
        {
          "klass": "LevelLearnableMove",
          "move": "rapid_spin",
          "level": 6
        },
        {
          "klass": "LevelLearnableMove",
          "move": "rollout",
          "level": 10
        },
        {
          "klass": "LevelLearnableMove",
          "move": "assurance",
          "level": 15
        },
        {
          "klass": "LevelLearnableMove",
          "move": "knock_off",
          "level": 19
        },
        {
          "klass": "LevelLearnableMove",
          "move": "slam",
          "level": 24
        },
        {
          "klass": "LevelLearnableMove",
          "move": "magnitude",
          "level": 30
        },
        {
          "klass": "LevelLearnableMove",
          "move": "scary_face",
          "level": 37
        },
        {
          "klass": "LevelLearnableMove",
          "move": "earthquake",
          "level": 43
        },
        {
          "klass": "LevelLearnableMove",
          "move": "giga_impact",
          "level": 50
        },
        {
          "klass": "TutorLearnableMove",
          "move": "block"
        },
        {
          "klass": "TutorLearnableMove",
          "move": "seed_bomb"
        },
        {
          "klass": "TutorLearnableMove",
          "move": "last_resort"
        },
        {
          "klass": "TutorLearnableMove",
          "move": "gunk_shot"
        },
        {
          "klass": "TutorLearnableMove",
          "move": "endeavor"
        },
        {
          "klass": "TutorLearnableMove",
          "move": "hyper_voice"
        },
        {
          "klass": "TutorLearnableMove",
          "move": "stealth_rock"
        },
        {
          "klass": "TutorLearnableMove",
          "move": "iron_tail"
        },
        {
          "klass": "TutorLearnableMove",
          "move": "bounce"
        },
        {
          "klass": "TutorLearnableMove",
          "move": "snore"
        },
        {
          "klass": "TutorLearnableMove",
          "move": "knock_off"
        },
        {
          "klass": "TutorLearnableMove",
          "move": "superpower"
        },
        {
          "klass": "TutorLearnableMove",
          "move": "earth_power"
        },
        {
          "klass": "TutorLearnableMove",
          "move": "iron_defense"
        },
        {
          "klass": "TutorLearnableMove",
          "move": "stomping_tantrum"
        },
        {
          "klass": "TechLearnableMove",
          "move": "roar"
        },
        {
          "klass": "TechLearnableMove",
          "move": "toxic"
        },
        {
          "klass": "TechLearnableMove",
          "move": "hidden_power"
        },
        {
          "klass": "TechLearnableMove",
          "move": "sunny_day"
        },
        {
          "klass": "TechLearnableMove",
          "move": "hyper_beam"
        },
        {
          "klass": "TechLearnableMove",
          "move": "protect"
        },
        {
          "klass": "TechLearnableMove",
          "move": "frustration"
        },
        {
          "klass": "TechLearnableMove",
          "move": "earthquake"
        },
        {
          "klass": "TechLearnableMove",
          "move": "return"
        },
        {
          "klass": "TechLearnableMove",
          "move": "double_team"
        },
        {
          "klass": "TechLearnableMove",
          "move": "sandstorm"
        },
        {
          "klass": "TechLearnableMove",
          "move": "rock_tomb"
        },
        {
          "klass": "TechLearnableMove",
          "move": "facade"
        },
        {
          "klass": "TechLearnableMove",
          "move": "rest"
        },
        {
          "klass": "TechLearnableMove",
          "move": "attract"
        },
        {
          "klass": "TechLearnableMove",
          "move": "round"
        },
        {
          "klass": "TechLearnableMove",
          "move": "echoed_voice"
        },
        {
          "klass": "TechLearnableMove",
          "move": "brutal_swing"
        },
        {
          "klass": "TechLearnableMove",
          "move": "giga_impact"
        },
        {
          "klass": "TechLearnableMove",
          "move": "rock_polish"
        },
        {
          "klass": "TechLearnableMove",
          "move": "stone_edge"
        },
        {
          "klass": "TechLearnableMove",
          "move": "gyro_ball"
        },
        {
          "klass": "TechLearnableMove",
          "move": "bulldoze"
        },
        {
          "klass": "TechLearnableMove",
          "move": "rock_slide"
        },
        {
          "klass": "TechLearnableMove",
          "move": "poison_jab"
        },
        {
          "klass": "TechLearnableMove",
          "move": "swagger"
        },
        {
          "klass": "TechLearnableMove",
          "move": "sleep_talk"
        },
        {
          "klass": "TechLearnableMove",
          "move": "substitute"
        },
        {
          "klass": "TechLearnableMove",
          "move": "confide"
        },
        {
          "klass": "TechLearnableMove",
          "move": "secret_power"
        },
        {
          "klass": "TechLearnableMove",
          "move": "strength"
        },
        {
          "klass": "TechLearnableMove",
          "move": "rock_smash"
        },
        {
          "klass": "EvolutionLearnableMove",
          "move": "fury_attack"
        }
      ],
      "resources": {
        "icon": "232",
        "iconShiny": "",
        "front": "232",
        "frontF": "232f",
        "frontShiny": "232",
        "frontShinyF": "232f",
        "back": "232",
        "backF": "232f",
        "backShiny": "232",
        "backShinyF": "232f",
        "footprint": "232",
        "character": "232_0",
        "characterShiny": "232s_0",
        "cry": "232cry.ogg",
        "hasFemale": true
      }
    }
  ]
}