{
  "klass": "Specie",
  "id": 680,
  "dbSymbol": "doublade",
  "forms": [
    {
      "form": 0,
      "height": 0.8,
      "weight": 4.5,
      "type1": "steel",
      "type2": "ghost",
      "baseHp": 59,
      "baseAtk": 110,
      "baseDfe": 150,
      "baseSpd": 35,
      "baseAts": 45,
      "baseDfs": 49,
      "evHp": 0,
      "evAtk": 0,
      "evDfe": 2,
      "evSpd": 0,
      "evAts": 0,
      "evDfs": 0,
      "evolutions": [
        {
          "dbSymbol": "aegislash",
          "form": 0,
          "conditions": [
            {
              "type": "stone",
              "value": "dusk_stone"
            }
          ]
        }
      ],
      "experienceType": 1,
      "baseExperience": 157,
      "baseLoyalty": 70,
      "catchRate": 90,
      "femaleRate": 50,
      "breedGroups": [
        10,
        10
      ],
      "hatchSteps": 5120,
      "babyDbSymbol": "honedge",
      "babyForm": 0,
      "itemHeld": [
        {
          "dbSymbol": "none",
          "chance": 0
        },
        {
          "dbSymbol": "none",
          "chance": 0
        }
      ],
      "abilities": [
        "no_guard",
        "no_guard",
        "no_guard"
      ],
      "frontOffsetY": 0,
      "moveSet": [
        {
          "klass": "LevelLearnableMove",
          "move": "tackle",
          "level": 1
        },
        {
          "klass": "LevelLearnableMove",
          "move": "swords_dance",
          "level": 1
        },
        {
          "klass": "LevelLearnableMove",
          "move": "fury_cutter",
          "level": 1
        },
        {
          "klass": "LevelLearnableMove",
          "move": "fury_cutter",
          "level": 5
        },
        {
          "klass": "LevelLearnableMove",
          "move": "metal_sound",
          "level": 8
        },
        {
          "klass": "LevelLearnableMove",
          "move": "pursuit",
          "level": 13
        },
        {
          "klass": "LevelLearnableMove",
          "move": "autotomize",
          "level": 18
        },
        {
          "klass": "LevelLearnableMove",
          "move": "shadow_sneak",
          "level": 20
        },
        {
          "klass": "LevelLearnableMove",
          "move": "aerial_ace",
          "level": 22
        },
        {
          "klass": "LevelLearnableMove",
          "move": "retaliate",
          "level": 26
        },
        {
          "klass": "LevelLearnableMove",
          "move": "slash",
          "level": 29
        },
        {
          "klass": "LevelLearnableMove",
          "move": "iron_defense",
          "level": 32
        },
        {
          "klass": "LevelLearnableMove",
          "move": "night_slash",
          "level": 36
        },
        {
          "klass": "LevelLearnableMove",
          "move": "power_trick",
          "level": 41
        },
        {
          "klass": "LevelLearnableMove",
          "move": "iron_head",
          "level": 45
        },
        {
          "klass": "LevelLearnableMove",
          "move": "sacred_sword",
          "level": 51
        },
        {
          "klass": "TutorLearnableMove",
          "move": "laser_focus"
        },
        {
          "klass": "TutorLearnableMove",
          "move": "after_you"
        },
        {
          "klass": "TutorLearnableMove",
          "move": "iron_defense"
        },
        {
          "klass": "TutorLearnableMove",
          "move": "shock_wave"
        },
        {
          "klass": "TutorLearnableMove",
          "move": "snore"
        },
        {
          "klass": "TutorLearnableMove",
          "move": "iron_head"
        },
        {
          "klass": "TutorLearnableMove",
          "move": "spite"
        },
        {
          "klass": "TutorLearnableMove",
          "move": "magnet_rise"
        },
        {
          "klass": "TechLearnableMove",
          "move": "toxic"
        },
        {
          "klass": "TechLearnableMove",
          "move": "hidden_power"
        },
        {
          "klass": "TechLearnableMove",
          "move": "protect"
        },
        {
          "klass": "TechLearnableMove",
          "move": "rain_dance"
        },
        {
          "klass": "TechLearnableMove",
          "move": "frustration"
        },
        {
          "klass": "TechLearnableMove",
          "move": "return"
        },
        {
          "klass": "TechLearnableMove",
          "move": "brick_break"
        },
        {
          "klass": "TechLearnableMove",
          "move": "double_team"
        },
        {
          "klass": "TechLearnableMove",
          "move": "reflect"
        },
        {
          "klass": "TechLearnableMove",
          "move": "aerial_ace"
        },
        {
          "klass": "TechLearnableMove",
          "move": "facade"
        },
        {
          "klass": "TechLearnableMove",
          "move": "rest"
        },
        {
          "klass": "TechLearnableMove",
          "move": "attract"
        },
        {
          "klass": "TechLearnableMove",
          "move": "false_swipe"
        },
        {
          "klass": "TechLearnableMove",
          "move": "brutal_swing"
        },
        {
          "klass": "TechLearnableMove",
          "move": "shadow_claw"
        },
        {
          "klass": "TechLearnableMove",
          "move": "gyro_ball"
        },
        {
          "klass": "TechLearnableMove",
          "move": "swords_dance"
        },
        {
          "klass": "TechLearnableMove",
          "move": "rock_slide"
        },
        {
          "klass": "TechLearnableMove",
          "move": "swagger"
        },
        {
          "klass": "TechLearnableMove",
          "move": "sleep_talk"
        },
        {
          "klass": "TechLearnableMove",
          "move": "substitute"
        },
        {
          "klass": "TechLearnableMove",
          "move": "flash_cannon"
        },
        {
          "klass": "TechLearnableMove",
          "move": "confide"
        },
        {
          "klass": "TechLearnableMove",
          "move": "secret_power"
        },
        {
          "klass": "TechLearnableMove",
          "move": "cut"
        },
        {
          "klass": "TechLearnableMove",
          "move": "rock_smash"
        }
      ],
      "resources": {
        "icon": "680",
        "iconShiny": "",
        "front": "680",
        "frontShiny": "680",
        "back": "680",
        "backShiny": "680",
        "footprint": "",
        "character": "680_0",
        "characterShiny": "680s_0",
        "cry": "680cry.ogg",
        "hasFemale": false
      }
    }
  ]
}