{
  "klass": "Specie",
  "id": 691,
  "dbSymbol": "dragalge",
  "forms": [
    {
      "form": 0,
      "height": 1.8,
      "weight": 81.5,
      "type1": "poison",
      "type2": "dragon",
      "baseHp": 65,
      "baseAtk": 75,
      "baseDfe": 90,
      "baseSpd": 44,
      "baseAts": 97,
      "baseDfs": 123,
      "evHp": 0,
      "evAtk": 0,
      "evDfe": 0,
      "evSpd": 0,
      "evAts": 0,
      "evDfs": 2,
      "evolutions": [],
      "experienceType": 1,
      "baseExperience": 173,
      "baseLoyalty": 70,
      "catchRate": 55,
      "femaleRate": 50,
      "breedGroups": [
        2,
        14
      ],
      "hatchSteps": 5120,
      "babyDbSymbol": "skrelp",
      "babyForm": 0,
      "itemHeld": [
        {
          "dbSymbol": "none",
          "chance": 0
        },
        {
          "dbSymbol": "none",
          "chance": 0
        }
      ],
      "abilities": [
        "poison_point",
        "poison_touch",
        "adaptability"
      ],
      "frontOffsetY": 0,
      "moveSet": [
        {
          "klass": "LevelLearnableMove",
          "move": "smokescreen",
          "level": 1
        },
        {
          "klass": "LevelLearnableMove",
          "move": "tackle",
          "level": 1
        },
        {
          "klass": "LevelLearnableMove",
          "move": "water_gun",
          "level": 1
        },
        {
          "klass": "LevelLearnableMove",
          "move": "dragon_tail",
          "level": 1
        },
        {
          "klass": "LevelLearnableMove",
          "move": "twister",
          "level": 1
        },
        {
          "klass": "LevelLearnableMove",
          "move": "feint_attack",
          "level": 1
        },
        {
          "klass": "LevelLearnableMove",
          "move": "feint_attack",
          "level": 5
        },
        {
          "klass": "LevelLearnableMove",
          "move": "tail_whip",
          "level": 9
        },
        {
          "klass": "LevelLearnableMove",
          "move": "bubble",
          "level": 12
        },
        {
          "klass": "LevelLearnableMove",
          "move": "acid",
          "level": 15
        },
        {
          "klass": "LevelLearnableMove",
          "move": "camouflage",
          "level": 19
        },
        {
          "klass": "LevelLearnableMove",
          "move": "poison_tail",
          "level": 23
        },
        {
          "klass": "LevelLearnableMove",
          "move": "water_pulse",
          "level": 25
        },
        {
          "klass": "LevelLearnableMove",
          "move": "double_team",
          "level": 28
        },
        {
          "klass": "LevelLearnableMove",
          "move": "toxic",
          "level": 32
        },
        {
          "klass": "LevelLearnableMove",
          "move": "aqua_tail",
          "level": 35
        },
        {
          "klass": "LevelLearnableMove",
          "move": "sludge_bomb",
          "level": 38
        },
        {
          "klass": "LevelLearnableMove",
          "move": "hydro_pump",
          "level": 42
        },
        {
          "klass": "LevelLearnableMove",
          "move": "dragon_pulse",
          "level": 53
        },
        {
          "klass": "LevelLearnableMove",
          "move": "dragon_tail",
          "level": 59
        },
        {
          "klass": "TutorLearnableMove",
          "move": "outrage"
        },
        {
          "klass": "TutorLearnableMove",
          "move": "gunk_shot"
        },
        {
          "klass": "TutorLearnableMove",
          "move": "dragon_pulse"
        },
        {
          "klass": "TutorLearnableMove",
          "move": "aqua_tail"
        },
        {
          "klass": "TutorLearnableMove",
          "move": "shock_wave"
        },
        {
          "klass": "TutorLearnableMove",
          "move": "iron_tail"
        },
        {
          "klass": "TutorLearnableMove",
          "move": "bounce"
        },
        {
          "klass": "TutorLearnableMove",
          "move": "snore"
        },
        {
          "klass": "TutorLearnableMove",
          "move": "draco_meteor"
        },
        {
          "klass": "TutorLearnableMove",
          "move": "icy_wind"
        },
        {
          "klass": "TutorLearnableMove",
          "move": "water_pulse"
        },
        {
          "klass": "TechLearnableMove",
          "move": "toxic"
        },
        {
          "klass": "TechLearnableMove",
          "move": "hail"
        },
        {
          "klass": "TechLearnableMove",
          "move": "venoshock"
        },
        {
          "klass": "TechLearnableMove",
          "move": "hidden_power"
        },
        {
          "klass": "TechLearnableMove",
          "move": "hyper_beam"
        },
        {
          "klass": "TechLearnableMove",
          "move": "protect"
        },
        {
          "klass": "TechLearnableMove",
          "move": "rain_dance"
        },
        {
          "klass": "TechLearnableMove",
          "move": "frustration"
        },
        {
          "klass": "TechLearnableMove",
          "move": "thunderbolt"
        },
        {
          "klass": "TechLearnableMove",
          "move": "thunder"
        },
        {
          "klass": "TechLearnableMove",
          "move": "return"
        },
        {
          "klass": "TechLearnableMove",
          "move": "shadow_ball"
        },
        {
          "klass": "TechLearnableMove",
          "move": "double_team"
        },
        {
          "klass": "TechLearnableMove",
          "move": "sludge_wave"
        },
        {
          "klass": "TechLearnableMove",
          "move": "sludge_bomb"
        },
        {
          "klass": "TechLearnableMove",
          "move": "facade"
        },
        {
          "klass": "TechLearnableMove",
          "move": "rest"
        },
        {
          "klass": "TechLearnableMove",
          "move": "attract"
        },
        {
          "klass": "TechLearnableMove",
          "move": "round"
        },
        {
          "klass": "TechLearnableMove",
          "move": "focus_blast"
        },
        {
          "klass": "TechLearnableMove",
          "move": "scald"
        },
        {
          "klass": "TechLearnableMove",
          "move": "giga_impact"
        },
        {
          "klass": "TechLearnableMove",
          "move": "dragon_tail"
        },
        {
          "klass": "TechLearnableMove",
          "move": "swagger"
        },
        {
          "klass": "TechLearnableMove",
          "move": "sleep_talk"
        },
        {
          "klass": "TechLearnableMove",
          "move": "substitute"
        },
        {
          "klass": "TechLearnableMove",
          "move": "surf"
        },
        {
          "klass": "TechLearnableMove",
          "move": "waterfall"
        },
        {
          "klass": "TechLearnableMove",
          "move": "confide"
        },
        {
          "klass": "TechLearnableMove",
          "move": "secret_power"
        },
        {
          "klass": "TechLearnableMove",
          "move": "whirlpool"
        },
        {
          "klass": "EvolutionLearnableMove",
          "move": "twister"
        }
      ],
      "resources": {
        "icon": "691",
        "iconShiny": "",
        "front": "691",
        "frontShiny": "691",
        "back": "691",
        "backShiny": "691",
        "footprint": "",
        "character": "691_0",
        "characterShiny": "691s_0",
        "cry": "691cry.ogg",
        "hasFemale": false
      }
    }
  ]
}
