{
  "klass": "Specie",
  "id": 148,
  "dbSymbol": "dragonair",
  "forms": [
    {
      "form": 0,
      "height": 4,
      "weight": 16.5,
      "type1": "dragon",
      "type2": "__undef__",
      "baseHp": 61,
      "baseAtk": 84,
      "baseDfe": 65,
      "baseSpd": 70,
      "baseAts": 70,
      "baseDfs": 70,
      "evHp": 0,
      "evAtk": 2,
      "evDfe": 0,
      "evSpd": 0,
      "evAts": 0,
      "evDfs": 0,
      "evolutions": [
        {
          "dbSymbol": "dragonite",
          "form": 0,
          "conditions": [
            {
              "type": "minLevel",
              "value": 55
            }
          ]
        }
      ],
      "experienceType": 2,
      "baseExperience": 147,
      "baseLoyalty": 35,
      "catchRate": 45,
      "femaleRate": 50,
      "breedGroups": [
        14,
        2
      ],
      "hatchSteps": 10240,
      "babyDbSymbol": "dratini",
      "babyForm": 0,
      "itemHeld": [
        {
          "dbSymbol": "none",
          "chance": 0
        },
        {
          "dbSymbol": "none",
          "chance": 0
        }
      ],
      "abilities": [
        "shed_skin",
        "shed_skin",
        "marvel_scale"
      ],
      "frontOffsetY": 0,
      "moveSet": [
        {
          "klass": "LevelLearnableMove",
          "move": "wrap",
          "level": 1
        },
        {
          "klass": "LevelLearnableMove",
          "move": "leer",
          "level": 1
        },
        {
          "klass": "LevelLearnableMove",
          "move": "thunder_wave",
          "level": 1
        },
        {
          "klass": "LevelLearnableMove",
          "move": "twister",
          "level": 1
        },
        {
          "klass": "LevelLearnableMove",
          "move": "thunder_wave",
          "level": 5
        },
        {
          "klass": "LevelLearnableMove",
          "move": "twister",
          "level": 11
        },
        {
          "klass": "LevelLearnableMove",
          "move": "dragon_rage",
          "level": 15
        },
        {
          "klass": "LevelLearnableMove",
          "move": "slam",
          "level": 21
        },
        {
          "klass": "LevelLearnableMove",
          "move": "agility",
          "level": 25
        },
        {
          "klass": "LevelLearnableMove",
          "move": "dragon_tail",
          "level": 33
        },
        {
          "klass": "LevelLearnableMove",
          "move": "aqua_tail",
          "level": 39
        },
        {
          "klass": "LevelLearnableMove",
          "move": "dragon_rush",
          "level": 47
        },
        {
          "klass": "LevelLearnableMove",
          "move": "safeguard",
          "level": 53
        },
        {
          "klass": "LevelLearnableMove",
          "move": "dragon_dance",
          "level": 61
        },
        {
          "klass": "LevelLearnableMove",
          "move": "outrage",
          "level": 67
        },
        {
          "klass": "LevelLearnableMove",
          "move": "hyper_beam",
          "level": 75
        },
        {
          "klass": "TutorLearnableMove",
          "move": "outrage"
        },
        {
          "klass": "TutorLearnableMove",
          "move": "dragon_pulse"
        },
        {
          "klass": "TutorLearnableMove",
          "move": "draco_meteor"
        },
        {
          "klass": "TutorLearnableMove",
          "move": "bind"
        },
        {
          "klass": "TutorLearnableMove",
          "move": "aqua_tail"
        },
        {
          "klass": "TutorLearnableMove",
          "move": "shock_wave"
        },
        {
          "klass": "TutorLearnableMove",
          "move": "iron_tail"
        },
        {
          "klass": "TutorLearnableMove",
          "move": "snore"
        },
        {
          "klass": "TutorLearnableMove",
          "move": "water_pulse"
        },
        {
          "klass": "TutorLearnableMove",
          "move": "icy_wind"
        },
        {
          "klass": "TechLearnableMove",
          "move": "toxic"
        },
        {
          "klass": "TechLearnableMove",
          "move": "hail"
        },
        {
          "klass": "TechLearnableMove",
          "move": "hidden_power"
        },
        {
          "klass": "TechLearnableMove",
          "move": "sunny_day"
        },
        {
          "klass": "TechLearnableMove",
          "move": "ice_beam"
        },
        {
          "klass": "TechLearnableMove",
          "move": "blizzard"
        },
        {
          "klass": "TechLearnableMove",
          "move": "hyper_beam"
        },
        {
          "klass": "TechLearnableMove",
          "move": "light_screen"
        },
        {
          "klass": "TechLearnableMove",
          "move": "protect"
        },
        {
          "klass": "TechLearnableMove",
          "move": "rain_dance"
        },
        {
          "klass": "TechLearnableMove",
          "move": "safeguard"
        },
        {
          "klass": "TechLearnableMove",
          "move": "frustration"
        },
        {
          "klass": "TechLearnableMove",
          "move": "thunderbolt"
        },
        {
          "klass": "TechLearnableMove",
          "move": "thunder"
        },
        {
          "klass": "TechLearnableMove",
          "move": "return"
        },
        {
          "klass": "TechLearnableMove",
          "move": "double_team"
        },
        {
          "klass": "TechLearnableMove",
          "move": "flamethrower"
        },
        {
          "klass": "TechLearnableMove",
          "move": "fire_blast"
        },
        {
          "klass": "TechLearnableMove",
          "move": "facade"
        },
        {
          "klass": "TechLearnableMove",
          "move": "rest"
        },
        {
          "klass": "TechLearnableMove",
          "move": "attract"
        },
        {
          "klass": "TechLearnableMove",
          "move": "round"
        },
        {
          "klass": "TechLearnableMove",
          "move": "brutal_swing"
        },
        {
          "klass": "TechLearnableMove",
          "move": "thunder_wave"
        },
        {
          "klass": "TechLearnableMove",
          "move": "dragon_tail"
        },
        {
          "klass": "TechLearnableMove",
          "move": "swagger"
        },
        {
          "klass": "TechLearnableMove",
          "move": "sleep_talk"
        },
        {
          "klass": "TechLearnableMove",
          "move": "substitute"
        },
        {
          "klass": "TechLearnableMove",
          "move": "surf"
        },
        {
          "klass": "TechLearnableMove",
          "move": "waterfall"
        },
        {
          "klass": "TechLearnableMove",
          "move": "confide"
        },
        {
          "klass": "TechLearnableMove",
          "move": "secret_power"
        }
      ],
      "resources": {
        "icon": "148",
        "iconShiny": "",
        "front": "148",
        "frontShiny": "148",
        "back": "148",
        "backShiny": "148",
        "footprint": "148",
        "character": "148_0",
        "characterShiny": "148s_0",
        "cry": "148cry.ogg",
        "hasFemale": false
      }
    }
  ]
}