{
  "klass": "Specie",
  "id": 780,
  "dbSymbol": "drampa",
  "forms": [
    {
      "form": 0,
      "height": 3,
      "weight": 185,
      "type1": "normal",
      "type2": "dragon",
      "baseHp": 78,
      "baseAtk": 60,
      "baseDfe": 85,
      "baseSpd": 36,
      "baseAts": 135,
      "baseDfs": 91,
      "evHp": 0,
      "evAtk": 0,
      "evDfe": 0,
      "evSpd": 0,
      "evAts": 2,
      "evDfs": 0,
      "evolutions": [],
      "experienceType": 1,
      "baseExperience": 170,
      "baseLoyalty": 70,
      "catchRate": 70,
      "femaleRate": 50,
      "breedGroups": [
        1,
        14
      ],
      "hatchSteps": 5120,
      "babyDbSymbol": "drampa",
      "babyForm": 0,
      "itemHeld": [
        {
          "dbSymbol": "persim_berry",
          "chance": 5
        },
        {
          "dbSymbol": "none",
          "chance": 0
        }
      ],
      "abilities": [
        "berserk",
        "sap_sipper",
        "cloud_nine"
      ],
      "frontOffsetY": 0,
      "moveSet": [
        {
          "klass": "LevelLearnableMove",
          "move": "play_nice",
          "level": 1
        },
        {
          "klass": "LevelLearnableMove",
          "move": "echoed_voice",
          "level": 1
        },
        {
          "klass": "LevelLearnableMove",
          "move": "twister",
          "level": 5
        },
        {
          "klass": "LevelLearnableMove",
          "move": "protect",
          "level": 9
        },
        {
          "klass": "LevelLearnableMove",
          "move": "glare",
          "level": 13
        },
        {
          "klass": "LevelLearnableMove",
          "move": "light_screen",
          "level": 17
        },
        {
          "klass": "LevelLearnableMove",
          "move": "dragon_rage",
          "level": 21
        },
        {
          "klass": "LevelLearnableMove",
          "move": "natural_gift",
          "level": 25
        },
        {
          "klass": "LevelLearnableMove",
          "move": "dragon_breath",
          "level": 29
        },
        {
          "klass": "LevelLearnableMove",
          "move": "safeguard",
          "level": 33
        },
        {
          "klass": "LevelLearnableMove",
          "move": "extrasensory",
          "level": 37
        },
        {
          "klass": "LevelLearnableMove",
          "move": "dragon_pulse",
          "level": 41
        },
        {
          "klass": "LevelLearnableMove",
          "move": "fly",
          "level": 45
        },
        {
          "klass": "LevelLearnableMove",
          "move": "hyper_voice",
          "level": 49
        },
        {
          "klass": "LevelLearnableMove",
          "move": "outrage",
          "level": 53
        },
        {
          "klass": "TutorLearnableMove",
          "move": "defog"
        },
        {
          "klass": "TutorLearnableMove",
          "move": "block"
        },
        {
          "klass": "TutorLearnableMove",
          "move": "uproar"
        },
        {
          "klass": "TutorLearnableMove",
          "move": "heat_wave"
        },
        {
          "klass": "TutorLearnableMove",
          "move": "outrage"
        },
        {
          "klass": "TutorLearnableMove",
          "move": "helping_hand"
        },
        {
          "klass": "TutorLearnableMove",
          "move": "dragon_pulse"
        },
        {
          "klass": "TutorLearnableMove",
          "move": "draco_meteor"
        },
        {
          "klass": "TutorLearnableMove",
          "move": "endeavor"
        },
        {
          "klass": "TutorLearnableMove",
          "move": "hyper_voice"
        },
        {
          "klass": "TutorLearnableMove",
          "move": "shock_wave"
        },
        {
          "klass": "TutorLearnableMove",
          "move": "signal_beam"
        },
        {
          "klass": "TutorLearnableMove",
          "move": "snore"
        },
        {
          "klass": "TutorLearnableMove",
          "move": "superpower"
        },
        {
          "klass": "TutorLearnableMove",
          "move": "water_pulse"
        },
        {
          "klass": "TutorLearnableMove",
          "move": "stomping_tantrum"
        },
        {
          "klass": "TutorLearnableMove",
          "move": "tailwind"
        },
        {
          "klass": "TutorLearnableMove",
          "move": "icy_wind"
        },
        {
          "klass": "TechLearnableMove",
          "move": "work_up"
        },
        {
          "klass": "TechLearnableMove",
          "move": "dragon_claw"
        },
        {
          "klass": "TechLearnableMove",
          "move": "calm_mind"
        },
        {
          "klass": "TechLearnableMove",
          "move": "roar"
        },
        {
          "klass": "TechLearnableMove",
          "move": "toxic"
        },
        {
          "klass": "TechLearnableMove",
          "move": "hidden_power"
        },
        {
          "klass": "TechLearnableMove",
          "move": "sunny_day"
        },
        {
          "klass": "TechLearnableMove",
          "move": "ice_beam"
        },
        {
          "klass": "TechLearnableMove",
          "move": "blizzard"
        },
        {
          "klass": "TechLearnableMove",
          "move": "hyper_beam"
        },
        {
          "klass": "TechLearnableMove",
          "move": "light_screen"
        },
        {
          "klass": "TechLearnableMove",
          "move": "protect"
        },
        {
          "klass": "TechLearnableMove",
          "move": "rain_dance"
        },
        {
          "klass": "TechLearnableMove",
          "move": "roost"
        },
        {
          "klass": "TechLearnableMove",
          "move": "safeguard"
        },
        {
          "klass": "TechLearnableMove",
          "move": "frustration"
        },
        {
          "klass": "TechLearnableMove",
          "move": "solar_beam"
        },
        {
          "klass": "TechLearnableMove",
          "move": "thunderbolt"
        },
        {
          "klass": "TechLearnableMove",
          "move": "thunder"
        },
        {
          "klass": "TechLearnableMove",
          "move": "earthquake"
        },
        {
          "klass": "TechLearnableMove",
          "move": "return"
        },
        {
          "klass": "TechLearnableMove",
          "move": "shadow_ball"
        },
        {
          "klass": "TechLearnableMove",
          "move": "double_team"
        },
        {
          "klass": "TechLearnableMove",
          "move": "flamethrower"
        },
        {
          "klass": "TechLearnableMove",
          "move": "fire_blast"
        },
        {
          "klass": "TechLearnableMove",
          "move": "facade"
        },
        {
          "klass": "TechLearnableMove",
          "move": "rest"
        },
        {
          "klass": "TechLearnableMove",
          "move": "attract"
        },
        {
          "klass": "TechLearnableMove",
          "move": "round"
        },
        {
          "klass": "TechLearnableMove",
          "move": "echoed_voice"
        },
        {
          "klass": "TechLearnableMove",
          "move": "steel_wing"
        },
        {
          "klass": "TechLearnableMove",
          "move": "focus_blast"
        },
        {
          "klass": "TechLearnableMove",
          "move": "energy_ball"
        },
        {
          "klass": "TechLearnableMove",
          "move": "fling"
        },
        {
          "klass": "TechLearnableMove",
          "move": "shadow_claw"
        },
        {
          "klass": "TechLearnableMove",
          "move": "giga_impact"
        },
        {
          "klass": "TechLearnableMove",
          "move": "thunder_wave"
        },
        {
          "klass": "TechLearnableMove",
          "move": "fly"
        },
        {
          "klass": "TechLearnableMove",
          "move": "psych_up"
        },
        {
          "klass": "TechLearnableMove",
          "move": "bulldoze"
        },
        {
          "klass": "TechLearnableMove",
          "move": "rock_slide"
        },
        {
          "klass": "TechLearnableMove",
          "move": "dragon_tail"
        },
        {
          "klass": "TechLearnableMove",
          "move": "grass_knot"
        },
        {
          "klass": "TechLearnableMove",
          "move": "sleep_talk"
        },
        {
          "klass": "TechLearnableMove",
          "move": "substitute"
        },
        {
          "klass": "TechLearnableMove",
          "move": "surf"
        },
        {
          "klass": "TechLearnableMove",
          "move": "snarl"
        },
        {
          "klass": "TechLearnableMove",
          "move": "nature_power"
        },
        {
          "klass": "TechLearnableMove",
          "move": "confide"
        },
        {
          "klass": "TechLearnableMove",
          "move": "secret_power"
        },
        {
          "klass": "TechLearnableMove",
          "move": "strength"
        },
        {
          "klass": "TechLearnableMove",
          "move": "rock_smash"
        },
        {
          "klass": "BreedLearnableMove",
          "move": "dragon_rush"
        },
        {
          "klass": "BreedLearnableMove",
          "move": "hurricane"
        },
        {
          "klass": "BreedLearnableMove",
          "move": "mist"
        },
        {
          "klass": "BreedLearnableMove",
          "move": "play_rough"
        },
        {
          "klass": "BreedLearnableMove",
          "move": "razor_wind"
        }
      ],
      "resources": {
        "icon": "780",
        "iconShiny": "",
        "front": "780",
        "frontShiny": "780",
        "back": "780",
        "backShiny": "780",
        "footprint": "",
        "character": "780_0",
        "characterShiny": "780s_0",
        "cry": "780cry.ogg",
        "hasFemale": false
      }
    }
  ]
}