{
  "klass": "Specie",
  "id": 452,
  "dbSymbol": "drapion",
  "forms": [
    {
      "form": 0,
      "height": 1.3,
      "weight": 61.5,
      "type1": "poison",
      "type2": "dark",
      "baseHp": 70,
      "baseAtk": 90,
      "baseDfe": 110,
      "baseSpd": 95,
      "baseAts": 60,
      "baseDfs": 75,
      "evHp": 0,
      "evAtk": 0,
      "evDfe": 2,
      "evSpd": 0,
      "evAts": 0,
      "evDfs": 0,
      "evolutions": [],
      "experienceType": 2,
      "baseExperience": 175,
      "baseLoyalty": 70,
      "catchRate": 45,
      "femaleRate": 50,
      "breedGroups": [
        3,
        9
      ],
      "hatchSteps": 5120,
      "babyDbSymbol": "skorupi",
      "babyForm": 0,
      "itemHeld": [
        {
          "dbSymbol": "none",
          "chance": 0
        },
        {
          "dbSymbol": "none",
          "chance": 0
        }
      ],
      "abilities": [
        "battle_armor",
        "sniper",
        "keen_eye"
      ],
      "frontOffsetY": 0,
      "moveSet": [
        {
          "klass": "LevelLearnableMove",
          "move": "poison_sting",
          "level": 1
        },
        {
          "klass": "LevelLearnableMove",
          "move": "leer",
          "level": 1
        },
        {
          "klass": "LevelLearnableMove",
          "move": "bite",
          "level": 1
        },
        {
          "klass": "LevelLearnableMove",
          "move": "fire_fang",
          "level": 1
        },
        {
          "klass": "LevelLearnableMove",
          "move": "ice_fang",
          "level": 1
        },
        {
          "klass": "LevelLearnableMove",
          "move": "thunder_fang",
          "level": 1
        },
        {
          "klass": "LevelLearnableMove",
          "move": "knock_off",
          "level": 1
        },
        {
          "klass": "LevelLearnableMove",
          "move": "knock_off",
          "level": 5
        },
        {
          "klass": "LevelLearnableMove",
          "move": "pin_missile",
          "level": 9
        },
        {
          "klass": "LevelLearnableMove",
          "move": "acupressure",
          "level": 13
        },
        {
          "klass": "LevelLearnableMove",
          "move": "pursuit",
          "level": 16
        },
        {
          "klass": "LevelLearnableMove",
          "move": "bug_bite",
          "level": 20
        },
        {
          "klass": "LevelLearnableMove",
          "move": "poison_fang",
          "level": 23
        },
        {
          "klass": "LevelLearnableMove",
          "move": "venoshock",
          "level": 27
        },
        {
          "klass": "LevelLearnableMove",
          "move": "hone_claws",
          "level": 30
        },
        {
          "klass": "LevelLearnableMove",
          "move": "toxic_spikes",
          "level": 34
        },
        {
          "klass": "LevelLearnableMove",
          "move": "night_slash",
          "level": 38
        },
        {
          "klass": "LevelLearnableMove",
          "move": "scary_face",
          "level": 43
        },
        {
          "klass": "LevelLearnableMove",
          "move": "crunch",
          "level": 49
        },
        {
          "klass": "LevelLearnableMove",
          "move": "fell_stinger",
          "level": 53
        },
        {
          "klass": "LevelLearnableMove",
          "move": "cross_poison",
          "level": 57
        },
        {
          "klass": "TutorLearnableMove",
          "move": "throat_chop"
        },
        {
          "klass": "TutorLearnableMove",
          "move": "aqua_tail"
        },
        {
          "klass": "TutorLearnableMove",
          "move": "bug_bite"
        },
        {
          "klass": "TutorLearnableMove",
          "move": "iron_tail"
        },
        {
          "klass": "TutorLearnableMove",
          "move": "snore"
        },
        {
          "klass": "TutorLearnableMove",
          "move": "knock_off"
        },
        {
          "klass": "TutorLearnableMove",
          "move": "stomping_tantrum"
        },
        {
          "klass": "TechLearnableMove",
          "move": "roar"
        },
        {
          "klass": "TechLearnableMove",
          "move": "toxic"
        },
        {
          "klass": "TechLearnableMove",
          "move": "venoshock"
        },
        {
          "klass": "TechLearnableMove",
          "move": "hidden_power"
        },
        {
          "klass": "TechLearnableMove",
          "move": "sunny_day"
        },
        {
          "klass": "TechLearnableMove",
          "move": "taunt"
        },
        {
          "klass": "TechLearnableMove",
          "move": "hyper_beam"
        },
        {
          "klass": "TechLearnableMove",
          "move": "protect"
        },
        {
          "klass": "TechLearnableMove",
          "move": "rain_dance"
        },
        {
          "klass": "TechLearnableMove",
          "move": "frustration"
        },
        {
          "klass": "TechLearnableMove",
          "move": "earthquake"
        },
        {
          "klass": "TechLearnableMove",
          "move": "return"
        },
        {
          "klass": "TechLearnableMove",
          "move": "shadow_ball"
        },
        {
          "klass": "TechLearnableMove",
          "move": "brick_break"
        },
        {
          "klass": "TechLearnableMove",
          "move": "double_team"
        },
        {
          "klass": "TechLearnableMove",
          "move": "sludge_bomb"
        },
        {
          "klass": "TechLearnableMove",
          "move": "rock_tomb"
        },
        {
          "klass": "TechLearnableMove",
          "move": "aerial_ace"
        },
        {
          "klass": "TechLearnableMove",
          "move": "torment"
        },
        {
          "klass": "TechLearnableMove",
          "move": "facade"
        },
        {
          "klass": "TechLearnableMove",
          "move": "rest"
        },
        {
          "klass": "TechLearnableMove",
          "move": "attract"
        },
        {
          "klass": "TechLearnableMove",
          "move": "thief"
        },
        {
          "klass": "TechLearnableMove",
          "move": "round"
        },
        {
          "klass": "TechLearnableMove",
          "move": "false_swipe"
        },
        {
          "klass": "TechLearnableMove",
          "move": "fling"
        },
        {
          "klass": "TechLearnableMove",
          "move": "brutal_swing"
        },
        {
          "klass": "TechLearnableMove",
          "move": "payback"
        },
        {
          "klass": "TechLearnableMove",
          "move": "giga_impact"
        },
        {
          "klass": "TechLearnableMove",
          "move": "swords_dance"
        },
        {
          "klass": "TechLearnableMove",
          "move": "bulldoze"
        },
        {
          "klass": "TechLearnableMove",
          "move": "rock_slide"
        },
        {
          "klass": "TechLearnableMove",
          "move": "x_scissor"
        },
        {
          "klass": "TechLearnableMove",
          "move": "infestation"
        },
        {
          "klass": "TechLearnableMove",
          "move": "poison_jab"
        },
        {
          "klass": "TechLearnableMove",
          "move": "swagger"
        },
        {
          "klass": "TechLearnableMove",
          "move": "sleep_talk"
        },
        {
          "klass": "TechLearnableMove",
          "move": "substitute"
        },
        {
          "klass": "TechLearnableMove",
          "move": "snarl"
        },
        {
          "klass": "TechLearnableMove",
          "move": "dark_pulse"
        },
        {
          "klass": "TechLearnableMove",
          "move": "confide"
        },
        {
          "klass": "TechLearnableMove",
          "move": "struggle_bug"
        },
        {
          "klass": "TechLearnableMove",
          "move": "secret_power"
        },
        {
          "klass": "TechLearnableMove",
          "move": "cut"
        },
        {
          "klass": "TechLearnableMove",
          "move": "strength"
        },
        {
          "klass": "TechLearnableMove",
          "move": "rock_smash"
        },
        {
          "klass": "TechLearnableMove",
          "move": "rock_climb"
        }
      ],
      "resources": {
        "icon": "452",
        "iconShiny": "",
        "front": "452",
        "frontShiny": "452",
        "back": "452",
        "backShiny": "452",
        "footprint": "452",
        "character": "452_0",
        "characterShiny": "452s_0",
        "cry": "452cry.ogg",
        "hasFemale": false
      }
    }
  ]
}