{
  "klass": "Specie",
  "id": 621,
  "dbSymbol": "druddigon",
  "forms": [
    {
      "form": 0,
      "height": 1.6,
      "weight": 139,
      "type1": "dragon",
      "type2": "__undef__",
      "baseHp": 77,
      "baseAtk": 120,
      "baseDfe": 90,
      "baseSpd": 48,
      "baseAts": 60,
      "baseDfs": 90,
      "evHp": 0,
      "evAtk": 2,
      "evDfe": 0,
      "evSpd": 0,
      "evAts": 0,
      "evDfs": 0,
      "evolutions": [],
      "experienceType": 1,
      "baseExperience": 170,
      "baseLoyalty": 70,
      "catchRate": 45,
      "femaleRate": 50,
      "breedGroups": [
        1,
        14
      ],
      "hatchSteps": 7680,
      "babyDbSymbol": "druddigon",
      "babyForm": 0,
      "itemHeld": [
        {
          "dbSymbol": "dragon_fang",
          "chance": 5
        },
        {
          "dbSymbol": "none",
          "chance": 0
        }
      ],
      "abilities": [
        "rough_skin",
        "sheer_force",
        "mold_breaker"
      ],
      "frontOffsetY": 0,
      "moveSet": [
        {
          "klass": "LevelLearnableMove",
          "move": "scratch",
          "level": 1
        },
        {
          "klass": "LevelLearnableMove",
          "move": "leer",
          "level": 1
        },
        {
          "klass": "LevelLearnableMove",
          "move": "hone_claws",
          "level": 5
        },
        {
          "klass": "LevelLearnableMove",
          "move": "bite",
          "level": 9
        },
        {
          "klass": "LevelLearnableMove",
          "move": "scary_face",
          "level": 13
        },
        {
          "klass": "LevelLearnableMove",
          "move": "dragon_rage",
          "level": 18
        },
        {
          "klass": "LevelLearnableMove",
          "move": "slash",
          "level": 21
        },
        {
          "klass": "LevelLearnableMove",
          "move": "crunch",
          "level": 25
        },
        {
          "klass": "LevelLearnableMove",
          "move": "dragon_claw",
          "level": 27
        },
        {
          "klass": "LevelLearnableMove",
          "move": "chip_away",
          "level": 31
        },
        {
          "klass": "LevelLearnableMove",
          "move": "revenge",
          "level": 35
        },
        {
          "klass": "LevelLearnableMove",
          "move": "night_slash",
          "level": 40
        },
        {
          "klass": "LevelLearnableMove",
          "move": "dragon_tail",
          "level": 45
        },
        {
          "klass": "LevelLearnableMove",
          "move": "rock_climb",
          "level": 49
        },
        {
          "klass": "LevelLearnableMove",
          "move": "superpower",
          "level": 55
        },
        {
          "klass": "LevelLearnableMove",
          "move": "outrage",
          "level": 62
        },
        {
          "klass": "TutorLearnableMove",
          "move": "heat_wave"
        },
        {
          "klass": "TutorLearnableMove",
          "move": "outrage"
        },
        {
          "klass": "TutorLearnableMove",
          "move": "gunk_shot"
        },
        {
          "klass": "TutorLearnableMove",
          "move": "dragon_pulse"
        },
        {
          "klass": "TutorLearnableMove",
          "move": "draco_meteor"
        },
        {
          "klass": "TutorLearnableMove",
          "move": "aqua_tail"
        },
        {
          "klass": "TutorLearnableMove",
          "move": "shock_wave"
        },
        {
          "klass": "TutorLearnableMove",
          "move": "stealth_rock"
        },
        {
          "klass": "TutorLearnableMove",
          "move": "fire_punch"
        },
        {
          "klass": "TutorLearnableMove",
          "move": "iron_tail"
        },
        {
          "klass": "TutorLearnableMove",
          "move": "snore"
        },
        {
          "klass": "TutorLearnableMove",
          "move": "snatch"
        },
        {
          "klass": "TutorLearnableMove",
          "move": "superpower"
        },
        {
          "klass": "TutorLearnableMove",
          "move": "iron_head"
        },
        {
          "klass": "TutorLearnableMove",
          "move": "thunder_punch"
        },
        {
          "klass": "TutorLearnableMove",
          "move": "stomping_tantrum"
        },
        {
          "klass": "TechLearnableMove",
          "move": "dragon_claw"
        },
        {
          "klass": "TechLearnableMove",
          "move": "roar"
        },
        {
          "klass": "TechLearnableMove",
          "move": "toxic"
        },
        {
          "klass": "TechLearnableMove",
          "move": "hidden_power"
        },
        {
          "klass": "TechLearnableMove",
          "move": "sunny_day"
        },
        {
          "klass": "TechLearnableMove",
          "move": "taunt"
        },
        {
          "klass": "TechLearnableMove",
          "move": "hyper_beam"
        },
        {
          "klass": "TechLearnableMove",
          "move": "protect"
        },
        {
          "klass": "TechLearnableMove",
          "move": "rain_dance"
        },
        {
          "klass": "TechLearnableMove",
          "move": "frustration"
        },
        {
          "klass": "TechLearnableMove",
          "move": "smack_down"
        },
        {
          "klass": "TechLearnableMove",
          "move": "earthquake"
        },
        {
          "klass": "TechLearnableMove",
          "move": "return"
        },
        {
          "klass": "TechLearnableMove",
          "move": "double_team"
        },
        {
          "klass": "TechLearnableMove",
          "move": "flamethrower"
        },
        {
          "klass": "TechLearnableMove",
          "move": "sludge_bomb"
        },
        {
          "klass": "TechLearnableMove",
          "move": "rock_tomb"
        },
        {
          "klass": "TechLearnableMove",
          "move": "aerial_ace"
        },
        {
          "klass": "TechLearnableMove",
          "move": "torment"
        },
        {
          "klass": "TechLearnableMove",
          "move": "facade"
        },
        {
          "klass": "TechLearnableMove",
          "move": "rest"
        },
        {
          "klass": "TechLearnableMove",
          "move": "attract"
        },
        {
          "klass": "TechLearnableMove",
          "move": "round"
        },
        {
          "klass": "TechLearnableMove",
          "move": "focus_blast"
        },
        {
          "klass": "TechLearnableMove",
          "move": "fling"
        },
        {
          "klass": "TechLearnableMove",
          "move": "charge_beam"
        },
        {
          "klass": "TechLearnableMove",
          "move": "shadow_claw"
        },
        {
          "klass": "TechLearnableMove",
          "move": "payback"
        },
        {
          "klass": "TechLearnableMove",
          "move": "giga_impact"
        },
        {
          "klass": "TechLearnableMove",
          "move": "bulldoze"
        },
        {
          "klass": "TechLearnableMove",
          "move": "rock_slide"
        },
        {
          "klass": "TechLearnableMove",
          "move": "dragon_tail"
        },
        {
          "klass": "TechLearnableMove",
          "move": "swagger"
        },
        {
          "klass": "TechLearnableMove",
          "move": "sleep_talk"
        },
        {
          "klass": "TechLearnableMove",
          "move": "substitute"
        },
        {
          "klass": "TechLearnableMove",
          "move": "flash_cannon"
        },
        {
          "klass": "TechLearnableMove",
          "move": "surf"
        },
        {
          "klass": "TechLearnableMove",
          "move": "snarl"
        },
        {
          "klass": "TechLearnableMove",
          "move": "dark_pulse"
        },
        {
          "klass": "TechLearnableMove",
          "move": "confide"
        },
        {
          "klass": "TechLearnableMove",
          "move": "secret_power"
        },
        {
          "klass": "TechLearnableMove",
          "move": "power_up_punch"
        },
        {
          "klass": "TechLearnableMove",
          "move": "cut"
        },
        {
          "klass": "TechLearnableMove",
          "move": "strength"
        },
        {
          "klass": "TechLearnableMove",
          "move": "rock_smash"
        },
        {
          "klass": "TechLearnableMove",
          "move": "rock_climb"
        },
        {
          "klass": "BreedLearnableMove",
          "move": "crush_claw"
        },
        {
          "klass": "BreedLearnableMove",
          "move": "feint_attack"
        },
        {
          "klass": "BreedLearnableMove",
          "move": "fire_fang"
        },
        {
          "klass": "BreedLearnableMove",
          "move": "glare"
        },
        {
          "klass": "BreedLearnableMove",
          "move": "iron_tail"
        },
        {
          "klass": "BreedLearnableMove",
          "move": "metal_claw"
        },
        {
          "klass": "BreedLearnableMove",
          "move": "poison_tail"
        },
        {
          "klass": "BreedLearnableMove",
          "move": "pursuit"
        },
        {
          "klass": "BreedLearnableMove",
          "move": "snatch"
        },
        {
          "klass": "BreedLearnableMove",
          "move": "sucker_punch"
        },
        {
          "klass": "BreedLearnableMove",
          "move": "thunder_fang"
        }
      ],
      "resources": {
        "icon": "621",
        "iconShiny": "",
        "front": "621",
        "frontShiny": "621",
        "back": "621",
        "backShiny": "621",
        "footprint": "621",
        "character": "621_0",
        "characterShiny": "621s_0",
        "cry": "621cry.ogg",
        "hasFemale": false
      }
    }
  ]
}