{
  "klass": "Specie",
  "id": 580,
  "dbSymbol": "ducklett",
  "forms": [
    {
      "form": 0,
      "height": 0.5,
      "weight": 5.5,
      "type1": "water",
      "type2": "flying",
      "baseHp": 62,
      "baseAtk": 44,
      "baseDfe": 50,
      "baseSpd": 55,
      "baseAts": 44,
      "baseDfs": 50,
      "evHp": 1,
      "evAtk": 0,
      "evDfe": 0,
      "evSpd": 0,
      "evAts": 0,
      "evDfs": 0,
      "evolutions": [
        {
          "dbSymbol": "swanna",
          "form": 0,
          "conditions": [
            {
              "type": "minLevel",
              "value": 35
            }
          ]
        }
      ],
      "experienceType": 1,
      "baseExperience": 61,
      "baseLoyalty": 70,
      "catchRate": 190,
      "femaleRate": 50,
      "breedGroups": [
        2,
        4
      ],
      "hatchSteps": 5120,
      "babyDbSymbol": "ducklett",
      "babyForm": 0,
      "itemHeld": [
        {
          "dbSymbol": "none",
          "chance": 0
        },
        {
          "dbSymbol": "none",
          "chance": 0
        }
      ],
      "abilities": [
        "keen_eye",
        "big_pecks",
        "hydration"
      ],
      "frontOffsetY": 0,
      "moveSet": [
        {
          "klass": "LevelLearnableMove",
          "move": "water_gun",
          "level": 1
        },
        {
          "klass": "LevelLearnableMove",
          "move": "water_sport",
          "level": 3
        },
        {
          "klass": "LevelLearnableMove",
          "move": "defog",
          "level": 6
        },
        {
          "klass": "LevelLearnableMove",
          "move": "wing_attack",
          "level": 9
        },
        {
          "klass": "LevelLearnableMove",
          "move": "water_pulse",
          "level": 13
        },
        {
          "klass": "LevelLearnableMove",
          "move": "aerial_ace",
          "level": 15
        },
        {
          "klass": "LevelLearnableMove",
          "move": "bubble_beam",
          "level": 19
        },
        {
          "klass": "LevelLearnableMove",
          "move": "feather_dance",
          "level": 21
        },
        {
          "klass": "LevelLearnableMove",
          "move": "aqua_ring",
          "level": 24
        },
        {
          "klass": "LevelLearnableMove",
          "move": "air_slash",
          "level": 27
        },
        {
          "klass": "LevelLearnableMove",
          "move": "roost",
          "level": 30
        },
        {
          "klass": "LevelLearnableMove",
          "move": "rain_dance",
          "level": 34
        },
        {
          "klass": "LevelLearnableMove",
          "move": "tailwind",
          "level": 37
        },
        {
          "klass": "LevelLearnableMove",
          "move": "brave_bird",
          "level": 41
        },
        {
          "klass": "LevelLearnableMove",
          "move": "hurricane",
          "level": 46
        },
        {
          "klass": "TutorLearnableMove",
          "move": "defog"
        },
        {
          "klass": "TutorLearnableMove",
          "move": "liquidation"
        },
        {
          "klass": "TutorLearnableMove",
          "move": "uproar"
        },
        {
          "klass": "TutorLearnableMove",
          "move": "endeavor"
        },
        {
          "klass": "TutorLearnableMove",
          "move": "snore"
        },
        {
          "klass": "TutorLearnableMove",
          "move": "water_pulse"
        },
        {
          "klass": "TutorLearnableMove",
          "move": "tailwind"
        },
        {
          "klass": "TutorLearnableMove",
          "move": "icy_wind"
        },
        {
          "klass": "TechLearnableMove",
          "move": "toxic"
        },
        {
          "klass": "TechLearnableMove",
          "move": "hail"
        },
        {
          "klass": "TechLearnableMove",
          "move": "hidden_power"
        },
        {
          "klass": "TechLearnableMove",
          "move": "ice_beam"
        },
        {
          "klass": "TechLearnableMove",
          "move": "protect"
        },
        {
          "klass": "TechLearnableMove",
          "move": "rain_dance"
        },
        {
          "klass": "TechLearnableMove",
          "move": "roost"
        },
        {
          "klass": "TechLearnableMove",
          "move": "frustration"
        },
        {
          "klass": "TechLearnableMove",
          "move": "return"
        },
        {
          "klass": "TechLearnableMove",
          "move": "double_team"
        },
        {
          "klass": "TechLearnableMove",
          "move": "aerial_ace"
        },
        {
          "klass": "TechLearnableMove",
          "move": "facade"
        },
        {
          "klass": "TechLearnableMove",
          "move": "rest"
        },
        {
          "klass": "TechLearnableMove",
          "move": "attract"
        },
        {
          "klass": "TechLearnableMove",
          "move": "round"
        },
        {
          "klass": "TechLearnableMove",
          "move": "steel_wing"
        },
        {
          "klass": "TechLearnableMove",
          "move": "scald"
        },
        {
          "klass": "TechLearnableMove",
          "move": "fly"
        },
        {
          "klass": "TechLearnableMove",
          "move": "swagger"
        },
        {
          "klass": "TechLearnableMove",
          "move": "sleep_talk"
        },
        {
          "klass": "TechLearnableMove",
          "move": "substitute"
        },
        {
          "klass": "TechLearnableMove",
          "move": "surf"
        },
        {
          "klass": "TechLearnableMove",
          "move": "confide"
        },
        {
          "klass": "TechLearnableMove",
          "move": "secret_power"
        },
        {
          "klass": "TechLearnableMove",
          "move": "whirlpool"
        },
        {
          "klass": "BreedLearnableMove",
          "move": "air_cutter"
        },
        {
          "klass": "BreedLearnableMove",
          "move": "aqua_jet"
        },
        {
          "klass": "BreedLearnableMove",
          "move": "brine"
        },
        {
          "klass": "BreedLearnableMove",
          "move": "gust"
        },
        {
          "klass": "BreedLearnableMove",
          "move": "lucky_chant"
        },
        {
          "klass": "BreedLearnableMove",
          "move": "me_first"
        },
        {
          "klass": "BreedLearnableMove",
          "move": "mirror_move"
        },
        {
          "klass": "BreedLearnableMove",
          "move": "mud_sport"
        },
        {
          "klass": "BreedLearnableMove",
          "move": "steel_wing"
        }
      ],
      "resources": {
        "icon": "580",
        "iconShiny": "",
        "front": "580",
        "frontShiny": "580",
        "back": "580",
        "backShiny": "580",
        "footprint": "580",
        "character": "580_0",
        "characterShiny": "580s_0",
        "cry": "580cry.ogg",
        "hasFemale": false
      }
    }
  ]
}
