{
  "klass": "Specie",
  "id": 51,
  "dbSymbol": "dugtrio",
  "forms": [
    {
      "form": 0,
      "height": 0.7,
      "weight": 33.3,
      "type1": "ground",
      "type2": "__undef__",
      "baseHp": 35,
      "baseAtk": 100,
      "baseDfe": 50,
      "baseSpd": 120,
      "baseAts": 50,
      "baseDfs": 70,
      "evHp": 0,
      "evAtk": 0,
      "evDfe": 0,
      "evSpd": 2,
      "evAts": 0,
      "evDfs": 0,
      "evolutions": [],
      "experienceType": 1,
      "baseExperience": 149,
      "baseLoyalty": 70,
      "catchRate": 50,
      "femaleRate": 50,
      "breedGroups": [
        5,
        5
      ],
      "hatchSteps": 5120,
      "babyDbSymbol": "diglett",
      "babyForm": 0,
      "itemHeld": [
        {
          "dbSymbol": "none",
          "chance": 0
        },
        {
          "dbSymbol": "none",
          "chance": 0
        }
      ],
      "abilities": [
        "sand_veil",
        "arena_trap",
        "sand_force"
      ],
      "frontOffsetY": 0,
      "moveSet": [
        {
          "klass": "LevelLearnableMove",
          "move": "scratch",
          "level": 1
        },
        {
          "klass": "LevelLearnableMove",
          "move": "sand_attack",
          "level": 1
        },
        {
          "klass": "LevelLearnableMove",
          "move": "rototiller",
          "level": 1
        },
        {
          "klass": "LevelLearnableMove",
          "move": "night_slash",
          "level": 1
        },
        {
          "klass": "LevelLearnableMove",
          "move": "tri_attack",
          "level": 1
        },
        {
          "klass": "LevelLearnableMove",
          "move": "sand_tomb",
          "level": 1
        },
        {
          "klass": "LevelLearnableMove",
          "move": "growl",
          "level": 1
        },
        {
          "klass": "LevelLearnableMove",
          "move": "growl",
          "level": 4
        },
        {
          "klass": "LevelLearnableMove",
          "move": "astonish",
          "level": 7
        },
        {
          "klass": "LevelLearnableMove",
          "move": "mud_slap",
          "level": 10
        },
        {
          "klass": "LevelLearnableMove",
          "move": "magnitude",
          "level": 14
        },
        {
          "klass": "LevelLearnableMove",
          "move": "bulldoze",
          "level": 18
        },
        {
          "klass": "LevelLearnableMove",
          "move": "sucker_punch",
          "level": 22
        },
        {
          "klass": "LevelLearnableMove",
          "move": "mud_bomb",
          "level": 25
        },
        {
          "klass": "LevelLearnableMove",
          "move": "earth_power",
          "level": 30
        },
        {
          "klass": "LevelLearnableMove",
          "move": "dig",
          "level": 35
        },
        {
          "klass": "LevelLearnableMove",
          "move": "slash",
          "level": 41
        },
        {
          "klass": "LevelLearnableMove",
          "move": "earthquake",
          "level": 47
        },
        {
          "klass": "LevelLearnableMove",
          "move": "fissure",
          "level": 53
        },
        {
          "klass": "TutorLearnableMove",
          "move": "stealth_rock"
        },
        {
          "klass": "TutorLearnableMove",
          "move": "snore"
        },
        {
          "klass": "TutorLearnableMove",
          "move": "earth_power"
        },
        {
          "klass": "TutorLearnableMove",
          "move": "stomping_tantrum"
        },
        {
          "klass": "TechLearnableMove",
          "move": "toxic"
        },
        {
          "klass": "TechLearnableMove",
          "move": "hidden_power"
        },
        {
          "klass": "TechLearnableMove",
          "move": "sunny_day"
        },
        {
          "klass": "TechLearnableMove",
          "move": "hyper_beam"
        },
        {
          "klass": "TechLearnableMove",
          "move": "protect"
        },
        {
          "klass": "TechLearnableMove",
          "move": "frustration"
        },
        {
          "klass": "TechLearnableMove",
          "move": "earthquake"
        },
        {
          "klass": "TechLearnableMove",
          "move": "return"
        },
        {
          "klass": "TechLearnableMove",
          "move": "double_team"
        },
        {
          "klass": "TechLearnableMove",
          "move": "sludge_wave"
        },
        {
          "klass": "TechLearnableMove",
          "move": "sludge_bomb"
        },
        {
          "klass": "TechLearnableMove",
          "move": "sandstorm"
        },
        {
          "klass": "TechLearnableMove",
          "move": "rock_tomb"
        },
        {
          "klass": "TechLearnableMove",
          "move": "aerial_ace"
        },
        {
          "klass": "TechLearnableMove",
          "move": "facade"
        },
        {
          "klass": "TechLearnableMove",
          "move": "rest"
        },
        {
          "klass": "TechLearnableMove",
          "move": "attract"
        },
        {
          "klass": "TechLearnableMove",
          "move": "thief"
        },
        {
          "klass": "TechLearnableMove",
          "move": "round"
        },
        {
          "klass": "TechLearnableMove",
          "move": "echoed_voice"
        },
        {
          "klass": "TechLearnableMove",
          "move": "shadow_claw"
        },
        {
          "klass": "TechLearnableMove",
          "move": "giga_impact"
        },
        {
          "klass": "TechLearnableMove",
          "move": "stone_edge"
        },
        {
          "klass": "TechLearnableMove",
          "move": "bulldoze"
        },
        {
          "klass": "TechLearnableMove",
          "move": "rock_slide"
        },
        {
          "klass": "TechLearnableMove",
          "move": "swagger"
        },
        {
          "klass": "TechLearnableMove",
          "move": "sleep_talk"
        },
        {
          "klass": "TechLearnableMove",
          "move": "substitute"
        },
        {
          "klass": "TechLearnableMove",
          "move": "confide"
        },
        {
          "klass": "TechLearnableMove",
          "move": "secret_power"
        },
        {
          "klass": "TechLearnableMove",
          "move": "cut"
        },
        {
          "klass": "TechLearnableMove",
          "move": "rock_smash"
        },
        {
          "klass": "EvolutionLearnableMove",
          "move": "sand_tomb"
        }
      ],
      "resources": {
        "icon": "051",
        "iconShiny": "",
        "front": "051",
        "frontShiny": "051",
        "back": "051",
        "backShiny": "051",
        "footprint": "051",
        "character": "051_0",
        "characterShiny": "051s_0",
        "cry": "051cry.ogg",
        "hasFemale": false
      }
    },
    {
      "form": 1,
      "height": 0.7,
      "weight": 33.3,
      "type1": "ground",
      "type2": "steel",
      "baseHp": 35,
      "baseAtk": 100,
      "baseDfe": 60,
      "baseSpd": 110,
      "baseAts": 50,
      "baseDfs": 70,
      "evHp": 0,
      "evAtk": 2,
      "evDfe": 0,
      "evSpd": 0,
      "evAts": 0,
      "evDfs": 0,
      "evolutions": [],
      "experienceType": 1,
      "baseExperience": 149,
      "baseLoyalty": 70,
      "catchRate": 50,
      "femaleRate": 50,
      "breedGroups": [
        5,
        5
      ],
      "hatchSteps": 5120,
      "babyDbSymbol": "diglett",
      "babyForm": 1,
      "itemHeld": [
        {
          "dbSymbol": "none",
          "chance": 0
        },
        {
          "dbSymbol": "none",
          "chance": 0
        }
      ],
      "abilities": [
        "magnet_pull",
        "tangling_hair",
        "sand_force"
      ],
      "frontOffsetY": 0,
      "moveSet": [
        {
          "klass": "LevelLearnableMove",
          "move": "metal_claw",
          "level": 1
        },
        {
          "klass": "LevelLearnableMove",
          "move": "sand_attack",
          "level": 1
        },
        {
          "klass": "LevelLearnableMove",
          "move": "rototiller",
          "level": 1
        },
        {
          "klass": "LevelLearnableMove",
          "move": "sand_tomb",
          "level": 1
        },
        {
          "klass": "LevelLearnableMove",
          "move": "tri_attack",
          "level": 1
        },
        {
          "klass": "LevelLearnableMove",
          "move": "night_slash",
          "level": 1
        },
        {
          "klass": "LevelLearnableMove",
          "move": "growl",
          "level": 1
        },
        {
          "klass": "LevelLearnableMove",
          "move": "growl",
          "level": 4
        },
        {
          "klass": "LevelLearnableMove",
          "move": "astonish",
          "level": 7
        },
        {
          "klass": "LevelLearnableMove",
          "move": "mud_slap",
          "level": 10
        },
        {
          "klass": "LevelLearnableMove",
          "move": "magnitude",
          "level": 14
        },
        {
          "klass": "LevelLearnableMove",
          "move": "bulldoze",
          "level": 18
        },
        {
          "klass": "LevelLearnableMove",
          "move": "sucker_punch",
          "level": 22
        },
        {
          "klass": "LevelLearnableMove",
          "move": "mud_bomb",
          "level": 25
        },
        {
          "klass": "LevelLearnableMove",
          "move": "earth_power",
          "level": 30
        },
        {
          "klass": "LevelLearnableMove",
          "move": "dig",
          "level": 35
        },
        {
          "klass": "LevelLearnableMove",
          "move": "iron_head",
          "level": 41
        },
        {
          "klass": "LevelLearnableMove",
          "move": "earthquake",
          "level": 47
        },
        {
          "klass": "LevelLearnableMove",
          "move": "fissure",
          "level": 53
        },
        {
          "klass": "TutorLearnableMove",
          "move": "iron_defense"
        },
        {
          "klass": "TutorLearnableMove",
          "move": "stealth_rock"
        },
        {
          "klass": "TutorLearnableMove",
          "move": "snore"
        },
        {
          "klass": "TutorLearnableMove",
          "move": "earth_power"
        },
        {
          "klass": "TutorLearnableMove",
          "move": "iron_head"
        },
        {
          "klass": "TutorLearnableMove",
          "move": "stomping_tantrum"
        },
        {
          "klass": "TechLearnableMove",
          "move": "work_up"
        },
        {
          "klass": "TechLearnableMove",
          "move": "toxic"
        },
        {
          "klass": "TechLearnableMove",
          "move": "hidden_power"
        },
        {
          "klass": "TechLearnableMove",
          "move": "sunny_day"
        },
        {
          "klass": "TechLearnableMove",
          "move": "hyper_beam"
        },
        {
          "klass": "TechLearnableMove",
          "move": "protect"
        },
        {
          "klass": "TechLearnableMove",
          "move": "frustration"
        },
        {
          "klass": "TechLearnableMove",
          "move": "earthquake"
        },
        {
          "klass": "TechLearnableMove",
          "move": "return"
        },
        {
          "klass": "TechLearnableMove",
          "move": "double_team"
        },
        {
          "klass": "TechLearnableMove",
          "move": "sludge_wave"
        },
        {
          "klass": "TechLearnableMove",
          "move": "sludge_bomb"
        },
        {
          "klass": "TechLearnableMove",
          "move": "sandstorm"
        },
        {
          "klass": "TechLearnableMove",
          "move": "rock_tomb"
        },
        {
          "klass": "TechLearnableMove",
          "move": "aerial_ace"
        },
        {
          "klass": "TechLearnableMove",
          "move": "facade"
        },
        {
          "klass": "TechLearnableMove",
          "move": "rest"
        },
        {
          "klass": "TechLearnableMove",
          "move": "attract"
        },
        {
          "klass": "TechLearnableMove",
          "move": "thief"
        },
        {
          "klass": "TechLearnableMove",
          "move": "round"
        },
        {
          "klass": "TechLearnableMove",
          "move": "echoed_voice"
        },
        {
          "klass": "TechLearnableMove",
          "move": "shadow_claw"
        },
        {
          "klass": "TechLearnableMove",
          "move": "giga_impact"
        },
        {
          "klass": "TechLearnableMove",
          "move": "stone_edge"
        },
        {
          "klass": "TechLearnableMove",
          "move": "bulldoze"
        },
        {
          "klass": "TechLearnableMove",
          "move": "rock_slide"
        },
        {
          "klass": "TechLearnableMove",
          "move": "swagger"
        },
        {
          "klass": "TechLearnableMove",
          "move": "sleep_talk"
        },
        {
          "klass": "TechLearnableMove",
          "move": "substitute"
        },
        {
          "klass": "TechLearnableMove",
          "move": "flash_cannon"
        },
        {
          "klass": "TechLearnableMove",
          "move": "confide"
        },
        {
          "klass": "TechLearnableMove",
          "move": "secret_power"
        },
        {
          "klass": "TechLearnableMove",
          "move": "cut"
        },
        {
          "klass": "TechLearnableMove",
          "move": "rock_smash"
        },
        {
          "klass": "EvolutionLearnableMove",
          "move": "sand_tomb"
        }
      ],
      "resources": {
        "icon": "051_01",
        "iconShiny": "",
        "front": "051_01",
        "frontShiny": "051_01",
        "back": "051_01",
        "backShiny": "051_01",
        "footprint": "051",
        "character": "",
        "characterShiny": "",
        "cry": "051cry.ogg",
        "hasFemale": false
      }
    }
  ]
}