{
  "klass": "Specie",
  "id": 356,
  "dbSymbol": "dusclops",
  "forms": [
    {
      "form": 0,
      "height": 1.6,
      "weight": 30.6,
      "type1": "ghost",
      "type2": "__undef__",
      "baseHp": 40,
      "baseAtk": 70,
      "baseDfe": 130,
      "baseSpd": 25,
      "baseAts": 60,
      "baseDfs": 130,
      "evHp": 0,
      "evAtk": 0,
      "evDfe": 1,
      "evSpd": 0,
      "evAts": 0,
      "evDfs": 1,
      "evolutions": [
        {
          "dbSymbol": "dusknoir",
          "form": 0,
          "conditions": [
            {
              "type": "trade",
              "value": true
            },
            {
              "type": "itemHold",
              "value": "reaper_cloth"
            }
          ]
        }
      ],
      "experienceType": 0,
      "baseExperience": 159,
      "baseLoyalty": 35,
      "catchRate": 90,
      "femaleRate": 50,
      "breedGroups": [
        11,
        11
      ],
      "hatchSteps": 6400,
      "babyDbSymbol": "duskull",
      "babyForm": 0,
      "itemHeld": [
        {
          "dbSymbol": "none",
          "chance": 0
        },
        {
          "dbSymbol": "none",
          "chance": 0
        }
      ],
      "abilities": [
        "pressure",
        "pressure",
        "frisk"
      ],
      "frontOffsetY": 0,
      "moveSet": [
        {
          "klass": "LevelLearnableMove",
          "move": "night_shade",
          "level": 1
        },
        {
          "klass": "LevelLearnableMove",
          "move": "leer",
          "level": 1
        },
        {
          "klass": "LevelLearnableMove",
          "move": "disable",
          "level": 1
        },
        {
          "klass": "LevelLearnableMove",
          "move": "astonish",
          "level": 1
        },
        {
          "klass": "LevelLearnableMove",
          "move": "gravity",
          "level": 1
        },
        {
          "klass": "LevelLearnableMove",
          "move": "future_sight",
          "level": 1
        },
        {
          "klass": "LevelLearnableMove",
          "move": "shadow_punch",
          "level": 1
        },
        {
          "klass": "LevelLearnableMove",
          "move": "ice_punch",
          "level": 1
        },
        {
          "klass": "LevelLearnableMove",
          "move": "thunder_punch",
          "level": 1
        },
        {
          "klass": "LevelLearnableMove",
          "move": "fire_punch",
          "level": 1
        },
        {
          "klass": "LevelLearnableMove",
          "move": "bind",
          "level": 1
        },
        {
          "klass": "LevelLearnableMove",
          "move": "disable",
          "level": 6
        },
        {
          "klass": "LevelLearnableMove",
          "move": "astonish",
          "level": 9
        },
        {
          "klass": "LevelLearnableMove",
          "move": "foresight",
          "level": 14
        },
        {
          "klass": "LevelLearnableMove",
          "move": "shadow_sneak",
          "level": 17
        },
        {
          "klass": "LevelLearnableMove",
          "move": "pursuit",
          "level": 22
        },
        {
          "klass": "LevelLearnableMove",
          "move": "will_o_wisp",
          "level": 25
        },
        {
          "klass": "LevelLearnableMove",
          "move": "confuse_ray",
          "level": 30
        },
        {
          "klass": "LevelLearnableMove",
          "move": "curse",
          "level": 33
        },
        {
          "klass": "LevelLearnableMove",
          "move": "hex",
          "level": 40
        },
        {
          "klass": "LevelLearnableMove",
          "move": "shadow_ball",
          "level": 45
        },
        {
          "klass": "LevelLearnableMove",
          "move": "mean_look",
          "level": 52
        },
        {
          "klass": "LevelLearnableMove",
          "move": "payback",
          "level": 57
        },
        {
          "klass": "LevelLearnableMove",
          "move": "future_sight",
          "level": 64
        },
        {
          "klass": "TutorLearnableMove",
          "move": "pain_split"
        },
        {
          "klass": "TutorLearnableMove",
          "move": "spite"
        },
        {
          "klass": "TutorLearnableMove",
          "move": "skill_swap"
        },
        {
          "klass": "TutorLearnableMove",
          "move": "bind"
        },
        {
          "klass": "TutorLearnableMove",
          "move": "gravity"
        },
        {
          "klass": "TutorLearnableMove",
          "move": "ally_switch"
        },
        {
          "klass": "TutorLearnableMove",
          "move": "telekinesis"
        },
        {
          "klass": "TutorLearnableMove",
          "move": "focus_punch"
        },
        {
          "klass": "TutorLearnableMove",
          "move": "fire_punch"
        },
        {
          "klass": "TutorLearnableMove",
          "move": "ice_punch"
        },
        {
          "klass": "TutorLearnableMove",
          "move": "snore"
        },
        {
          "klass": "TutorLearnableMove",
          "move": "snatch"
        },
        {
          "klass": "TutorLearnableMove",
          "move": "trick"
        },
        {
          "klass": "TutorLearnableMove",
          "move": "thunder_punch"
        },
        {
          "klass": "TutorLearnableMove",
          "move": "icy_wind"
        },
        {
          "klass": "TutorLearnableMove",
          "move": "wonder_room"
        },
        {
          "klass": "TechLearnableMove",
          "move": "calm_mind"
        },
        {
          "klass": "TechLearnableMove",
          "move": "toxic"
        },
        {
          "klass": "TechLearnableMove",
          "move": "hidden_power"
        },
        {
          "klass": "TechLearnableMove",
          "move": "sunny_day"
        },
        {
          "klass": "TechLearnableMove",
          "move": "taunt"
        },
        {
          "klass": "TechLearnableMove",
          "move": "ice_beam"
        },
        {
          "klass": "TechLearnableMove",
          "move": "blizzard"
        },
        {
          "klass": "TechLearnableMove",
          "move": "hyper_beam"
        },
        {
          "klass": "TechLearnableMove",
          "move": "protect"
        },
        {
          "klass": "TechLearnableMove",
          "move": "rain_dance"
        },
        {
          "klass": "TechLearnableMove",
          "move": "frustration"
        },
        {
          "klass": "TechLearnableMove",
          "move": "earthquake"
        },
        {
          "klass": "TechLearnableMove",
          "move": "return"
        },
        {
          "klass": "TechLearnableMove",
          "move": "psychic"
        },
        {
          "klass": "TechLearnableMove",
          "move": "shadow_ball"
        },
        {
          "klass": "TechLearnableMove",
          "move": "brick_break"
        },
        {
          "klass": "TechLearnableMove",
          "move": "double_team"
        },
        {
          "klass": "TechLearnableMove",
          "move": "rock_tomb"
        },
        {
          "klass": "TechLearnableMove",
          "move": "torment"
        },
        {
          "klass": "TechLearnableMove",
          "move": "facade"
        },
        {
          "klass": "TechLearnableMove",
          "move": "rest"
        },
        {
          "klass": "TechLearnableMove",
          "move": "attract"
        },
        {
          "klass": "TechLearnableMove",
          "move": "thief"
        },
        {
          "klass": "TechLearnableMove",
          "move": "round"
        },
        {
          "klass": "TechLearnableMove",
          "move": "fling"
        },
        {
          "klass": "TechLearnableMove",
          "move": "charge_beam"
        },
        {
          "klass": "TechLearnableMove",
          "move": "will_o_wisp"
        },
        {
          "klass": "TechLearnableMove",
          "move": "embargo"
        },
        {
          "klass": "TechLearnableMove",
          "move": "payback"
        },
        {
          "klass": "TechLearnableMove",
          "move": "giga_impact"
        },
        {
          "klass": "TechLearnableMove",
          "move": "psych_up"
        },
        {
          "klass": "TechLearnableMove",
          "move": "bulldoze"
        },
        {
          "klass": "TechLearnableMove",
          "move": "rock_slide"
        },
        {
          "klass": "TechLearnableMove",
          "move": "infestation"
        },
        {
          "klass": "TechLearnableMove",
          "move": "dream_eater"
        },
        {
          "klass": "TechLearnableMove",
          "move": "swagger"
        },
        {
          "klass": "TechLearnableMove",
          "move": "sleep_talk"
        },
        {
          "klass": "TechLearnableMove",
          "move": "substitute"
        },
        {
          "klass": "TechLearnableMove",
          "move": "trick_room"
        },
        {
          "klass": "TechLearnableMove",
          "move": "dark_pulse"
        },
        {
          "klass": "TechLearnableMove",
          "move": "confide"
        },
        {
          "klass": "TechLearnableMove",
          "move": "secret_power"
        },
        {
          "klass": "TechLearnableMove",
          "move": "power_up_punch"
        },
        {
          "klass": "TechLearnableMove",
          "move": "strength"
        },
        {
          "klass": "TechLearnableMove",
          "move": "rock_smash"
        },
        {
          "klass": "EvolutionLearnableMove",
          "move": "shadow_punch"
        }
      ],
      "resources": {
        "icon": "356",
        "iconShiny": "",
        "front": "356",
        "frontShiny": "356",
        "back": "356",
        "backShiny": "356",
        "footprint": "356",
        "character": "356_0",
        "characterShiny": "356s_0",
        "cry": "356cry.ogg",
        "hasFemale": false
      }
    }
  ]
}