{
  "klass": "Specie",
  "id": 557,
  "dbSymbol": "dwebble",
  "forms": [
    {
      "form": 0,
      "height": 0.3,
      "weight": 14.5,
      "type1": "bug",
      "type2": "rock",
      "baseHp": 50,
      "baseAtk": 65,
      "baseDfe": 85,
      "baseSpd": 55,
      "baseAts": 35,
      "baseDfs": 35,
      "evHp": 0,
      "evAtk": 0,
      "evDfe": 1,
      "evSpd": 0,
      "evAts": 0,
      "evDfs": 0,
      "evolutions": [
        {
          "dbSymbol": "crustle",
          "form": 0,
          "conditions": [
            {
              "type": "minLevel",
              "value": 34
            }
          ]
        }
      ],
      "experienceType": 1,
      "baseExperience": 65,
      "baseLoyalty": 70,
      "catchRate": 190,
      "femaleRate": 50,
      "breedGroups": [
        3,
        10
      ],
      "hatchSteps": 5120,
      "babyDbSymbol": "dwebble",
      "babyForm": 0,
      "itemHeld": [
        {
          "dbSymbol": "none",
          "chance": 0
        },
        {
          "dbSymbol": "none",
          "chance": 0
        }
      ],
      "abilities": [
        "sturdy",
        "shell_armor",
        "weak_armor"
      ],
      "frontOffsetY": 0,
      "moveSet": [
        {
          "klass": "LevelLearnableMove",
          "move": "fury_cutter",
          "level": 1
        },
        {
          "klass": "LevelLearnableMove",
          "move": "rock_blast",
          "level": 5
        },
        {
          "klass": "LevelLearnableMove",
          "move": "withdraw",
          "level": 7
        },
        {
          "klass": "LevelLearnableMove",
          "move": "sand_attack",
          "level": 11
        },
        {
          "klass": "LevelLearnableMove",
          "move": "feint_attack",
          "level": 13
        },
        {
          "klass": "LevelLearnableMove",
          "move": "smack_down",
          "level": 17
        },
        {
          "klass": "LevelLearnableMove",
          "move": "rock_polish",
          "level": 19
        },
        {
          "klass": "LevelLearnableMove",
          "move": "bug_bite",
          "level": 23
        },
        {
          "klass": "LevelLearnableMove",
          "move": "stealth_rock",
          "level": 24
        },
        {
          "klass": "LevelLearnableMove",
          "move": "rock_slide",
          "level": 29
        },
        {
          "klass": "LevelLearnableMove",
          "move": "slash",
          "level": 31
        },
        {
          "klass": "LevelLearnableMove",
          "move": "x_scissor",
          "level": 35
        },
        {
          "klass": "LevelLearnableMove",
          "move": "shell_smash",
          "level": 37
        },
        {
          "klass": "LevelLearnableMove",
          "move": "flail",
          "level": 41
        },
        {
          "klass": "LevelLearnableMove",
          "move": "rock_wrecker",
          "level": 43
        },
        {
          "klass": "TutorLearnableMove",
          "move": "block"
        },
        {
          "klass": "TutorLearnableMove",
          "move": "iron_defense"
        },
        {
          "klass": "TutorLearnableMove",
          "move": "bug_bite"
        },
        {
          "klass": "TutorLearnableMove",
          "move": "snore"
        },
        {
          "klass": "TutorLearnableMove",
          "move": "knock_off"
        },
        {
          "klass": "TutorLearnableMove",
          "move": "stealth_rock"
        },
        {
          "klass": "TechLearnableMove",
          "move": "toxic"
        },
        {
          "klass": "TechLearnableMove",
          "move": "hidden_power"
        },
        {
          "klass": "TechLearnableMove",
          "move": "protect"
        },
        {
          "klass": "TechLearnableMove",
          "move": "frustration"
        },
        {
          "klass": "TechLearnableMove",
          "move": "solar_beam"
        },
        {
          "klass": "TechLearnableMove",
          "move": "smack_down"
        },
        {
          "klass": "TechLearnableMove",
          "move": "earthquake"
        },
        {
          "klass": "TechLearnableMove",
          "move": "return"
        },
        {
          "klass": "TechLearnableMove",
          "move": "double_team"
        },
        {
          "klass": "TechLearnableMove",
          "move": "sandstorm"
        },
        {
          "klass": "TechLearnableMove",
          "move": "rock_tomb"
        },
        {
          "klass": "TechLearnableMove",
          "move": "aerial_ace"
        },
        {
          "klass": "TechLearnableMove",
          "move": "facade"
        },
        {
          "klass": "TechLearnableMove",
          "move": "rest"
        },
        {
          "klass": "TechLearnableMove",
          "move": "attract"
        },
        {
          "klass": "TechLearnableMove",
          "move": "round"
        },
        {
          "klass": "TechLearnableMove",
          "move": "shadow_claw"
        },
        {
          "klass": "TechLearnableMove",
          "move": "rock_polish"
        },
        {
          "klass": "TechLearnableMove",
          "move": "stone_edge"
        },
        {
          "klass": "TechLearnableMove",
          "move": "swords_dance"
        },
        {
          "klass": "TechLearnableMove",
          "move": "bulldoze"
        },
        {
          "klass": "TechLearnableMove",
          "move": "rock_slide"
        },
        {
          "klass": "TechLearnableMove",
          "move": "x_scissor"
        },
        {
          "klass": "TechLearnableMove",
          "move": "poison_jab"
        },
        {
          "klass": "TechLearnableMove",
          "move": "swagger"
        },
        {
          "klass": "TechLearnableMove",
          "move": "sleep_talk"
        },
        {
          "klass": "TechLearnableMove",
          "move": "substitute"
        },
        {
          "klass": "TechLearnableMove",
          "move": "nature_power"
        },
        {
          "klass": "TechLearnableMove",
          "move": "confide"
        },
        {
          "klass": "TechLearnableMove",
          "move": "struggle_bug"
        },
        {
          "klass": "TechLearnableMove",
          "move": "secret_power"
        },
        {
          "klass": "TechLearnableMove",
          "move": "cut"
        },
        {
          "klass": "TechLearnableMove",
          "move": "strength"
        },
        {
          "klass": "TechLearnableMove",
          "move": "rock_smash"
        },
        {
          "klass": "BreedLearnableMove",
          "move": "block"
        },
        {
          "klass": "BreedLearnableMove",
          "move": "counter"
        },
        {
          "klass": "BreedLearnableMove",
          "move": "curse"
        },
        {
          "klass": "BreedLearnableMove",
          "move": "endure"
        },
        {
          "klass": "BreedLearnableMove",
          "move": "iron_defense"
        },
        {
          "klass": "BreedLearnableMove",
          "move": "night_slash"
        },
        {
          "klass": "BreedLearnableMove",
          "move": "rototiller"
        },
        {
          "klass": "BreedLearnableMove",
          "move": "sand_tomb"
        },
        {
          "klass": "BreedLearnableMove",
          "move": "spikes"
        },
        {
          "klass": "BreedLearnableMove",
          "move": "wide_guard"
        }
      ],
      "resources": {
        "icon": "557",
        "iconShiny": "",
        "front": "557",
        "frontShiny": "557",
        "back": "557",
        "backShiny": "557",
        "footprint": "557",
        "character": "557_0",
        "characterShiny": "557s_0",
        "cry": "557cry.ogg",
        "hasFemale": false
      }
    }
  ]
}