{
  "klass": "Specie",
  "id": 23,
  "dbSymbol": "ekans",
  "forms": [
    {
      "form": 0,
      "height": 2,
      "weight": 6.9,
      "type1": "poison",
      "type2": "__undef__",
      "baseHp": 35,
      "baseAtk": 60,
      "baseDfe": 44,
      "baseSpd": 55,
      "baseAts": 40,
      "baseDfs": 54,
      "evHp": 0,
      "evAtk": 1,
      "evDfe": 0,
      "evSpd": 0,
      "evAts": 0,
      "evDfs": 0,
      "evolutions": [
        {
          "dbSymbol": "arbok",
          "form": 0,
          "conditions": [
            {
              "type": "minLevel",
              "value": 22
            }
          ]
        }
      ],
      "experienceType": 1,
      "baseExperience": 58,
      "baseLoyalty": 70,
      "catchRate": 255,
      "femaleRate": 50,
      "breedGroups": [
        5,
        14
      ],
      "hatchSteps": 5120,
      "babyDbSymbol": "ekans",
      "babyForm": 0,
      "itemHeld": [
        {
          "dbSymbol": "none",
          "chance": 0
        },
        {
          "dbSymbol": "none",
          "chance": 0
        }
      ],
      "abilities": [
        "intimidate",
        "shed_skin",
        "unnerve"
      ],
      "frontOffsetY": 0,
      "moveSet": [
        {
          "klass": "LevelLearnableMove",
          "move": "wrap",
          "level": 1
        },
        {
          "klass": "LevelLearnableMove",
          "move": "leer",
          "level": 1
        },
        {
          "klass": "LevelLearnableMove",
          "move": "poison_sting",
          "level": 4
        },
        {
          "klass": "LevelLearnableMove",
          "move": "bite",
          "level": 9
        },
        {
          "klass": "LevelLearnableMove",
          "move": "glare",
          "level": 12
        },
        {
          "klass": "LevelLearnableMove",
          "move": "screech",
          "level": 17
        },
        {
          "klass": "LevelLearnableMove",
          "move": "acid",
          "level": 20
        },
        {
          "klass": "LevelLearnableMove",
          "move": "stockpile",
          "level": 25
        },
        {
          "klass": "LevelLearnableMove",
          "move": "swallow",
          "level": 25
        },
        {
          "klass": "LevelLearnableMove",
          "move": "spit_up",
          "level": 25
        },
        {
          "klass": "LevelLearnableMove",
          "move": "acid_spray",
          "level": 28
        },
        {
          "klass": "LevelLearnableMove",
          "move": "mud_bomb",
          "level": 33
        },
        {
          "klass": "LevelLearnableMove",
          "move": "gastro_acid",
          "level": 36
        },
        {
          "klass": "LevelLearnableMove",
          "move": "belch",
          "level": 38
        },
        {
          "klass": "LevelLearnableMove",
          "move": "haze",
          "level": 41
        },
        {
          "klass": "LevelLearnableMove",
          "move": "coil",
          "level": 44
        },
        {
          "klass": "LevelLearnableMove",
          "move": "gunk_shot",
          "level": 49
        },
        {
          "klass": "TutorLearnableMove",
          "move": "seed_bomb"
        },
        {
          "klass": "TutorLearnableMove",
          "move": "gunk_shot"
        },
        {
          "klass": "TutorLearnableMove",
          "move": "bind"
        },
        {
          "klass": "TutorLearnableMove",
          "move": "giga_drain"
        },
        {
          "klass": "TutorLearnableMove",
          "move": "aqua_tail"
        },
        {
          "klass": "TutorLearnableMove",
          "move": "iron_tail"
        },
        {
          "klass": "TutorLearnableMove",
          "move": "snore"
        },
        {
          "klass": "TutorLearnableMove",
          "move": "snatch"
        },
        {
          "klass": "TutorLearnableMove",
          "move": "gastro_acid"
        },
        {
          "klass": "TutorLearnableMove",
          "move": "spite"
        },
        {
          "klass": "TechLearnableMove",
          "move": "toxic"
        },
        {
          "klass": "TechLearnableMove",
          "move": "venoshock"
        },
        {
          "klass": "TechLearnableMove",
          "move": "hidden_power"
        },
        {
          "klass": "TechLearnableMove",
          "move": "sunny_day"
        },
        {
          "klass": "TechLearnableMove",
          "move": "protect"
        },
        {
          "klass": "TechLearnableMove",
          "move": "rain_dance"
        },
        {
          "klass": "TechLearnableMove",
          "move": "frustration"
        },
        {
          "klass": "TechLearnableMove",
          "move": "earthquake"
        },
        {
          "klass": "TechLearnableMove",
          "move": "return"
        },
        {
          "klass": "TechLearnableMove",
          "move": "double_team"
        },
        {
          "klass": "TechLearnableMove",
          "move": "sludge_wave"
        },
        {
          "klass": "TechLearnableMove",
          "move": "sludge_bomb"
        },
        {
          "klass": "TechLearnableMove",
          "move": "rock_tomb"
        },
        {
          "klass": "TechLearnableMove",
          "move": "torment"
        },
        {
          "klass": "TechLearnableMove",
          "move": "facade"
        },
        {
          "klass": "TechLearnableMove",
          "move": "rest"
        },
        {
          "klass": "TechLearnableMove",
          "move": "attract"
        },
        {
          "klass": "TechLearnableMove",
          "move": "thief"
        },
        {
          "klass": "TechLearnableMove",
          "move": "round"
        },
        {
          "klass": "TechLearnableMove",
          "move": "brutal_swing"
        },
        {
          "klass": "TechLearnableMove",
          "move": "payback"
        },
        {
          "klass": "TechLearnableMove",
          "move": "bulldoze"
        },
        {
          "klass": "TechLearnableMove",
          "move": "rock_slide"
        },
        {
          "klass": "TechLearnableMove",
          "move": "infestation"
        },
        {
          "klass": "TechLearnableMove",
          "move": "poison_jab"
        },
        {
          "klass": "TechLearnableMove",
          "move": "swagger"
        },
        {
          "klass": "TechLearnableMove",
          "move": "sleep_talk"
        },
        {
          "klass": "TechLearnableMove",
          "move": "substitute"
        },
        {
          "klass": "TechLearnableMove",
          "move": "dark_pulse"
        },
        {
          "klass": "TechLearnableMove",
          "move": "confide"
        },
        {
          "klass": "TechLearnableMove",
          "move": "secret_power"
        },
        {
          "klass": "TechLearnableMove",
          "move": "strength"
        },
        {
          "klass": "BreedLearnableMove",
          "move": "beat_up"
        },
        {
          "klass": "BreedLearnableMove",
          "move": "sucker_punch"
        },
        {
          "klass": "BreedLearnableMove",
          "move": "poison_fang"
        },
        {
          "klass": "BreedLearnableMove",
          "move": "spite"
        },
        {
          "klass": "BreedLearnableMove",
          "move": "disable"
        },
        {
          "klass": "BreedLearnableMove",
          "move": "scary_face"
        },
        {
          "klass": "BreedLearnableMove",
          "move": "switcheroo"
        },
        {
          "klass": "BreedLearnableMove",
          "move": "pursuit"
        },
        {
          "klass": "BreedLearnableMove",
          "move": "iron_tail"
        },
        {
          "klass": "BreedLearnableMove",
          "move": "poison_tail"
        },
        {
          "klass": "BreedLearnableMove",
          "move": "snatch"
        },
        {
          "klass": "BreedLearnableMove",
          "move": "slam"
        }
      ],
      "resources": {
        "icon": "023",
        "iconShiny": "",
        "front": "023",
        "frontShiny": "023",
        "back": "023",
        "backShiny": "023",
        "footprint": "023",
        "character": "023_0",
        "characterShiny": "023s_0",
        "cry": "023cry.ogg",
        "hasFemale": false
      }
    }
  ]
}