{
  "klass": "Specie",
  "id": 309,
  "dbSymbol": "electrike",
  "forms": [
    {
      "form": 0,
      "height": 0.6,
      "weight": 15.2,
      "type1": "electric",
      "type2": "__undef__",
      "baseHp": 40,
      "baseAtk": 45,
      "baseDfe": 40,
      "baseSpd": 65,
      "baseAts": 65,
      "baseDfs": 40,
      "evHp": 0,
      "evAtk": 0,
      "evDfe": 0,
      "evSpd": 1,
      "evAts": 0,
      "evDfs": 0,
      "evolutions": [
        {
          "dbSymbol": "manectric",
          "form": 0,
          "conditions": [
            {
              "type": "minLevel",
              "value": 26
            }
          ]
        }
      ],
      "experienceType": 2,
      "baseExperience": 59,
      "baseLoyalty": 70,
      "catchRate": 120,
      "femaleRate": 50,
      "breedGroups": [
        5,
        5
      ],
      "hatchSteps": 5120,
      "babyDbSymbol": "electrike",
      "babyForm": 0,
      "itemHeld": [
        {
          "dbSymbol": "none",
          "chance": 0
        },
        {
          "dbSymbol": "none",
          "chance": 0
        }
      ],
      "abilities": [
        "static",
        "lightning_rod",
        "minus"
      ],
      "frontOffsetY": 0,
      "moveSet": [
        {
          "klass": "LevelLearnableMove",
          "move": "thunder_wave",
          "level": 1
        },
        {
          "klass": "LevelLearnableMove",
          "move": "tackle",
          "level": 1
        },
        {
          "klass": "LevelLearnableMove",
          "move": "leer",
          "level": 4
        },
        {
          "klass": "LevelLearnableMove",
          "move": "howl",
          "level": 7
        },
        {
          "klass": "LevelLearnableMove",
          "move": "quick_attack",
          "level": 10
        },
        {
          "klass": "LevelLearnableMove",
          "move": "spark",
          "level": 13
        },
        {
          "klass": "LevelLearnableMove",
          "move": "odor_sleuth",
          "level": 16
        },
        {
          "klass": "LevelLearnableMove",
          "move": "thunder_fang",
          "level": 19
        },
        {
          "klass": "LevelLearnableMove",
          "move": "bite",
          "level": 24
        },
        {
          "klass": "LevelLearnableMove",
          "move": "discharge",
          "level": 29
        },
        {
          "klass": "LevelLearnableMove",
          "move": "roar",
          "level": 34
        },
        {
          "klass": "LevelLearnableMove",
          "move": "wild_charge",
          "level": 39
        },
        {
          "klass": "LevelLearnableMove",
          "move": "charge",
          "level": 44
        },
        {
          "klass": "LevelLearnableMove",
          "move": "thunder",
          "level": 49
        },
        {
          "klass": "TutorLearnableMove",
          "move": "shock_wave"
        },
        {
          "klass": "TutorLearnableMove",
          "move": "iron_tail"
        },
        {
          "klass": "TutorLearnableMove",
          "move": "signal_beam"
        },
        {
          "klass": "TutorLearnableMove",
          "move": "snore"
        },
        {
          "klass": "TutorLearnableMove",
          "move": "uproar"
        },
        {
          "klass": "TutorLearnableMove",
          "move": "magnet_rise"
        },
        {
          "klass": "TechLearnableMove",
          "move": "roar"
        },
        {
          "klass": "TechLearnableMove",
          "move": "toxic"
        },
        {
          "klass": "TechLearnableMove",
          "move": "hidden_power"
        },
        {
          "klass": "TechLearnableMove",
          "move": "light_screen"
        },
        {
          "klass": "TechLearnableMove",
          "move": "protect"
        },
        {
          "klass": "TechLearnableMove",
          "move": "rain_dance"
        },
        {
          "klass": "TechLearnableMove",
          "move": "frustration"
        },
        {
          "klass": "TechLearnableMove",
          "move": "thunderbolt"
        },
        {
          "klass": "TechLearnableMove",
          "move": "thunder"
        },
        {
          "klass": "TechLearnableMove",
          "move": "return"
        },
        {
          "klass": "TechLearnableMove",
          "move": "double_team"
        },
        {
          "klass": "TechLearnableMove",
          "move": "flamethrower"
        },
        {
          "klass": "TechLearnableMove",
          "move": "facade"
        },
        {
          "klass": "TechLearnableMove",
          "move": "rest"
        },
        {
          "klass": "TechLearnableMove",
          "move": "attract"
        },
        {
          "klass": "TechLearnableMove",
          "move": "thief"
        },
        {
          "klass": "TechLearnableMove",
          "move": "round"
        },
        {
          "klass": "TechLearnableMove",
          "move": "charge_beam"
        },
        {
          "klass": "TechLearnableMove",
          "move": "volt_switch"
        },
        {
          "klass": "TechLearnableMove",
          "move": "thunder_wave"
        },
        {
          "klass": "TechLearnableMove",
          "move": "swagger"
        },
        {
          "klass": "TechLearnableMove",
          "move": "sleep_talk"
        },
        {
          "klass": "TechLearnableMove",
          "move": "substitute"
        },
        {
          "klass": "TechLearnableMove",
          "move": "wild_charge"
        },
        {
          "klass": "TechLearnableMove",
          "move": "snarl"
        },
        {
          "klass": "TechLearnableMove",
          "move": "confide"
        },
        {
          "klass": "TechLearnableMove",
          "move": "secret_power"
        },
        {
          "klass": "TechLearnableMove",
          "move": "strength"
        },
        {
          "klass": "BreedLearnableMove",
          "move": "crunch"
        },
        {
          "klass": "BreedLearnableMove",
          "move": "curse"
        },
        {
          "klass": "BreedLearnableMove",
          "move": "discharge"
        },
        {
          "klass": "BreedLearnableMove",
          "move": "eerie_impulse"
        },
        {
          "klass": "BreedLearnableMove",
          "move": "electro_ball"
        },
        {
          "klass": "BreedLearnableMove",
          "move": "fire_fang"
        },
        {
          "klass": "BreedLearnableMove",
          "move": "flame_burst"
        },
        {
          "klass": "BreedLearnableMove",
          "move": "headbutt"
        },
        {
          "klass": "BreedLearnableMove",
          "move": "ice_fang"
        },
        {
          "klass": "BreedLearnableMove",
          "move": "shock_wave"
        },
        {
          "klass": "BreedLearnableMove",
          "move": "swift"
        },
        {
          "klass": "BreedLearnableMove",
          "move": "bestow"
        },
        {
          "klass": "BreedLearnableMove",
          "move": "thunder_fang"
        },
        {
          "klass": "BreedLearnableMove",
          "move": "uproar"
        }
      ],
      "resources": {
        "icon": "309",
        "iconShiny": "",
        "front": "309",
        "frontShiny": "309",
        "back": "309",
        "backShiny": "309",
        "footprint": "309",
        "character": "309_0",
        "characterShiny": "309s_0",
        "cry": "309cry.ogg",
        "hasFemale": false
      }
    }
  ]
}