{
  "klass": "Specie",
  "id": 125,
  "dbSymbol": "electabuzz",
  "forms": [
    {
      "form": 0,
      "height": 1.1,
      "weight": 30,
      "type1": "electric",
      "type2": "__undef__",
      "baseHp": 65,
      "baseAtk": 83,
      "baseDfe": 57,
      "baseSpd": 105,
      "baseAts": 95,
      "baseDfs": 85,
      "evHp": 0,
      "evAtk": 0,
      "evDfe": 0,
      "evSpd": 2,
      "evAts": 0,
      "evDfs": 0,
      "evolutions": [
        {
          "dbSymbol": "electivire",
          "form": 0,
          "conditions": [
            {
              "type": "trade",
              "value": true
            },
            {
              "type": "itemHold",
              "value": "electirizer"
            }
          ]
        }
      ],
      "experienceType": 1,
      "baseExperience": 172,
      "baseLoyalty": 70,
      "catchRate": 45,
      "femaleRate": 25,
      "breedGroups": [
        8,
        8
      ],
      "hatchSteps": 6400,
      "babyDbSymbol": "elekid",
      "babyForm": 0,
      "itemHeld": [
        {
          "dbSymbol": "none",
          "chance": 0
        },
        {
          "dbSymbol": "none",
          "chance": 0
        }
      ],
      "abilities": [
        "static",
        "static",
        "vital_spirit"
      ],
      "frontOffsetY": 0,
      "moveSet": [
        {
          "klass": "LevelLearnableMove",
          "move": "thunder_shock",
          "level": 1
        },
        {
          "klass": "LevelLearnableMove",
          "move": "leer",
          "level": 1
        },
        {
          "klass": "LevelLearnableMove",
          "move": "quick_attack",
          "level": 1
        },
        {
          "klass": "LevelLearnableMove",
          "move": "thunder_shock",
          "level": 5
        },
        {
          "klass": "LevelLearnableMove",
          "move": "low_kick",
          "level": 8
        },
        {
          "klass": "LevelLearnableMove",
          "move": "swift",
          "level": 12
        },
        {
          "klass": "LevelLearnableMove",
          "move": "shock_wave",
          "level": 15
        },
        {
          "klass": "LevelLearnableMove",
          "move": "thunder_wave",
          "level": 19
        },
        {
          "klass": "LevelLearnableMove",
          "move": "electro_ball",
          "level": 22
        },
        {
          "klass": "LevelLearnableMove",
          "move": "light_screen",
          "level": 26
        },
        {
          "klass": "LevelLearnableMove",
          "move": "thunder_punch",
          "level": 29
        },
        {
          "klass": "LevelLearnableMove",
          "move": "discharge",
          "level": 36
        },
        {
          "klass": "LevelLearnableMove",
          "move": "screech",
          "level": 42
        },
        {
          "klass": "LevelLearnableMove",
          "move": "thunderbolt",
          "level": 49
        },
        {
          "klass": "LevelLearnableMove",
          "move": "thunder",
          "level": 55
        },
        {
          "klass": "TutorLearnableMove",
          "move": "low_kick"
        },
        {
          "klass": "TutorLearnableMove",
          "move": "helping_hand"
        },
        {
          "klass": "TutorLearnableMove",
          "move": "dual_chop"
        },
        {
          "klass": "TutorLearnableMove",
          "move": "covet"
        },
        {
          "klass": "TutorLearnableMove",
          "move": "focus_punch"
        },
        {
          "klass": "TutorLearnableMove",
          "move": "shock_wave"
        },
        {
          "klass": "TutorLearnableMove",
          "move": "fire_punch"
        },
        {
          "klass": "TutorLearnableMove",
          "move": "ice_punch"
        },
        {
          "klass": "TutorLearnableMove",
          "move": "iron_tail"
        },
        {
          "klass": "TutorLearnableMove",
          "move": "signal_beam"
        },
        {
          "klass": "TutorLearnableMove",
          "move": "snore"
        },
        {
          "klass": "TutorLearnableMove",
          "move": "electroweb"
        },
        {
          "klass": "TutorLearnableMove",
          "move": "thunder_punch"
        },
        {
          "klass": "TutorLearnableMove",
          "move": "magnet_rise"
        },
        {
          "klass": "TechLearnableMove",
          "move": "toxic"
        },
        {
          "klass": "TechLearnableMove",
          "move": "hidden_power"
        },
        {
          "klass": "TechLearnableMove",
          "move": "hyper_beam"
        },
        {
          "klass": "TechLearnableMove",
          "move": "light_screen"
        },
        {
          "klass": "TechLearnableMove",
          "move": "protect"
        },
        {
          "klass": "TechLearnableMove",
          "move": "rain_dance"
        },
        {
          "klass": "TechLearnableMove",
          "move": "frustration"
        },
        {
          "klass": "TechLearnableMove",
          "move": "thunderbolt"
        },
        {
          "klass": "TechLearnableMove",
          "move": "thunder"
        },
        {
          "klass": "TechLearnableMove",
          "move": "return"
        },
        {
          "klass": "TechLearnableMove",
          "move": "psychic"
        },
        {
          "klass": "TechLearnableMove",
          "move": "brick_break"
        },
        {
          "klass": "TechLearnableMove",
          "move": "double_team"
        },
        {
          "klass": "TechLearnableMove",
          "move": "facade"
        },
        {
          "klass": "TechLearnableMove",
          "move": "rest"
        },
        {
          "klass": "TechLearnableMove",
          "move": "attract"
        },
        {
          "klass": "TechLearnableMove",
          "move": "thief"
        },
        {
          "klass": "TechLearnableMove",
          "move": "low_sweep"
        },
        {
          "klass": "TechLearnableMove",
          "move": "round"
        },
        {
          "klass": "TechLearnableMove",
          "move": "focus_blast"
        },
        {
          "klass": "TechLearnableMove",
          "move": "fling"
        },
        {
          "klass": "TechLearnableMove",
          "move": "charge_beam"
        },
        {
          "klass": "TechLearnableMove",
          "move": "giga_impact"
        },
        {
          "klass": "TechLearnableMove",
          "move": "volt_switch"
        },
        {
          "klass": "TechLearnableMove",
          "move": "thunder_wave"
        },
        {
          "klass": "TechLearnableMove",
          "move": "swagger"
        },
        {
          "klass": "TechLearnableMove",
          "move": "sleep_talk"
        },
        {
          "klass": "TechLearnableMove",
          "move": "substitute"
        },
        {
          "klass": "TechLearnableMove",
          "move": "wild_charge"
        },
        {
          "klass": "TechLearnableMove",
          "move": "confide"
        },
        {
          "klass": "TechLearnableMove",
          "move": "secret_power"
        },
        {
          "klass": "TechLearnableMove",
          "move": "power_up_punch"
        },
        {
          "klass": "TechLearnableMove",
          "move": "strength"
        },
        {
          "klass": "TechLearnableMove",
          "move": "rock_smash"
        },
        {
          "klass": "TechLearnableMove",
          "move": "rock_climb"
        }
      ],
      "resources": {
        "icon": "125",
        "iconShiny": "",
        "front": "125",
        "frontShiny": "125",
        "back": "125",
        "backShiny": "125",
        "footprint": "125",
        "character": "125_0",
        "characterShiny": "125s_0",
        "cry": "125cry.ogg",
        "hasFemale": false
      }
    }
  ]
}