{
  "klass": "Specie",
  "id": 239,
  "dbSymbol": "elekid",
  "forms": [
    {
      "form": 0,
      "height": 0.6,
      "weight": 23.5,
      "type1": "electric",
      "type2": "__undef__",
      "baseHp": 45,
      "baseAtk": 63,
      "baseDfe": 37,
      "baseSpd": 95,
      "baseAts": 65,
      "baseDfs": 55,
      "evHp": 0,
      "evAtk": 0,
      "evDfe": 0,
      "evSpd": 1,
      "evAts": 0,
      "evDfs": 0,
      "evolutions": [
        {
          "dbSymbol": "electabuzz",
          "form": 0,
          "conditions": [
            {
              "type": "minLevel",
              "value": 30
            }
          ]
        }
      ],
      "experienceType": 1,
      "baseExperience": 72,
      "baseLoyalty": 70,
      "catchRate": 45,
      "femaleRate": 25,
      "breedGroups": [
        15,
        15
      ],
      "hatchSteps": 6400,
      "babyDbSymbol": "__undef__",
      "babyForm": 0,
      "itemHeld": [
        {
          "dbSymbol": "electirizer",
          "chance": 5
        },
        {
          "dbSymbol": "none",
          "chance": 0
        }
      ],
      "abilities": [
        "static",
        "static",
        "vital_spirit"
      ],
      "frontOffsetY": 0,
      "moveSet": [
        {
          "klass": "LevelLearnableMove",
          "move": "leer",
          "level": 1
        },
        {
          "klass": "LevelLearnableMove",
          "move": "quick_attack",
          "level": 1
        },
        {
          "klass": "LevelLearnableMove",
          "move": "thunder_shock",
          "level": 5
        },
        {
          "klass": "LevelLearnableMove",
          "move": "low_kick",
          "level": 8
        },
        {
          "klass": "LevelLearnableMove",
          "move": "swift",
          "level": 12
        },
        {
          "klass": "LevelLearnableMove",
          "move": "shock_wave",
          "level": 15
        },
        {
          "klass": "LevelLearnableMove",
          "move": "thunder_wave",
          "level": 19
        },
        {
          "klass": "LevelLearnableMove",
          "move": "electro_ball",
          "level": 22
        },
        {
          "klass": "LevelLearnableMove",
          "move": "light_screen",
          "level": 26
        },
        {
          "klass": "LevelLearnableMove",
          "move": "thunder_punch",
          "level": 29
        },
        {
          "klass": "LevelLearnableMove",
          "move": "discharge",
          "level": 33
        },
        {
          "klass": "LevelLearnableMove",
          "move": "screech",
          "level": 36
        },
        {
          "klass": "LevelLearnableMove",
          "move": "thunderbolt",
          "level": 40
        },
        {
          "klass": "LevelLearnableMove",
          "move": "thunder",
          "level": 43
        },
        {
          "klass": "TutorLearnableMove",
          "move": "low_kick"
        },
        {
          "klass": "TutorLearnableMove",
          "move": "helping_hand"
        },
        {
          "klass": "TutorLearnableMove",
          "move": "dual_chop"
        },
        {
          "klass": "TutorLearnableMove",
          "move": "covet"
        },
        {
          "klass": "TutorLearnableMove",
          "move": "focus_punch"
        },
        {
          "klass": "TutorLearnableMove",
          "move": "shock_wave"
        },
        {
          "klass": "TutorLearnableMove",
          "move": "thunder_punch"
        },
        {
          "klass": "TutorLearnableMove",
          "move": "fire_punch"
        },
        {
          "klass": "TutorLearnableMove",
          "move": "ice_punch"
        },
        {
          "klass": "TutorLearnableMove",
          "move": "signal_beam"
        },
        {
          "klass": "TutorLearnableMove",
          "move": "snore"
        },
        {
          "klass": "TutorLearnableMove",
          "move": "electroweb"
        },
        {
          "klass": "TutorLearnableMove",
          "move": "uproar"
        },
        {
          "klass": "TutorLearnableMove",
          "move": "magnet_rise"
        },
        {
          "klass": "TechLearnableMove",
          "move": "toxic"
        },
        {
          "klass": "TechLearnableMove",
          "move": "hidden_power"
        },
        {
          "klass": "TechLearnableMove",
          "move": "light_screen"
        },
        {
          "klass": "TechLearnableMove",
          "move": "protect"
        },
        {
          "klass": "TechLearnableMove",
          "move": "rain_dance"
        },
        {
          "klass": "TechLearnableMove",
          "move": "frustration"
        },
        {
          "klass": "TechLearnableMove",
          "move": "thunderbolt"
        },
        {
          "klass": "TechLearnableMove",
          "move": "thunder"
        },
        {
          "klass": "TechLearnableMove",
          "move": "return"
        },
        {
          "klass": "TechLearnableMove",
          "move": "psychic"
        },
        {
          "klass": "TechLearnableMove",
          "move": "brick_break"
        },
        {
          "klass": "TechLearnableMove",
          "move": "double_team"
        },
        {
          "klass": "TechLearnableMove",
          "move": "facade"
        },
        {
          "klass": "TechLearnableMove",
          "move": "rest"
        },
        {
          "klass": "TechLearnableMove",
          "move": "attract"
        },
        {
          "klass": "TechLearnableMove",
          "move": "thief"
        },
        {
          "klass": "TechLearnableMove",
          "move": "round"
        },
        {
          "klass": "TechLearnableMove",
          "move": "fling"
        },
        {
          "klass": "TechLearnableMove",
          "move": "charge_beam"
        },
        {
          "klass": "TechLearnableMove",
          "move": "volt_switch"
        },
        {
          "klass": "TechLearnableMove",
          "move": "thunder_wave"
        },
        {
          "klass": "TechLearnableMove",
          "move": "swagger"
        },
        {
          "klass": "TechLearnableMove",
          "move": "sleep_talk"
        },
        {
          "klass": "TechLearnableMove",
          "move": "substitute"
        },
        {
          "klass": "TechLearnableMove",
          "move": "wild_charge"
        },
        {
          "klass": "TechLearnableMove",
          "move": "confide"
        },
        {
          "klass": "TechLearnableMove",
          "move": "secret_power"
        },
        {
          "klass": "TechLearnableMove",
          "move": "power_up_punch"
        },
        {
          "klass": "TechLearnableMove",
          "move": "rock_smash"
        },
        {
          "klass": "BreedLearnableMove",
          "move": "barrier"
        },
        {
          "klass": "BreedLearnableMove",
          "move": "cross_chop"
        },
        {
          "klass": "BreedLearnableMove",
          "move": "dynamic_punch"
        },
        {
          "klass": "BreedLearnableMove",
          "move": "feint"
        },
        {
          "klass": "BreedLearnableMove",
          "move": "fire_punch"
        },
        {
          "klass": "BreedLearnableMove",
          "move": "focus_punch"
        },
        {
          "klass": "BreedLearnableMove",
          "move": "hammer_arm"
        },
        {
          "klass": "BreedLearnableMove",
          "move": "ice_punch"
        },
        {
          "klass": "BreedLearnableMove",
          "move": "karate_chop"
        },
        {
          "klass": "BreedLearnableMove",
          "move": "meditate"
        },
        {
          "klass": "BreedLearnableMove",
          "move": "rolling_kick"
        }
      ],
      "resources": {
        "icon": "239",
        "iconShiny": "",
        "front": "239",
        "frontShiny": "239",
        "back": "239",
        "backShiny": "239",
        "footprint": "239",
        "character": "239_0",
        "characterShiny": "239s_0",
        "cry": "239cry.ogg",
        "hasFemale": false
      }
    }
  ]
}