{
  "klass": "Specie",
  "id": 587,
  "dbSymbol": "emolga",
  "forms": [
    {
      "form": 0,
      "height": 0.4,
      "weight": 5,
      "type1": "electric",
      "type2": "flying",
      "baseHp": 55,
      "baseAtk": 75,
      "baseDfe": 60,
      "baseSpd": 103,
      "baseAts": 75,
      "baseDfs": 60,
      "evHp": 0,
      "evAtk": 0,
      "evDfe": 0,
      "evSpd": 2,
      "evAts": 0,
      "evDfs": 0,
      "evolutions": [],
      "experienceType": 1,
      "baseExperience": 150,
      "baseLoyalty": 70,
      "catchRate": 200,
      "femaleRate": 50,
      "breedGroups": [
        5,
        5
      ],
      "hatchSteps": 5120,
      "babyDbSymbol": "emolga",
      "babyForm": 0,
      "itemHeld": [
        {
          "dbSymbol": "none",
          "chance": 0
        },
        {
          "dbSymbol": "none",
          "chance": 0
        }
      ],
      "abilities": [
        "static",
        "static",
        "motor_drive"
      ],
      "frontOffsetY": 0,
      "moveSet": [
        {
          "klass": "LevelLearnableMove",
          "move": "thunder_shock",
          "level": 1
        },
        {
          "klass": "LevelLearnableMove",
          "move": "quick_attack",
          "level": 4
        },
        {
          "klass": "LevelLearnableMove",
          "move": "tail_whip",
          "level": 7
        },
        {
          "klass": "LevelLearnableMove",
          "move": "charge",
          "level": 10
        },
        {
          "klass": "LevelLearnableMove",
          "move": "spark",
          "level": 13
        },
        {
          "klass": "LevelLearnableMove",
          "move": "nuzzle",
          "level": 15
        },
        {
          "klass": "LevelLearnableMove",
          "move": "pursuit",
          "level": 16
        },
        {
          "klass": "LevelLearnableMove",
          "move": "double_team",
          "level": 19
        },
        {
          "klass": "LevelLearnableMove",
          "move": "shock_wave",
          "level": 22
        },
        {
          "klass": "LevelLearnableMove",
          "move": "electro_ball",
          "level": 26
        },
        {
          "klass": "LevelLearnableMove",
          "move": "acrobatics",
          "level": 30
        },
        {
          "klass": "LevelLearnableMove",
          "move": "light_screen",
          "level": 34
        },
        {
          "klass": "LevelLearnableMove",
          "move": "encore",
          "level": 38
        },
        {
          "klass": "LevelLearnableMove",
          "move": "volt_switch",
          "level": 42
        },
        {
          "klass": "LevelLearnableMove",
          "move": "agility",
          "level": 46
        },
        {
          "klass": "LevelLearnableMove",
          "move": "discharge",
          "level": 50
        },
        {
          "klass": "TutorLearnableMove",
          "move": "defog"
        },
        {
          "klass": "TutorLearnableMove",
          "move": "helping_hand"
        },
        {
          "klass": "TutorLearnableMove",
          "move": "last_resort"
        },
        {
          "klass": "TutorLearnableMove",
          "move": "covet"
        },
        {
          "klass": "TutorLearnableMove",
          "move": "shock_wave"
        },
        {
          "klass": "TutorLearnableMove",
          "move": "iron_tail"
        },
        {
          "klass": "TutorLearnableMove",
          "move": "signal_beam"
        },
        {
          "klass": "TutorLearnableMove",
          "move": "snore"
        },
        {
          "klass": "TutorLearnableMove",
          "move": "knock_off"
        },
        {
          "klass": "TutorLearnableMove",
          "move": "electroweb"
        },
        {
          "klass": "TutorLearnableMove",
          "move": "tailwind"
        },
        {
          "klass": "TechLearnableMove",
          "move": "toxic"
        },
        {
          "klass": "TechLearnableMove",
          "move": "hidden_power"
        },
        {
          "klass": "TechLearnableMove",
          "move": "taunt"
        },
        {
          "klass": "TechLearnableMove",
          "move": "light_screen"
        },
        {
          "klass": "TechLearnableMove",
          "move": "protect"
        },
        {
          "klass": "TechLearnableMove",
          "move": "rain_dance"
        },
        {
          "klass": "TechLearnableMove",
          "move": "roost"
        },
        {
          "klass": "TechLearnableMove",
          "move": "frustration"
        },
        {
          "klass": "TechLearnableMove",
          "move": "thunderbolt"
        },
        {
          "klass": "TechLearnableMove",
          "move": "thunder"
        },
        {
          "klass": "TechLearnableMove",
          "move": "return"
        },
        {
          "klass": "TechLearnableMove",
          "move": "double_team"
        },
        {
          "klass": "TechLearnableMove",
          "move": "aerial_ace"
        },
        {
          "klass": "TechLearnableMove",
          "move": "facade"
        },
        {
          "klass": "TechLearnableMove",
          "move": "rest"
        },
        {
          "klass": "TechLearnableMove",
          "move": "attract"
        },
        {
          "klass": "TechLearnableMove",
          "move": "round"
        },
        {
          "klass": "TechLearnableMove",
          "move": "fling"
        },
        {
          "klass": "TechLearnableMove",
          "move": "charge_beam"
        },
        {
          "klass": "TechLearnableMove",
          "move": "acrobatics"
        },
        {
          "klass": "TechLearnableMove",
          "move": "volt_switch"
        },
        {
          "klass": "TechLearnableMove",
          "move": "thunder_wave"
        },
        {
          "klass": "TechLearnableMove",
          "move": "swagger"
        },
        {
          "klass": "TechLearnableMove",
          "move": "sleep_talk"
        },
        {
          "klass": "TechLearnableMove",
          "move": "u_turn"
        },
        {
          "klass": "TechLearnableMove",
          "move": "substitute"
        },
        {
          "klass": "TechLearnableMove",
          "move": "wild_charge"
        },
        {
          "klass": "TechLearnableMove",
          "move": "confide"
        },
        {
          "klass": "TechLearnableMove",
          "move": "secret_power"
        },
        {
          "klass": "TechLearnableMove",
          "move": "cut"
        },
        {
          "klass": "BreedLearnableMove",
          "move": "air_slash"
        },
        {
          "klass": "BreedLearnableMove",
          "move": "astonish"
        },
        {
          "klass": "BreedLearnableMove",
          "move": "baton_pass"
        },
        {
          "klass": "BreedLearnableMove",
          "move": "charm"
        },
        {
          "klass": "BreedLearnableMove",
          "move": "covet"
        },
        {
          "klass": "BreedLearnableMove",
          "move": "ion_deluge"
        },
        {
          "klass": "BreedLearnableMove",
          "move": "iron_tail"
        },
        {
          "klass": "BreedLearnableMove",
          "move": "roost"
        },
        {
          "klass": "BreedLearnableMove",
          "move": "shock_wave"
        },
        {
          "klass": "BreedLearnableMove",
          "move": "speed_swap"
        },
        {
          "klass": "BreedLearnableMove",
          "move": "tickle"
        }
      ],
      "resources": {
        "icon": "587",
        "iconShiny": "",
        "front": "587",
        "frontShiny": "587",
        "back": "587",
        "backShiny": "587",
        "footprint": "587",
        "character": "587_0",
        "characterShiny": "587s_0",
        "cry": "587cry.ogg",
        "hasFemale": false
      }
    }
  ]
}