{
  "klass": "Specie",
  "id": 677,
  "dbSymbol": "espurr",
  "forms": [
    {
      "form": 0,
      "height": 0.3,
      "weight": 3.5,
      "type1": "psychic",
      "type2": "__undef__",
      "baseHp": 62,
      "baseAtk": 48,
      "baseDfe": 54,
      "baseSpd": 68,
      "baseAts": 63,
      "baseDfs": 60,
      "evHp": 0,
      "evAtk": 0,
      "evDfe": 0,
      "evSpd": 1,
      "evAts": 0,
      "evDfs": 0,
      "evolutions": [
        {
          "dbSymbol": "meowstic",
          "form": 0,
          "conditions": [
            {
              "type": "minLevel",
              "value": 25
            },
            {
              "type": "gender",
              "value": 1
            }
          ]
        },
        {
          "dbSymbol": "meowstic",
          "form": 1,
          "conditions": [
            {
              "type": "minLevel",
              "value": 25
            },
            {
              "type": "gender",
              "value": 2
            }
          ]
        }
      ],
      "experienceType": 1,
      "baseExperience": 71,
      "baseLoyalty": 70,
      "catchRate": 190,
      "femaleRate": 50,
      "breedGroups": [
        5,
        5
      ],
      "hatchSteps": 5120,
      "babyDbSymbol": "espurr",
      "babyForm": 0,
      "itemHeld": [
        {
          "dbSymbol": "none",
          "chance": 0
        },
        {
          "dbSymbol": "none",
          "chance": 0
        }
      ],
      "abilities": [
        "keen_eye",
        "infiltrator",
        "own_tempo"
      ],
      "frontOffsetY": 0,
      "resources": {
        "icon": "677",
        "iconShiny": "",
        "front": "677",
        "frontShiny": "677",
        "back": "677",
        "backShiny": "677",
        "footprint": "",
        "character": "677_0",
        "characterShiny": "677s_0",
        "cry": "677cry.ogg",
        "hasFemale": false
      },
      "moveSet": [
        {
          "klass": "LevelLearnableMove",
          "move": "scratch",
          "level": 1
        },
        {
          "klass": "LevelLearnableMove",
          "move": "leer",
          "level": 1
        },
        {
          "klass": "LevelLearnableMove",
          "move": "covet",
          "level": 5
        },
        {
          "klass": "LevelLearnableMove",
          "move": "confusion",
          "level": 9
        },
        {
          "klass": "LevelLearnableMove",
          "move": "light_screen",
          "level": 13
        },
        {
          "klass": "LevelLearnableMove",
          "move": "psybeam",
          "level": 17
        },
        {
          "klass": "LevelLearnableMove",
          "move": "fake_out",
          "level": 19
        },
        {
          "klass": "LevelLearnableMove",
          "move": "disarming_voice",
          "level": 22
        },
        {
          "klass": "LevelLearnableMove",
          "move": "psyshock",
          "level": 25
        },
        {
          "klass": "TutorLearnableMove",
          "move": "helping_hand"
        },
        {
          "klass": "TutorLearnableMove",
          "move": "skill_swap"
        },
        {
          "klass": "TutorLearnableMove",
          "move": "heal_bell"
        },
        {
          "klass": "TutorLearnableMove",
          "move": "gravity"
        },
        {
          "klass": "TutorLearnableMove",
          "move": "role_play"
        },
        {
          "klass": "TutorLearnableMove",
          "move": "covet"
        },
        {
          "klass": "TutorLearnableMove",
          "move": "ally_switch"
        },
        {
          "klass": "TutorLearnableMove",
          "move": "telekinesis"
        },
        {
          "klass": "TutorLearnableMove",
          "move": "shock_wave"
        },
        {
          "klass": "TutorLearnableMove",
          "move": "iron_tail"
        },
        {
          "klass": "TutorLearnableMove",
          "move": "signal_beam"
        },
        {
          "klass": "TutorLearnableMove",
          "move": "recycle"
        },
        {
          "klass": "TutorLearnableMove",
          "move": "magic_coat"
        },
        {
          "klass": "TutorLearnableMove",
          "move": "snore"
        },
        {
          "klass": "TutorLearnableMove",
          "move": "snatch"
        },
        {
          "klass": "TutorLearnableMove",
          "move": "trick"
        },
        {
          "klass": "TutorLearnableMove",
          "move": "zen_headbutt"
        },
        {
          "klass": "TutorLearnableMove",
          "move": "wonder_room"
        },
        {
          "klass": "TutorLearnableMove",
          "move": "magic_room"
        },
        {
          "klass": "TechLearnableMove",
          "move": "work_up"
        },
        {
          "klass": "TechLearnableMove",
          "move": "psyshock"
        },
        {
          "klass": "TechLearnableMove",
          "move": "calm_mind"
        },
        {
          "klass": "TechLearnableMove",
          "move": "toxic"
        },
        {
          "klass": "TechLearnableMove",
          "move": "hidden_power"
        },
        {
          "klass": "TechLearnableMove",
          "move": "sunny_day"
        },
        {
          "klass": "TechLearnableMove",
          "move": "light_screen"
        },
        {
          "klass": "TechLearnableMove",
          "move": "protect"
        },
        {
          "klass": "TechLearnableMove",
          "move": "rain_dance"
        },
        {
          "klass": "TechLearnableMove",
          "move": "safeguard"
        },
        {
          "klass": "TechLearnableMove",
          "move": "frustration"
        },
        {
          "klass": "TechLearnableMove",
          "move": "thunderbolt"
        },
        {
          "klass": "TechLearnableMove",
          "move": "return"
        },
        {
          "klass": "TechLearnableMove",
          "move": "psychic"
        },
        {
          "klass": "TechLearnableMove",
          "move": "double_team"
        },
        {
          "klass": "TechLearnableMove",
          "move": "reflect"
        },
        {
          "klass": "TechLearnableMove",
          "move": "torment"
        },
        {
          "klass": "TechLearnableMove",
          "move": "facade"
        },
        {
          "klass": "TechLearnableMove",
          "move": "rest"
        },
        {
          "klass": "TechLearnableMove",
          "move": "attract"
        },
        {
          "klass": "TechLearnableMove",
          "move": "round"
        },
        {
          "klass": "TechLearnableMove",
          "move": "echoed_voice"
        },
        {
          "klass": "TechLearnableMove",
          "move": "energy_ball"
        },
        {
          "klass": "TechLearnableMove",
          "move": "charge_beam"
        },
        {
          "klass": "TechLearnableMove",
          "move": "payback"
        },
        {
          "klass": "TechLearnableMove",
          "move": "thunder_wave"
        },
        {
          "klass": "TechLearnableMove",
          "move": "psych_up"
        },
        {
          "klass": "TechLearnableMove",
          "move": "dream_eater"
        },
        {
          "klass": "TechLearnableMove",
          "move": "swagger"
        },
        {
          "klass": "TechLearnableMove",
          "move": "sleep_talk"
        },
        {
          "klass": "TechLearnableMove",
          "move": "substitute"
        },
        {
          "klass": "TechLearnableMove",
          "move": "trick_room"
        },
        {
          "klass": "TechLearnableMove",
          "move": "dark_pulse"
        },
        {
          "klass": "TechLearnableMove",
          "move": "confide"
        },
        {
          "klass": "TechLearnableMove",
          "move": "secret_power"
        },
        {
          "klass": "TechLearnableMove",
          "move": "cut"
        },
        {
          "klass": "BreedLearnableMove",
          "move": "assist"
        },
        {
          "klass": "BreedLearnableMove",
          "move": "barrier"
        },
        {
          "klass": "BreedLearnableMove",
          "move": "trick"
        },
        {
          "klass": "BreedLearnableMove",
          "move": "yawn"
        }
      ]
    }
  ]
}