{
  "klass": "Specie",
  "id": 102,
  "dbSymbol": "exeggcute",
  "forms": [
    {
      "form": 0,
      "height": 0.4,
      "weight": 2.5,
      "type1": "grass",
      "type2": "psychic",
      "baseHp": 60,
      "baseAtk": 40,
      "baseDfe": 80,
      "baseSpd": 40,
      "baseAts": 60,
      "baseDfs": 45,
      "evHp": 0,
      "evAtk": 0,
      "evDfe": 1,
      "evSpd": 0,
      "evAts": 0,
      "evDfs": 0,
      "evolutions": [
        {
          "dbSymbol": "exeggutor",
          "form": 0,
          "conditions": [
            {
              "type": "stone",
              "value": "leaf_stone"
            }
          ]
        }
      ],
      "experienceType": 2,
      "baseExperience": 65,
      "baseLoyalty": 70,
      "catchRate": 90,
      "femaleRate": 50,
      "breedGroups": [
        7,
        7
      ],
      "hatchSteps": 5120,
      "babyDbSymbol": "exeggcute",
      "babyForm": 0,
      "itemHeld": [
        {
          "dbSymbol": "none",
          "chance": 0
        },
        {
          "dbSymbol": "none",
          "chance": 0
        }
      ],
      "abilities": [
        "chlorophyll",
        "chlorophyll",
        "harvest"
      ],
      "frontOffsetY": 0,
      "moveSet": [
        {
          "klass": "LevelLearnableMove",
          "move": "uproar",
          "level": 1
        },
        {
          "klass": "LevelLearnableMove",
          "move": "hypnosis",
          "level": 1
        },
        {
          "klass": "LevelLearnableMove",
          "move": "barrage",
          "level": 1
        },
        {
          "klass": "LevelLearnableMove",
          "move": "reflect",
          "level": 7
        },
        {
          "klass": "LevelLearnableMove",
          "move": "leech_seed",
          "level": 11
        },
        {
          "klass": "LevelLearnableMove",
          "move": "bullet_seed",
          "level": 17
        },
        {
          "klass": "LevelLearnableMove",
          "move": "stun_spore",
          "level": 19
        },
        {
          "klass": "LevelLearnableMove",
          "move": "poison_powder",
          "level": 21
        },
        {
          "klass": "LevelLearnableMove",
          "move": "sleep_powder",
          "level": 23
        },
        {
          "klass": "LevelLearnableMove",
          "move": "confusion",
          "level": 27
        },
        {
          "klass": "LevelLearnableMove",
          "move": "worry_seed",
          "level": 33
        },
        {
          "klass": "LevelLearnableMove",
          "move": "natural_gift",
          "level": 37
        },
        {
          "klass": "LevelLearnableMove",
          "move": "solar_beam",
          "level": 43
        },
        {
          "klass": "LevelLearnableMove",
          "move": "extrasensory",
          "level": 47
        },
        {
          "klass": "LevelLearnableMove",
          "move": "bestow",
          "level": 50
        },
        {
          "klass": "TutorLearnableMove",
          "move": "block"
        },
        {
          "klass": "TutorLearnableMove",
          "move": "uproar"
        },
        {
          "klass": "TutorLearnableMove",
          "move": "seed_bomb"
        },
        {
          "klass": "TutorLearnableMove",
          "move": "skill_swap"
        },
        {
          "klass": "TutorLearnableMove",
          "move": "giga_drain"
        },
        {
          "klass": "TutorLearnableMove",
          "move": "gravity"
        },
        {
          "klass": "TutorLearnableMove",
          "move": "telekinesis"
        },
        {
          "klass": "TutorLearnableMove",
          "move": "snore"
        },
        {
          "klass": "TutorLearnableMove",
          "move": "synthesis"
        },
        {
          "klass": "TutorLearnableMove",
          "move": "worry_seed"
        },
        {
          "klass": "TechLearnableMove",
          "move": "toxic"
        },
        {
          "klass": "TechLearnableMove",
          "move": "hidden_power"
        },
        {
          "klass": "TechLearnableMove",
          "move": "sunny_day"
        },
        {
          "klass": "TechLearnableMove",
          "move": "light_screen"
        },
        {
          "klass": "TechLearnableMove",
          "move": "protect"
        },
        {
          "klass": "TechLearnableMove",
          "move": "frustration"
        },
        {
          "klass": "TechLearnableMove",
          "move": "solar_beam"
        },
        {
          "klass": "TechLearnableMove",
          "move": "return"
        },
        {
          "klass": "TechLearnableMove",
          "move": "psychic"
        },
        {
          "klass": "TechLearnableMove",
          "move": "double_team"
        },
        {
          "klass": "TechLearnableMove",
          "move": "reflect"
        },
        {
          "klass": "TechLearnableMove",
          "move": "sludge_bomb"
        },
        {
          "klass": "TechLearnableMove",
          "move": "facade"
        },
        {
          "klass": "TechLearnableMove",
          "move": "rest"
        },
        {
          "klass": "TechLearnableMove",
          "move": "attract"
        },
        {
          "klass": "TechLearnableMove",
          "move": "thief"
        },
        {
          "klass": "TechLearnableMove",
          "move": "round"
        },
        {
          "klass": "TechLearnableMove",
          "move": "energy_ball"
        },
        {
          "klass": "TechLearnableMove",
          "move": "explosion"
        },
        {
          "klass": "TechLearnableMove",
          "move": "swords_dance"
        },
        {
          "klass": "TechLearnableMove",
          "move": "psych_up"
        },
        {
          "klass": "TechLearnableMove",
          "move": "infestation"
        },
        {
          "klass": "TechLearnableMove",
          "move": "dream_eater"
        },
        {
          "klass": "TechLearnableMove",
          "move": "grass_knot"
        },
        {
          "klass": "TechLearnableMove",
          "move": "swagger"
        },
        {
          "klass": "TechLearnableMove",
          "move": "sleep_talk"
        },
        {
          "klass": "TechLearnableMove",
          "move": "substitute"
        },
        {
          "klass": "TechLearnableMove",
          "move": "trick_room"
        },
        {
          "klass": "TechLearnableMove",
          "move": "nature_power"
        },
        {
          "klass": "TechLearnableMove",
          "move": "confide"
        },
        {
          "klass": "TechLearnableMove",
          "move": "secret_power"
        },
        {
          "klass": "TechLearnableMove",
          "move": "strength"
        },
        {
          "klass": "BreedLearnableMove",
          "move": "lucky_chant"
        },
        {
          "klass": "BreedLearnableMove",
          "move": "block"
        },
        {
          "klass": "BreedLearnableMove",
          "move": "grassy_terrain"
        },
        {
          "klass": "BreedLearnableMove",
          "move": "natural_gift"
        },
        {
          "klass": "BreedLearnableMove",
          "move": "skill_swap"
        },
        {
          "klass": "BreedLearnableMove",
          "move": "nature_power"
        },
        {
          "klass": "BreedLearnableMove",
          "move": "giga_drain"
        },
        {
          "klass": "BreedLearnableMove",
          "move": "curse"
        },
        {
          "klass": "BreedLearnableMove",
          "move": "power_swap"
        },
        {
          "klass": "BreedLearnableMove",
          "move": "ancient_power"
        },
        {
          "klass": "BreedLearnableMove",
          "move": "ingrain"
        },
        {
          "klass": "BreedLearnableMove",
          "move": "moonlight"
        },
        {
          "klass": "BreedLearnableMove",
          "move": "synthesis"
        },
        {
          "klass": "BreedLearnableMove",
          "move": "leaf_storm"
        }
      ],
      "resources": {
        "icon": "102",
        "iconShiny": "",
        "front": "102",
        "frontShiny": "102",
        "back": "102",
        "backShiny": "102",
        "footprint": "102",
        "character": "102_0",
        "characterShiny": "102s_0",
        "cry": "102cry.ogg",
        "hasFemale": false
      }
    },
    {
      "form": 1,
      "height": 0.4,
      "weight": 2.5,
      "type1": "grass",
      "type2": "psychic",
      "baseHp": 60,
      "baseAtk": 40,
      "baseDfe": 80,
      "baseSpd": 40,
      "baseAts": 60,
      "baseDfs": 45,
      "evHp": 0,
      "evAtk": 0,
      "evDfe": 1,
      "evSpd": 0,
      "evAts": 0,
      "evDfs": 0,
      "evolutions": [
        {
          "dbSymbol": "exeggutor",
          "form": 1,
          "conditions": [
            {
              "type": "stone",
              "value": "leaf_stone"
            }
          ]
        }
      ],
      "experienceType": 2,
      "baseExperience": 98,
      "baseLoyalty": 70,
      "catchRate": 90,
      "femaleRate": 50,
      "breedGroups": [
        7,
        7
      ],
      "hatchSteps": 5120,
      "babyDbSymbol": "exeggcute",
      "babyForm": 1,
      "itemHeld": [
        {
          "dbSymbol": "none",
          "chance": 0
        },
        {
          "dbSymbol": "none",
          "chance": 0
        }
      ],
      "abilities": [
        "chlorophyll",
        "chlorophyll",
        "harvest"
      ],
      "frontOffsetY": 0,
      "moveSet": [
        {
          "klass": "LevelLearnableMove",
          "move": "uproar",
          "level": 1
        },
        {
          "klass": "LevelLearnableMove",
          "move": "hypnosis",
          "level": 1
        },
        {
          "klass": "LevelLearnableMove",
          "move": "barrage",
          "level": 1
        },
        {
          "klass": "LevelLearnableMove",
          "move": "reflect",
          "level": 7
        },
        {
          "klass": "LevelLearnableMove",
          "move": "leech_seed",
          "level": 11
        },
        {
          "klass": "LevelLearnableMove",
          "move": "bullet_seed",
          "level": 17
        },
        {
          "klass": "LevelLearnableMove",
          "move": "stun_spore",
          "level": 19
        },
        {
          "klass": "LevelLearnableMove",
          "move": "poison_powder",
          "level": 21
        },
        {
          "klass": "LevelLearnableMove",
          "move": "sleep_powder",
          "level": 23
        },
        {
          "klass": "LevelLearnableMove",
          "move": "confusion",
          "level": 27
        },
        {
          "klass": "LevelLearnableMove",
          "move": "worry_seed",
          "level": 33
        },
        {
          "klass": "LevelLearnableMove",
          "move": "natural_gift",
          "level": 37
        },
        {
          "klass": "LevelLearnableMove",
          "move": "solar_beam",
          "level": 43
        },
        {
          "klass": "LevelLearnableMove",
          "move": "extrasensory",
          "level": 47
        },
        {
          "klass": "LevelLearnableMove",
          "move": "bestow",
          "level": 50
        },
        {
          "klass": "TechLearnableMove",
          "move": "toxic"
        },
        {
          "klass": "TechLearnableMove",
          "move": "hidden_power"
        },
        {
          "klass": "TechLearnableMove",
          "move": "sunny_day"
        },
        {
          "klass": "TechLearnableMove",
          "move": "light_screen"
        },
        {
          "klass": "TechLearnableMove",
          "move": "protect"
        },
        {
          "klass": "TechLearnableMove",
          "move": "frustration"
        },
        {
          "klass": "TechLearnableMove",
          "move": "solar_beam"
        },
        {
          "klass": "TechLearnableMove",
          "move": "return"
        },
        {
          "klass": "TechLearnableMove",
          "move": "psychic"
        },
        {
          "klass": "TechLearnableMove",
          "move": "double_team"
        },
        {
          "klass": "TechLearnableMove",
          "move": "reflect"
        },
        {
          "klass": "TechLearnableMove",
          "move": "sludge_bomb"
        },
        {
          "klass": "TechLearnableMove",
          "move": "facade"
        },
        {
          "klass": "TechLearnableMove",
          "move": "rest"
        },
        {
          "klass": "TechLearnableMove",
          "move": "attract"
        },
        {
          "klass": "TechLearnableMove",
          "move": "thief"
        },
        {
          "klass": "TechLearnableMove",
          "move": "round"
        },
        {
          "klass": "TechLearnableMove",
          "move": "energy_ball"
        },
        {
          "klass": "TechLearnableMove",
          "move": "explosion"
        },
        {
          "klass": "TechLearnableMove",
          "move": "flash"
        },
        {
          "klass": "TechLearnableMove",
          "move": "swords_dance"
        },
        {
          "klass": "TechLearnableMove",
          "move": "psych_up"
        },
        {
          "klass": "TechLearnableMove",
          "move": "infestation"
        },
        {
          "klass": "TechLearnableMove",
          "move": "dream_eater"
        },
        {
          "klass": "TechLearnableMove",
          "move": "grass_knot"
        },
        {
          "klass": "TechLearnableMove",
          "move": "swagger"
        },
        {
          "klass": "TechLearnableMove",
          "move": "sleep_talk"
        },
        {
          "klass": "TechLearnableMove",
          "move": "substitute"
        },
        {
          "klass": "TechLearnableMove",
          "move": "trick_room"
        },
        {
          "klass": "TechLearnableMove",
          "move": "secret_power"
        },
        {
          "klass": "TechLearnableMove",
          "move": "nature_power"
        },
        {
          "klass": "TechLearnableMove",
          "move": "confide"
        },
        {
          "klass": "TechLearnableMove",
          "move": "strength"
        },
        {
          "klass": "BreedLearnableMove",
          "move": "lucky_chant"
        },
        {
          "klass": "BreedLearnableMove",
          "move": "block"
        },
        {
          "klass": "BreedLearnableMove",
          "move": "grassy_terrain"
        },
        {
          "klass": "BreedLearnableMove",
          "move": "natural_gift"
        },
        {
          "klass": "BreedLearnableMove",
          "move": "skill_swap"
        },
        {
          "klass": "BreedLearnableMove",
          "move": "nature_power"
        },
        {
          "klass": "BreedLearnableMove",
          "move": "giga_drain"
        },
        {
          "klass": "BreedLearnableMove",
          "move": "curse"
        },
        {
          "klass": "BreedLearnableMove",
          "move": "power_swap"
        },
        {
          "klass": "BreedLearnableMove",
          "move": "ancient_power"
        },
        {
          "klass": "BreedLearnableMove",
          "move": "ingrain"
        },
        {
          "klass": "BreedLearnableMove",
          "move": "moonlight"
        },
        {
          "klass": "BreedLearnableMove",
          "move": "synthesis"
        },
        {
          "klass": "BreedLearnableMove",
          "move": "leaf_storm"
        }
      ],
      "resources": {
        "icon": "102",
        "iconShiny": "",
        "front": "102",
        "frontShiny": "102",
        "back": "102",
        "backShiny": "102",
        "footprint": "102",
        "character": "",
        "characterShiny": "",
        "cry": "102cry.ogg",
        "hasFemale": false
      }
    },
    {
      "form": 2,
      "height": 0.4,
      "weight": 2.5,
      "type1": "grass",
      "type2": "psychic",
      "baseHp": 60,
      "baseAtk": 40,
      "baseDfe": 80,
      "baseSpd": 40,
      "baseAts": 60,
      "baseDfs": 45,
      "evHp": 0,
      "evAtk": 0,
      "evDfe": 1,
      "evSpd": 0,
      "evAts": 0,
      "evDfs": 0,
      "evolutions": [
        {
          "dbSymbol": "exeggutor",
          "form": 2,
          "conditions": [
            {
              "type": "stone",
              "value": "leaf_stone"
            }
          ]
        }
      ],
      "experienceType": 2,
      "baseExperience": 98,
      "baseLoyalty": 70,
      "catchRate": 90,
      "femaleRate": 50,
      "breedGroups": [
        7,
        7
      ],
      "hatchSteps": 5120,
      "babyDbSymbol": "exeggcute",
      "babyForm": 2,
      "itemHeld": [
        {
          "dbSymbol": "none",
          "chance": 0
        },
        {
          "dbSymbol": "none",
          "chance": 0
        }
      ],
      "abilities": [
        "chlorophyll",
        "chlorophyll",
        "harvest"
      ],
      "frontOffsetY": 0,
      "moveSet": [
        {
          "klass": "LevelLearnableMove",
          "move": "uproar",
          "level": 1
        },
        {
          "klass": "LevelLearnableMove",
          "move": "hypnosis",
          "level": 1
        },
        {
          "klass": "LevelLearnableMove",
          "move": "barrage",
          "level": 1
        },
        {
          "klass": "LevelLearnableMove",
          "move": "reflect",
          "level": 7
        },
        {
          "klass": "LevelLearnableMove",
          "move": "leech_seed",
          "level": 11
        },
        {
          "klass": "LevelLearnableMove",
          "move": "bullet_seed",
          "level": 17
        },
        {
          "klass": "LevelLearnableMove",
          "move": "stun_spore",
          "level": 19
        },
        {
          "klass": "LevelLearnableMove",
          "move": "poison_powder",
          "level": 21
        },
        {
          "klass": "LevelLearnableMove",
          "move": "sleep_powder",
          "level": 23
        },
        {
          "klass": "LevelLearnableMove",
          "move": "confusion",
          "level": 27
        },
        {
          "klass": "LevelLearnableMove",
          "move": "worry_seed",
          "level": 33
        },
        {
          "klass": "LevelLearnableMove",
          "move": "natural_gift",
          "level": 37
        },
        {
          "klass": "LevelLearnableMove",
          "move": "solar_beam",
          "level": 43
        },
        {
          "klass": "LevelLearnableMove",
          "move": "extrasensory",
          "level": 47
        },
        {
          "klass": "LevelLearnableMove",
          "move": "bestow",
          "level": 50
        },
        {
          "klass": "TechLearnableMove",
          "move": "toxic"
        },
        {
          "klass": "TechLearnableMove",
          "move": "hidden_power"
        },
        {
          "klass": "TechLearnableMove",
          "move": "sunny_day"
        },
        {
          "klass": "TechLearnableMove",
          "move": "light_screen"
        },
        {
          "klass": "TechLearnableMove",
          "move": "protect"
        },
        {
          "klass": "TechLearnableMove",
          "move": "frustration"
        },
        {
          "klass": "TechLearnableMove",
          "move": "solar_beam"
        },
        {
          "klass": "TechLearnableMove",
          "move": "return"
        },
        {
          "klass": "TechLearnableMove",
          "move": "psychic"
        },
        {
          "klass": "TechLearnableMove",
          "move": "double_team"
        },
        {
          "klass": "TechLearnableMove",
          "move": "reflect"
        },
        {
          "klass": "TechLearnableMove",
          "move": "sludge_bomb"
        },
        {
          "klass": "TechLearnableMove",
          "move": "facade"
        },
        {
          "klass": "TechLearnableMove",
          "move": "rest"
        },
        {
          "klass": "TechLearnableMove",
          "move": "attract"
        },
        {
          "klass": "TechLearnableMove",
          "move": "thief"
        },
        {
          "klass": "TechLearnableMove",
          "move": "round"
        },
        {
          "klass": "TechLearnableMove",
          "move": "energy_ball"
        },
        {
          "klass": "TechLearnableMove",
          "move": "explosion"
        },
        {
          "klass": "TechLearnableMove",
          "move": "flash"
        },
        {
          "klass": "TechLearnableMove",
          "move": "swords_dance"
        },
        {
          "klass": "TechLearnableMove",
          "move": "psych_up"
        },
        {
          "klass": "TechLearnableMove",
          "move": "infestation"
        },
        {
          "klass": "TechLearnableMove",
          "move": "dream_eater"
        },
        {
          "klass": "TechLearnableMove",
          "move": "grass_knot"
        },
        {
          "klass": "TechLearnableMove",
          "move": "swagger"
        },
        {
          "klass": "TechLearnableMove",
          "move": "sleep_talk"
        },
        {
          "klass": "TechLearnableMove",
          "move": "substitute"
        },
        {
          "klass": "TechLearnableMove",
          "move": "trick_room"
        },
        {
          "klass": "TechLearnableMove",
          "move": "secret_power"
        },
        {
          "klass": "TechLearnableMove",
          "move": "nature_power"
        },
        {
          "klass": "TechLearnableMove",
          "move": "confide"
        },
        {
          "klass": "TechLearnableMove",
          "move": "strength"
        },
        {
          "klass": "BreedLearnableMove",
          "move": "lucky_chant"
        },
        {
          "klass": "BreedLearnableMove",
          "move": "block"
        },
        {
          "klass": "BreedLearnableMove",
          "move": "grassy_terrain"
        },
        {
          "klass": "BreedLearnableMove",
          "move": "natural_gift"
        },
        {
          "klass": "BreedLearnableMove",
          "move": "skill_swap"
        },
        {
          "klass": "BreedLearnableMove",
          "move": "nature_power"
        },
        {
          "klass": "BreedLearnableMove",
          "move": "giga_drain"
        },
        {
          "klass": "BreedLearnableMove",
          "move": "curse"
        },
        {
          "klass": "BreedLearnableMove",
          "move": "power_swap"
        },
        {
          "klass": "BreedLearnableMove",
          "move": "ancient_power"
        },
        {
          "klass": "BreedLearnableMove",
          "move": "ingrain"
        },
        {
          "klass": "BreedLearnableMove",
          "move": "moonlight"
        },
        {
          "klass": "BreedLearnableMove",
          "move": "synthesis"
        },
        {
          "klass": "BreedLearnableMove",
          "move": "leaf_storm"
        }
      ],
      "resources": {
        "icon": "102",
        "iconShiny": "",
        "front": "102",
        "frontShiny": "102",
        "back": "102",
        "backShiny": "102",
        "footprint": "102",
        "character": "",
        "characterShiny": "",
        "cry": "102cry.ogg",
        "hasFemale": false
      }
    }
  ]
}