{
  "klass": "Specie",
  "id": 83,
  "dbSymbol": "farfetch_d",
  "forms": [
    {
      "form": 0,
      "height": 0.8,
      "weight": 15,
      "type1": "normal",
      "type2": "flying",
      "baseHp": 52,
      "baseAtk": 90,
      "baseDfe": 55,
      "baseSpd": 60,
      "baseAts": 58,
      "baseDfs": 62,
      "evHp": 0,
      "evAtk": 1,
      "evDfe": 0,
      "evSpd": 0,
      "evAts": 0,
      "evDfs": 0,
      "evolutions": [],
      "experienceType": 1,
      "baseExperience": 132,
      "baseLoyalty": 70,
      "catchRate": 45,
      "femaleRate": 50,
      "breedGroups": [
        4,
        5
      ],
      "hatchSteps": 5120,
      "babyDbSymbol": "farfetch_d",
      "babyForm": 0,
      "itemHeld": [
        {
          "dbSymbol": "leek",
          "chance": 5
        },
        {
          "dbSymbol": "none",
          "chance": 0
        }
      ],
      "abilities": [
        "inner_focus",
        "keen_eye",
        "defiant"
      ],
      "frontOffsetY": 0,
      "moveSet": [
        {
          "klass": "LevelLearnableMove",
          "move": "poison_jab",
          "level": 1
        },
        {
          "klass": "LevelLearnableMove",
          "move": "leer",
          "level": 1
        },
        {
          "klass": "LevelLearnableMove",
          "move": "sand_attack",
          "level": 1
        },
        {
          "klass": "LevelLearnableMove",
          "move": "fury_cutter",
          "level": 1
        },
        {
          "klass": "LevelLearnableMove",
          "move": "peck",
          "level": 1
        },
        {
          "klass": "LevelLearnableMove",
          "move": "brave_bird",
          "level": 1
        },
        {
          "klass": "LevelLearnableMove",
          "move": "fury_attack",
          "level": 7
        },
        {
          "klass": "LevelLearnableMove",
          "move": "aerial_ace",
          "level": 9
        },
        {
          "klass": "LevelLearnableMove",
          "move": "knock_off",
          "level": 13
        },
        {
          "klass": "LevelLearnableMove",
          "move": "slash",
          "level": 19
        },
        {
          "klass": "LevelLearnableMove",
          "move": "air_cutter",
          "level": 21
        },
        {
          "klass": "LevelLearnableMove",
          "move": "swords_dance",
          "level": 25
        },
        {
          "klass": "LevelLearnableMove",
          "move": "agility",
          "level": 31
        },
        {
          "klass": "LevelLearnableMove",
          "move": "night_slash",
          "level": 33
        },
        {
          "klass": "LevelLearnableMove",
          "move": "acrobatics",
          "level": 37
        },
        {
          "klass": "LevelLearnableMove",
          "move": "feint",
          "level": 43
        },
        {
          "klass": "LevelLearnableMove",
          "move": "false_swipe",
          "level": 45
        },
        {
          "klass": "LevelLearnableMove",
          "move": "air_slash",
          "level": 49
        },
        {
          "klass": "LevelLearnableMove",
          "move": "brave_bird",
          "level": 55
        },
        {
          "klass": "TutorLearnableMove",
          "move": "laser_focus"
        },
        {
          "klass": "TutorLearnableMove",
          "move": "defog"
        },
        {
          "klass": "TutorLearnableMove",
          "move": "heat_wave"
        },
        {
          "klass": "TutorLearnableMove",
          "move": "helping_hand"
        },
        {
          "klass": "TutorLearnableMove",
          "move": "last_resort"
        },
        {
          "klass": "TutorLearnableMove",
          "move": "throat_chop"
        },
        {
          "klass": "TutorLearnableMove",
          "move": "covet"
        },
        {
          "klass": "TutorLearnableMove",
          "move": "sky_attack"
        },
        {
          "klass": "TutorLearnableMove",
          "move": "iron_tail"
        },
        {
          "klass": "TutorLearnableMove",
          "move": "snore"
        },
        {
          "klass": "TutorLearnableMove",
          "move": "knock_off"
        },
        {
          "klass": "TutorLearnableMove",
          "move": "uproar"
        },
        {
          "klass": "TutorLearnableMove",
          "move": "tailwind"
        },
        {
          "klass": "TechLearnableMove",
          "move": "work_up"
        },
        {
          "klass": "TechLearnableMove",
          "move": "toxic"
        },
        {
          "klass": "TechLearnableMove",
          "move": "hidden_power"
        },
        {
          "klass": "TechLearnableMove",
          "move": "sunny_day"
        },
        {
          "klass": "TechLearnableMove",
          "move": "protect"
        },
        {
          "klass": "TechLearnableMove",
          "move": "roost"
        },
        {
          "klass": "TechLearnableMove",
          "move": "frustration"
        },
        {
          "klass": "TechLearnableMove",
          "move": "return"
        },
        {
          "klass": "TechLearnableMove",
          "move": "double_team"
        },
        {
          "klass": "TechLearnableMove",
          "move": "aerial_ace"
        },
        {
          "klass": "TechLearnableMove",
          "move": "facade"
        },
        {
          "klass": "TechLearnableMove",
          "move": "rest"
        },
        {
          "klass": "TechLearnableMove",
          "move": "attract"
        },
        {
          "klass": "TechLearnableMove",
          "move": "thief"
        },
        {
          "klass": "TechLearnableMove",
          "move": "round"
        },
        {
          "klass": "TechLearnableMove",
          "move": "steel_wing"
        },
        {
          "klass": "TechLearnableMove",
          "move": "false_swipe"
        },
        {
          "klass": "TechLearnableMove",
          "move": "brutal_swing"
        },
        {
          "klass": "TechLearnableMove",
          "move": "acrobatics"
        },
        {
          "klass": "TechLearnableMove",
          "move": "swords_dance"
        },
        {
          "klass": "TechLearnableMove",
          "move": "fly"
        },
        {
          "klass": "TechLearnableMove",
          "move": "psych_up"
        },
        {
          "klass": "TechLearnableMove",
          "move": "poison_jab"
        },
        {
          "klass": "TechLearnableMove",
          "move": "swagger"
        },
        {
          "klass": "TechLearnableMove",
          "move": "sleep_talk"
        },
        {
          "klass": "TechLearnableMove",
          "move": "u_turn"
        },
        {
          "klass": "TechLearnableMove",
          "move": "substitute"
        },
        {
          "klass": "TechLearnableMove",
          "move": "confide"
        },
        {
          "klass": "TechLearnableMove",
          "move": "secret_power"
        },
        {
          "klass": "TechLearnableMove",
          "move": "cut"
        },
        {
          "klass": "BreedLearnableMove",
          "move": "trump_card"
        },
        {
          "klass": "BreedLearnableMove",
          "move": "roost"
        },
        {
          "klass": "BreedLearnableMove",
          "move": "foresight"
        },
        {
          "klass": "BreedLearnableMove",
          "move": "mud_slap"
        },
        {
          "klass": "BreedLearnableMove",
          "move": "feather_dance"
        },
        {
          "klass": "BreedLearnableMove",
          "move": "flail"
        },
        {
          "klass": "BreedLearnableMove",
          "move": "covet"
        },
        {
          "klass": "BreedLearnableMove",
          "move": "leaf_blade"
        },
        {
          "klass": "BreedLearnableMove",
          "move": "curse"
        },
        {
          "klass": "BreedLearnableMove",
          "move": "mirror_move"
        },
        {
          "klass": "BreedLearnableMove",
          "move": "simple_beam"
        },
        {
          "klass": "BreedLearnableMove",
          "move": "gust"
        },
        {
          "klass": "BreedLearnableMove",
          "move": "night_slash"
        },
        {
          "klass": "BreedLearnableMove",
          "move": "revenge"
        },
        {
          "klass": "BreedLearnableMove",
          "move": "quick_attack"
        },
        {
          "klass": "BreedLearnableMove",
          "move": "final_gambit"
        },
        {
          "klass": "BreedLearnableMove",
          "move": "first_impression"
        },
        {
          "klass": "BreedLearnableMove",
          "move": "steel_wing"
        }
      ],
      "resources": {
        "icon": "083",
        "iconShiny": "",
        "front": "083",
        "frontShiny": "083",
        "back": "083",
        "backShiny": "083",
        "footprint": "083",
        "character": "083_0",
        "characterShiny": "083s_0",
        "cry": "083cry.ogg",
        "hasFemale": false
      }
    }
  ]
}