{
  "klass": "Specie",
  "id": 22,
  "dbSymbol": "fearow",
  "forms": [
    {
      "form": 0,
      "height": 1.2,
      "weight": 38,
      "type1": "normal",
      "type2": "flying",
      "baseHp": 65,
      "baseAtk": 90,
      "baseDfe": 65,
      "baseSpd": 100,
      "baseAts": 61,
      "baseDfs": 61,
      "evHp": 0,
      "evAtk": 0,
      "evDfe": 0,
      "evSpd": 2,
      "evAts": 0,
      "evDfs": 0,
      "evolutions": [],
      "experienceType": 1,
      "baseExperience": 155,
      "baseLoyalty": 70,
      "catchRate": 90,
      "femaleRate": 50,
      "breedGroups": [
        4,
        4
      ],
      "hatchSteps": 3840,
      "babyDbSymbol": "spearow",
      "babyForm": 0,
      "itemHeld": [
        {
          "dbSymbol": "sharp_beak",
          "chance": 5
        },
        {
          "dbSymbol": "none",
          "chance": 0
        }
      ],
      "abilities": [
        "keen_eye",
        "keen_eye",
        "sniper"
      ],
      "frontOffsetY": 0,
      "moveSet": [
        {
          "klass": "LevelLearnableMove",
          "move": "pluck",
          "level": 1
        },
        {
          "klass": "LevelLearnableMove",
          "move": "peck",
          "level": 1
        },
        {
          "klass": "LevelLearnableMove",
          "move": "growl",
          "level": 1
        },
        {
          "klass": "LevelLearnableMove",
          "move": "drill_run",
          "level": 1
        },
        {
          "klass": "LevelLearnableMove",
          "move": "leer",
          "level": 1
        },
        {
          "klass": "LevelLearnableMove",
          "move": "pursuit",
          "level": 1
        },
        {
          "klass": "LevelLearnableMove",
          "move": "leer",
          "level": 4
        },
        {
          "klass": "LevelLearnableMove",
          "move": "pursuit",
          "level": 8
        },
        {
          "klass": "LevelLearnableMove",
          "move": "fury_attack",
          "level": 11
        },
        {
          "klass": "LevelLearnableMove",
          "move": "aerial_ace",
          "level": 15
        },
        {
          "klass": "LevelLearnableMove",
          "move": "mirror_move",
          "level": 18
        },
        {
          "klass": "LevelLearnableMove",
          "move": "assurance",
          "level": 23
        },
        {
          "klass": "LevelLearnableMove",
          "move": "agility",
          "level": 27
        },
        {
          "klass": "LevelLearnableMove",
          "move": "focus_energy",
          "level": 32
        },
        {
          "klass": "LevelLearnableMove",
          "move": "roost",
          "level": 36
        },
        {
          "klass": "LevelLearnableMove",
          "move": "drill_peck",
          "level": 41
        },
        {
          "klass": "LevelLearnableMove",
          "move": "drill_run",
          "level": 45
        },
        {
          "klass": "TutorLearnableMove",
          "move": "laser_focus"
        },
        {
          "klass": "TutorLearnableMove",
          "move": "defog"
        },
        {
          "klass": "TutorLearnableMove",
          "move": "uproar"
        },
        {
          "klass": "TutorLearnableMove",
          "move": "heat_wave"
        },
        {
          "klass": "TutorLearnableMove",
          "move": "sky_attack"
        },
        {
          "klass": "TutorLearnableMove",
          "move": "snore"
        },
        {
          "klass": "TutorLearnableMove",
          "move": "throat_chop"
        },
        {
          "klass": "TutorLearnableMove",
          "move": "drill_run"
        },
        {
          "klass": "TutorLearnableMove",
          "move": "tailwind"
        },
        {
          "klass": "TechLearnableMove",
          "move": "work_up"
        },
        {
          "klass": "TechLearnableMove",
          "move": "toxic"
        },
        {
          "klass": "TechLearnableMove",
          "move": "hidden_power"
        },
        {
          "klass": "TechLearnableMove",
          "move": "sunny_day"
        },
        {
          "klass": "TechLearnableMove",
          "move": "hyper_beam"
        },
        {
          "klass": "TechLearnableMove",
          "move": "protect"
        },
        {
          "klass": "TechLearnableMove",
          "move": "rain_dance"
        },
        {
          "klass": "TechLearnableMove",
          "move": "roost"
        },
        {
          "klass": "TechLearnableMove",
          "move": "frustration"
        },
        {
          "klass": "TechLearnableMove",
          "move": "return"
        },
        {
          "klass": "TechLearnableMove",
          "move": "double_team"
        },
        {
          "klass": "TechLearnableMove",
          "move": "aerial_ace"
        },
        {
          "klass": "TechLearnableMove",
          "move": "facade"
        },
        {
          "klass": "TechLearnableMove",
          "move": "rest"
        },
        {
          "klass": "TechLearnableMove",
          "move": "attract"
        },
        {
          "klass": "TechLearnableMove",
          "move": "thief"
        },
        {
          "klass": "TechLearnableMove",
          "move": "round"
        },
        {
          "klass": "TechLearnableMove",
          "move": "echoed_voice"
        },
        {
          "klass": "TechLearnableMove",
          "move": "steel_wing"
        },
        {
          "klass": "TechLearnableMove",
          "move": "false_swipe"
        },
        {
          "klass": "TechLearnableMove",
          "move": "giga_impact"
        },
        {
          "klass": "TechLearnableMove",
          "move": "fly"
        },
        {
          "klass": "TechLearnableMove",
          "move": "swagger"
        },
        {
          "klass": "TechLearnableMove",
          "move": "sleep_talk"
        },
        {
          "klass": "TechLearnableMove",
          "move": "u_turn"
        },
        {
          "klass": "TechLearnableMove",
          "move": "substitute"
        },
        {
          "klass": "TechLearnableMove",
          "move": "confide"
        },
        {
          "klass": "TechLearnableMove",
          "move": "secret_power"
        }
      ],
      "resources": {
        "icon": "022",
        "iconShiny": "",
        "front": "022",
        "frontShiny": "022",
        "back": "022",
        "backShiny": "022",
        "footprint": "022",
        "character": "022_0",
        "characterShiny": "022s_0",
        "cry": "022cry.ogg",
        "hasFemale": false
      }
    }
  ]
}