{
  "klass": "Specie",
  "id": 349,
  "dbSymbol": "feebas",
  "forms": [
    {
      "form": 0,
      "height": 0.6,
      "weight": 7.4,
      "type1": "water",
      "type2": "__undef__",
      "baseHp": 20,
      "baseAtk": 15,
      "baseDfe": 20,
      "baseSpd": 80,
      "baseAts": 10,
      "baseDfs": 55,
      "evHp": 0,
      "evAtk": 0,
      "evDfe": 0,
      "evSpd": 1,
      "evAts": 0,
      "evDfs": 0,
      "evolutions": [
        {
          "dbSymbol": "milotic",
          "form": 0,
          "conditions": [
            {
              "type": "trade",
              "value": true
            },
            {
              "type": "itemHold",
              "value": "prism_scale"
            }
          ]
        }
      ],
      "experienceType": 4,
      "baseExperience": 40,
      "baseLoyalty": 70,
      "catchRate": 255,
      "femaleRate": 50,
      "breedGroups": [
        2,
        14
      ],
      "hatchSteps": 5120,
      "babyDbSymbol": "feebas",
      "babyForm": 0,
      "itemHeld": [
        {
          "dbSymbol": "none",
          "chance": 0
        },
        {
          "dbSymbol": "none",
          "chance": 0
        }
      ],
      "abilities": [
        "swift_swim",
        "oblivious",
        "adaptability"
      ],
      "frontOffsetY": 0,
      "moveSet": [
        {
          "klass": "LevelLearnableMove",
          "move": "splash",
          "level": 1
        },
        {
          "klass": "LevelLearnableMove",
          "move": "tackle",
          "level": 15
        },
        {
          "klass": "LevelLearnableMove",
          "move": "flail",
          "level": 30
        },
        {
          "klass": "TutorLearnableMove",
          "move": "dragon_pulse"
        },
        {
          "klass": "TutorLearnableMove",
          "move": "iron_tail"
        },
        {
          "klass": "TutorLearnableMove",
          "move": "snore"
        },
        {
          "klass": "TutorLearnableMove",
          "move": "water_pulse"
        },
        {
          "klass": "TutorLearnableMove",
          "move": "icy_wind"
        },
        {
          "klass": "TechLearnableMove",
          "move": "toxic"
        },
        {
          "klass": "TechLearnableMove",
          "move": "hail"
        },
        {
          "klass": "TechLearnableMove",
          "move": "hidden_power"
        },
        {
          "klass": "TechLearnableMove",
          "move": "ice_beam"
        },
        {
          "klass": "TechLearnableMove",
          "move": "blizzard"
        },
        {
          "klass": "TechLearnableMove",
          "move": "light_screen"
        },
        {
          "klass": "TechLearnableMove",
          "move": "protect"
        },
        {
          "klass": "TechLearnableMove",
          "move": "rain_dance"
        },
        {
          "klass": "TechLearnableMove",
          "move": "frustration"
        },
        {
          "klass": "TechLearnableMove",
          "move": "return"
        },
        {
          "klass": "TechLearnableMove",
          "move": "double_team"
        },
        {
          "klass": "TechLearnableMove",
          "move": "facade"
        },
        {
          "klass": "TechLearnableMove",
          "move": "rest"
        },
        {
          "klass": "TechLearnableMove",
          "move": "attract"
        },
        {
          "klass": "TechLearnableMove",
          "move": "round"
        },
        {
          "klass": "TechLearnableMove",
          "move": "scald"
        },
        {
          "klass": "TechLearnableMove",
          "move": "swagger"
        },
        {
          "klass": "TechLearnableMove",
          "move": "sleep_talk"
        },
        {
          "klass": "TechLearnableMove",
          "move": "substitute"
        },
        {
          "klass": "TechLearnableMove",
          "move": "surf"
        },
        {
          "klass": "TechLearnableMove",
          "move": "waterfall"
        },
        {
          "klass": "TechLearnableMove",
          "move": "confide"
        },
        {
          "klass": "TechLearnableMove",
          "move": "secret_power"
        },
        {
          "klass": "TechLearnableMove",
          "move": "whirlpool"
        },
        {
          "klass": "BreedLearnableMove",
          "move": "brine"
        },
        {
          "klass": "BreedLearnableMove",
          "move": "captivate"
        },
        {
          "klass": "BreedLearnableMove",
          "move": "confuse_ray"
        },
        {
          "klass": "BreedLearnableMove",
          "move": "dragon_breath"
        },
        {
          "klass": "BreedLearnableMove",
          "move": "dragon_pulse"
        },
        {
          "klass": "BreedLearnableMove",
          "move": "haze"
        },
        {
          "klass": "BreedLearnableMove",
          "move": "hypnosis"
        },
        {
          "klass": "BreedLearnableMove",
          "move": "iron_tail"
        },
        {
          "klass": "BreedLearnableMove",
          "move": "mirror_coat"
        },
        {
          "klass": "BreedLearnableMove",
          "move": "mist"
        },
        {
          "klass": "BreedLearnableMove",
          "move": "mud_sport"
        },
        {
          "klass": "BreedLearnableMove",
          "move": "tickle"
        }
      ],
      "resources": {
        "icon": "349",
        "iconShiny": "",
        "front": "349",
        "frontShiny": "349",
        "back": "349",
        "backShiny": "349",
        "footprint": "349",
        "character": "349_0",
        "characterShiny": "349s_0",
        "cry": "349cry.ogg",
        "hasFemale": false
      }
    }
  ]
}
