{
  "klass": "Specie",
  "id": 598,
  "dbSymbol": "ferrothorn",
  "forms": [
    {
      "form": 0,
      "height": 1,
      "weight": 110,
      "type1": "grass",
      "type2": "steel",
      "baseHp": 74,
      "baseAtk": 94,
      "baseDfe": 131,
      "baseSpd": 20,
      "baseAts": 54,
      "baseDfs": 116,
      "evHp": 0,
      "evAtk": 0,
      "evDfe": 2,
      "evSpd": 0,
      "evAts": 0,
      "evDfs": 0,
      "evolutions": [],
      "experienceType": 1,
      "baseExperience": 171,
      "baseLoyalty": 70,
      "catchRate": 90,
      "femaleRate": 50,
      "breedGroups": [
        7,
        10
      ],
      "hatchSteps": 5120,
      "babyDbSymbol": "ferroseed",
      "babyForm": 0,
      "itemHeld": [
        {
          "dbSymbol": "none",
          "chance": 0
        },
        {
          "dbSymbol": "none",
          "chance": 0
        }
      ],
      "abilities": [
        "iron_barbs",
        "iron_barbs",
        "anticipation"
      ],
      "frontOffsetY": 0,
      "moveSet": [
        {
          "klass": "LevelLearnableMove",
          "move": "rock_climb",
          "level": 1
        },
        {
          "klass": "LevelLearnableMove",
          "move": "tackle",
          "level": 1
        },
        {
          "klass": "LevelLearnableMove",
          "move": "harden",
          "level": 1
        },
        {
          "klass": "LevelLearnableMove",
          "move": "curse",
          "level": 1
        },
        {
          "klass": "LevelLearnableMove",
          "move": "rollout",
          "level": 1
        },
        {
          "klass": "LevelLearnableMove",
          "move": "power_whip",
          "level": 1
        },
        {
          "klass": "LevelLearnableMove",
          "move": "rollout",
          "level": 6
        },
        {
          "klass": "LevelLearnableMove",
          "move": "curse",
          "level": 9
        },
        {
          "klass": "LevelLearnableMove",
          "move": "metal_claw",
          "level": 14
        },
        {
          "klass": "LevelLearnableMove",
          "move": "pin_missile",
          "level": 18
        },
        {
          "klass": "LevelLearnableMove",
          "move": "gyro_ball",
          "level": 21
        },
        {
          "klass": "LevelLearnableMove",
          "move": "iron_defense",
          "level": 26
        },
        {
          "klass": "LevelLearnableMove",
          "move": "mirror_shot",
          "level": 30
        },
        {
          "klass": "LevelLearnableMove",
          "move": "ingrain",
          "level": 35
        },
        {
          "klass": "LevelLearnableMove",
          "move": "self_destruct",
          "level": 38
        },
        {
          "klass": "LevelLearnableMove",
          "move": "iron_head",
          "level": 46
        },
        {
          "klass": "LevelLearnableMove",
          "move": "payback",
          "level": 53
        },
        {
          "klass": "LevelLearnableMove",
          "move": "flash_cannon",
          "level": 61
        },
        {
          "klass": "LevelLearnableMove",
          "move": "explosion",
          "level": 67
        },
        {
          "klass": "TutorLearnableMove",
          "move": "seed_bomb"
        },
        {
          "klass": "TutorLearnableMove",
          "move": "endeavor"
        },
        {
          "klass": "TutorLearnableMove",
          "move": "giga_drain"
        },
        {
          "klass": "TutorLearnableMove",
          "move": "gravity"
        },
        {
          "klass": "TutorLearnableMove",
          "move": "iron_defense"
        },
        {
          "klass": "TutorLearnableMove",
          "move": "stealth_rock"
        },
        {
          "klass": "TutorLearnableMove",
          "move": "snore"
        },
        {
          "klass": "TutorLearnableMove",
          "move": "knock_off"
        },
        {
          "klass": "TutorLearnableMove",
          "move": "worry_seed"
        },
        {
          "klass": "TutorLearnableMove",
          "move": "iron_head"
        },
        {
          "klass": "TutorLearnableMove",
          "move": "block"
        },
        {
          "klass": "TutorLearnableMove",
          "move": "magnet_rise"
        },
        {
          "klass": "TechLearnableMove",
          "move": "toxic"
        },
        {
          "klass": "TechLearnableMove",
          "move": "hidden_power"
        },
        {
          "klass": "TechLearnableMove",
          "move": "sunny_day"
        },
        {
          "klass": "TechLearnableMove",
          "move": "hyper_beam"
        },
        {
          "klass": "TechLearnableMove",
          "move": "protect"
        },
        {
          "klass": "TechLearnableMove",
          "move": "frustration"
        },
        {
          "klass": "TechLearnableMove",
          "move": "solar_beam"
        },
        {
          "klass": "TechLearnableMove",
          "move": "thunderbolt"
        },
        {
          "klass": "TechLearnableMove",
          "move": "thunder"
        },
        {
          "klass": "TechLearnableMove",
          "move": "return"
        },
        {
          "klass": "TechLearnableMove",
          "move": "double_team"
        },
        {
          "klass": "TechLearnableMove",
          "move": "sandstorm"
        },
        {
          "klass": "TechLearnableMove",
          "move": "aerial_ace"
        },
        {
          "klass": "TechLearnableMove",
          "move": "facade"
        },
        {
          "klass": "TechLearnableMove",
          "move": "rest"
        },
        {
          "klass": "TechLearnableMove",
          "move": "round"
        },
        {
          "klass": "TechLearnableMove",
          "move": "energy_ball"
        },
        {
          "klass": "TechLearnableMove",
          "move": "explosion"
        },
        {
          "klass": "TechLearnableMove",
          "move": "shadow_claw"
        },
        {
          "klass": "TechLearnableMove",
          "move": "payback"
        },
        {
          "klass": "TechLearnableMove",
          "move": "giga_impact"
        },
        {
          "klass": "TechLearnableMove",
          "move": "rock_polish"
        },
        {
          "klass": "TechLearnableMove",
          "move": "thunder_wave"
        },
        {
          "klass": "TechLearnableMove",
          "move": "gyro_ball"
        },
        {
          "klass": "TechLearnableMove",
          "move": "swords_dance"
        },
        {
          "klass": "TechLearnableMove",
          "move": "bulldoze"
        },
        {
          "klass": "TechLearnableMove",
          "move": "poison_jab"
        },
        {
          "klass": "TechLearnableMove",
          "move": "grass_knot"
        },
        {
          "klass": "TechLearnableMove",
          "move": "swagger"
        },
        {
          "klass": "TechLearnableMove",
          "move": "sleep_talk"
        },
        {
          "klass": "TechLearnableMove",
          "move": "substitute"
        },
        {
          "klass": "TechLearnableMove",
          "move": "flash_cannon"
        },
        {
          "klass": "TechLearnableMove",
          "move": "nature_power"
        },
        {
          "klass": "TechLearnableMove",
          "move": "confide"
        },
        {
          "klass": "TechLearnableMove",
          "move": "secret_power"
        },
        {
          "klass": "TechLearnableMove",
          "move": "cut"
        },
        {
          "klass": "TechLearnableMove",
          "move": "strength"
        },
        {
          "klass": "TechLearnableMove",
          "move": "rock_smash"
        },
        {
          "klass": "TechLearnableMove",
          "move": "rock_climb"
        },
        {
          "klass": "EvolutionLearnableMove",
          "move": "power_whip"
        }
      ],
      "resources": {
        "icon": "598",
        "iconShiny": "",
        "front": "598",
        "frontShiny": "598",
        "back": "598",
        "backShiny": "598",
        "footprint": "598",
        "character": "598_0",
        "characterShiny": "598s_0",
        "cry": "598cry.ogg",
        "hasFemale": false
      }
    }
  ]
}