{
  "klass": "Specie",
  "id": 180,
  "dbSymbol": "flaaffy",
  "forms": [
    {
      "form": 0,
      "height": 0.8,
      "weight": 13.3,
      "type1": "electric",
      "type2": "__undef__",
      "baseHp": 70,
      "baseAtk": 55,
      "baseDfe": 55,
      "baseSpd": 45,
      "baseAts": 80,
      "baseDfs": 60,
      "evHp": 0,
      "evAtk": 0,
      "evDfe": 0,
      "evSpd": 0,
      "evAts": 2,
      "evDfs": 0,
      "evolutions": [
        {
          "dbSymbol": "ampharos",
          "form": 0,
          "conditions": [
            {
              "type": "minLevel",
              "value": 30
            }
          ]
        }
      ],
      "experienceType": 3,
      "baseExperience": 128,
      "baseLoyalty": 70,
      "catchRate": 120,
      "femaleRate": 50,
      "breedGroups": [
        1,
        5
      ],
      "hatchSteps": 5120,
      "babyDbSymbol": "mareep",
      "babyForm": 0,
      "itemHeld": [
        {
          "dbSymbol": "none",
          "chance": 0
        },
        {
          "dbSymbol": "none",
          "chance": 0
        }
      ],
      "abilities": [
        "static",
        "static",
        "plus"
      ],
      "frontOffsetY": 0,
      "moveSet": [
        {
          "klass": "LevelLearnableMove",
          "move": "tackle",
          "level": 1
        },
        {
          "klass": "LevelLearnableMove",
          "move": "growl",
          "level": 1
        },
        {
          "klass": "LevelLearnableMove",
          "move": "thunder_wave",
          "level": 1
        },
        {
          "klass": "LevelLearnableMove",
          "move": "thunder_shock",
          "level": 1
        },
        {
          "klass": "LevelLearnableMove",
          "move": "thunder_wave",
          "level": 4
        },
        {
          "klass": "LevelLearnableMove",
          "move": "thunder_shock",
          "level": 8
        },
        {
          "klass": "LevelLearnableMove",
          "move": "cotton_spore",
          "level": 11
        },
        {
          "klass": "LevelLearnableMove",
          "move": "charge",
          "level": 16
        },
        {
          "klass": "LevelLearnableMove",
          "move": "take_down",
          "level": 20
        },
        {
          "klass": "LevelLearnableMove",
          "move": "electro_ball",
          "level": 25
        },
        {
          "klass": "LevelLearnableMove",
          "move": "confuse_ray",
          "level": 29
        },
        {
          "klass": "LevelLearnableMove",
          "move": "power_gem",
          "level": 34
        },
        {
          "klass": "LevelLearnableMove",
          "move": "discharge",
          "level": 38
        },
        {
          "klass": "LevelLearnableMove",
          "move": "cotton_guard",
          "level": 43
        },
        {
          "klass": "LevelLearnableMove",
          "move": "signal_beam",
          "level": 47
        },
        {
          "klass": "LevelLearnableMove",
          "move": "light_screen",
          "level": 52
        },
        {
          "klass": "LevelLearnableMove",
          "move": "thunder",
          "level": 56
        },
        {
          "klass": "TutorLearnableMove",
          "move": "after_you"
        },
        {
          "klass": "TutorLearnableMove",
          "move": "heal_bell"
        },
        {
          "klass": "TutorLearnableMove",
          "move": "shock_wave"
        },
        {
          "klass": "TutorLearnableMove",
          "move": "thunder_punch"
        },
        {
          "klass": "TutorLearnableMove",
          "move": "fire_punch"
        },
        {
          "klass": "TutorLearnableMove",
          "move": "iron_tail"
        },
        {
          "klass": "TutorLearnableMove",
          "move": "signal_beam"
        },
        {
          "klass": "TutorLearnableMove",
          "move": "snore"
        },
        {
          "klass": "TutorLearnableMove",
          "move": "electroweb"
        },
        {
          "klass": "TutorLearnableMove",
          "move": "focus_punch"
        },
        {
          "klass": "TutorLearnableMove",
          "move": "magnet_rise"
        },
        {
          "klass": "TechLearnableMove",
          "move": "toxic"
        },
        {
          "klass": "TechLearnableMove",
          "move": "hidden_power"
        },
        {
          "klass": "TechLearnableMove",
          "move": "light_screen"
        },
        {
          "klass": "TechLearnableMove",
          "move": "protect"
        },
        {
          "klass": "TechLearnableMove",
          "move": "rain_dance"
        },
        {
          "klass": "TechLearnableMove",
          "move": "safeguard"
        },
        {
          "klass": "TechLearnableMove",
          "move": "frustration"
        },
        {
          "klass": "TechLearnableMove",
          "move": "thunderbolt"
        },
        {
          "klass": "TechLearnableMove",
          "move": "thunder"
        },
        {
          "klass": "TechLearnableMove",
          "move": "return"
        },
        {
          "klass": "TechLearnableMove",
          "move": "brick_break"
        },
        {
          "klass": "TechLearnableMove",
          "move": "double_team"
        },
        {
          "klass": "TechLearnableMove",
          "move": "facade"
        },
        {
          "klass": "TechLearnableMove",
          "move": "rest"
        },
        {
          "klass": "TechLearnableMove",
          "move": "attract"
        },
        {
          "klass": "TechLearnableMove",
          "move": "round"
        },
        {
          "klass": "TechLearnableMove",
          "move": "echoed_voice"
        },
        {
          "klass": "TechLearnableMove",
          "move": "fling"
        },
        {
          "klass": "TechLearnableMove",
          "move": "charge_beam"
        },
        {
          "klass": "TechLearnableMove",
          "move": "volt_switch"
        },
        {
          "klass": "TechLearnableMove",
          "move": "thunder_wave"
        },
        {
          "klass": "TechLearnableMove",
          "move": "swagger"
        },
        {
          "klass": "TechLearnableMove",
          "move": "sleep_talk"
        },
        {
          "klass": "TechLearnableMove",
          "move": "substitute"
        },
        {
          "klass": "TechLearnableMove",
          "move": "wild_charge"
        },
        {
          "klass": "TechLearnableMove",
          "move": "confide"
        },
        {
          "klass": "TechLearnableMove",
          "move": "secret_power"
        },
        {
          "klass": "TechLearnableMove",
          "move": "power_up_punch"
        },
        {
          "klass": "TechLearnableMove",
          "move": "strength"
        },
        {
          "klass": "TechLearnableMove",
          "move": "rock_smash"
        }
      ],
      "resources": {
        "icon": "180",
        "iconShiny": "",
        "front": "180",
        "frontShiny": "180",
        "back": "180",
        "backShiny": "180",
        "footprint": "180",
        "character": "180_0",
        "characterShiny": "180s_0",
        "cry": "180cry.ogg",
        "hasFemale": false
      }
    }
  ]
}