{
  "klass": "Specie",
  "id": 669,
  "dbSymbol": "flabebe",
  "forms": [
    {
      "form": 0,
      "height": 0.1,
      "weight": 0.1,
      "type1": "fairy",
      "type2": "__undef__",
      "baseHp": 44,
      "baseAtk": 38,
      "baseDfe": 39,
      "baseSpd": 42,
      "baseAts": 61,
      "baseDfs": 79,
      "evHp": 0,
      "evAtk": 0,
      "evDfe": 0,
      "evSpd": 0,
      "evAts": 0,
      "evDfs": 1,
      "evolutions": [
        {
          "dbSymbol": "floette",
          "form": 0,
          "conditions": [
            {
              "type": "minLevel",
              "value": 19
            }
          ]
        }
      ],
      "experienceType": 1,
      "baseExperience": 61,
      "baseLoyalty": 70,
      "catchRate": 225,
      "femaleRate": 100,
      "breedGroups": [
        6,
        6
      ],
      "hatchSteps": 5120,
      "babyDbSymbol": "flabebe",
      "babyForm": 0,
      "itemHeld": [
        {
          "dbSymbol": "none",
          "chance": 0
        },
        {
          "dbSymbol": "none",
          "chance": 0
        }
      ],
      "abilities": [
        "flower_veil",
        "flower_veil",
        "symbiosis"
      ],
      "frontOffsetY": 0,
      "moveSet": [
        {
          "klass": "LevelLearnableMove",
          "move": "tackle",
          "level": 1
        },
        {
          "klass": "LevelLearnableMove",
          "move": "vine_whip",
          "level": 1
        },
        {
          "klass": "LevelLearnableMove",
          "move": "fairy_wind",
          "level": 6
        },
        {
          "klass": "LevelLearnableMove",
          "move": "lucky_chant",
          "level": 10
        },
        {
          "klass": "LevelLearnableMove",
          "move": "razor_leaf",
          "level": 15
        },
        {
          "klass": "LevelLearnableMove",
          "move": "wish",
          "level": 20
        },
        {
          "klass": "LevelLearnableMove",
          "move": "magical_leaf",
          "level": 22
        },
        {
          "klass": "LevelLearnableMove",
          "move": "grassy_terrain",
          "level": 24
        },
        {
          "klass": "LevelLearnableMove",
          "move": "petal_blizzard",
          "level": 28
        },
        {
          "klass": "LevelLearnableMove",
          "move": "aromatherapy",
          "level": 33
        },
        {
          "klass": "LevelLearnableMove",
          "move": "misty_terrain",
          "level": 37
        },
        {
          "klass": "LevelLearnableMove",
          "move": "moonblast",
          "level": 41
        },
        {
          "klass": "LevelLearnableMove",
          "move": "petal_dance",
          "level": 45
        },
        {
          "klass": "LevelLearnableMove",
          "move": "solar_beam",
          "level": 48
        },
        {
          "klass": "TutorLearnableMove",
          "move": "after_you"
        },
        {
          "klass": "TutorLearnableMove",
          "move": "seed_bomb"
        },
        {
          "klass": "TutorLearnableMove",
          "move": "helping_hand"
        },
        {
          "klass": "TutorLearnableMove",
          "move": "endeavor"
        },
        {
          "klass": "TutorLearnableMove",
          "move": "giga_drain"
        },
        {
          "klass": "TutorLearnableMove",
          "move": "heal_bell"
        },
        {
          "klass": "TutorLearnableMove",
          "move": "covet"
        },
        {
          "klass": "TutorLearnableMove",
          "move": "ally_switch"
        },
        {
          "klass": "TutorLearnableMove",
          "move": "magic_coat"
        },
        {
          "klass": "TutorLearnableMove",
          "move": "snore"
        },
        {
          "klass": "TutorLearnableMove",
          "move": "synthesis"
        },
        {
          "klass": "TutorLearnableMove",
          "move": "worry_seed"
        },
        {
          "klass": "TechLearnableMove",
          "move": "calm_mind"
        },
        {
          "klass": "TechLearnableMove",
          "move": "toxic"
        },
        {
          "klass": "TechLearnableMove",
          "move": "hidden_power"
        },
        {
          "klass": "TechLearnableMove",
          "move": "sunny_day"
        },
        {
          "klass": "TechLearnableMove",
          "move": "protect"
        },
        {
          "klass": "TechLearnableMove",
          "move": "rain_dance"
        },
        {
          "klass": "TechLearnableMove",
          "move": "safeguard"
        },
        {
          "klass": "TechLearnableMove",
          "move": "frustration"
        },
        {
          "klass": "TechLearnableMove",
          "move": "solar_beam"
        },
        {
          "klass": "TechLearnableMove",
          "move": "return"
        },
        {
          "klass": "TechLearnableMove",
          "move": "psychic"
        },
        {
          "klass": "TechLearnableMove",
          "move": "double_team"
        },
        {
          "klass": "TechLearnableMove",
          "move": "facade"
        },
        {
          "klass": "TechLearnableMove",
          "move": "rest"
        },
        {
          "klass": "TechLearnableMove",
          "move": "attract"
        },
        {
          "klass": "TechLearnableMove",
          "move": "round"
        },
        {
          "klass": "TechLearnableMove",
          "move": "echoed_voice"
        },
        {
          "klass": "TechLearnableMove",
          "move": "energy_ball"
        },
        {
          "klass": "TechLearnableMove",
          "move": "grass_knot"
        },
        {
          "klass": "TechLearnableMove",
          "move": "swagger"
        },
        {
          "klass": "TechLearnableMove",
          "move": "sleep_talk"
        },
        {
          "klass": "TechLearnableMove",
          "move": "substitute"
        },
        {
          "klass": "TechLearnableMove",
          "move": "nature_power"
        },
        {
          "klass": "TechLearnableMove",
          "move": "dazzling_gleam"
        },
        {
          "klass": "TechLearnableMove",
          "move": "confide"
        },
        {
          "klass": "TechLearnableMove",
          "move": "secret_power"
        },
        {
          "klass": "BreedLearnableMove",
          "move": "camouflage"
        },
        {
          "klass": "BreedLearnableMove",
          "move": "captivate"
        },
        {
          "klass": "BreedLearnableMove",
          "move": "copycat"
        },
        {
          "klass": "BreedLearnableMove",
          "move": "tearful_look"
        }
      ],
      "resources": {
        "icon": "669",
        "iconF": "669",
        "iconShiny": "",
        "front": "669",
        "frontF": "669",
        "frontShiny": "669",
        "frontShinyF": "669",
        "back": "669",
        "backF": "669",
        "backShiny": "669",
        "backShinyF": "669",
        "footprint": "",
        "character": "669_0",
        "characterF": "669_0",
        "characterShiny": "669s_0",
        "characterShinyF": "669s_0",
        "cry": "669cry.ogg",
        "hasFemale": true
      }
    },
    {
      "form": 1,
      "height": 0.1,
      "weight": 0.1,
      "type1": "fairy",
      "type2": "__undef__",
      "baseHp": 44,
      "baseAtk": 38,
      "baseDfe": 39,
      "baseSpd": 42,
      "baseAts": 61,
      "baseDfs": 79,
      "evHp": 0,
      "evAtk": 0,
      "evDfe": 0,
      "evSpd": 0,
      "evAts": 0,
      "evDfs": 1,
      "evolutions": [
        {
          "dbSymbol": "floette",
          "form": 1,
          "conditions": [
            {
              "type": "minLevel",
              "value": 19
            }
          ]
        }
      ],
      "experienceType": 1,
      "baseExperience": 61,
      "baseLoyalty": 70,
      "catchRate": 225,
      "femaleRate": 100,
      "breedGroups": [
        6,
        6
      ],
      "hatchSteps": 5120,
      "babyDbSymbol": "flabebe",
      "babyForm": 1,
      "itemHeld": [
        {
          "dbSymbol": "none",
          "chance": 0
        },
        {
          "dbSymbol": "none",
          "chance": 0
        }
      ],
      "abilities": [
        "flower_veil",
        "flower_veil",
        "symbiosis"
      ],
      "frontOffsetY": 0,
      "moveSet": [
        {
          "klass": "LevelLearnableMove",
          "move": "tackle",
          "level": 1
        },
        {
          "klass": "LevelLearnableMove",
          "move": "vine_whip",
          "level": 1
        },
        {
          "klass": "LevelLearnableMove",
          "move": "fairy_wind",
          "level": 6
        },
        {
          "klass": "LevelLearnableMove",
          "move": "lucky_chant",
          "level": 10
        },
        {
          "klass": "LevelLearnableMove",
          "move": "razor_leaf",
          "level": 15
        },
        {
          "klass": "LevelLearnableMove",
          "move": "wish",
          "level": 20
        },
        {
          "klass": "LevelLearnableMove",
          "move": "magical_leaf",
          "level": 22
        },
        {
          "klass": "LevelLearnableMove",
          "move": "grassy_terrain",
          "level": 24
        },
        {
          "klass": "LevelLearnableMove",
          "move": "petal_blizzard",
          "level": 28
        },
        {
          "klass": "LevelLearnableMove",
          "move": "aromatherapy",
          "level": 33
        },
        {
          "klass": "LevelLearnableMove",
          "move": "misty_terrain",
          "level": 37
        },
        {
          "klass": "LevelLearnableMove",
          "move": "moonblast",
          "level": 41
        },
        {
          "klass": "LevelLearnableMove",
          "move": "petal_dance",
          "level": 45
        },
        {
          "klass": "LevelLearnableMove",
          "move": "solar_beam",
          "level": 48
        },
        {
          "klass": "TutorLearnableMove",
          "move": "after_you"
        },
        {
          "klass": "TutorLearnableMove",
          "move": "seed_bomb"
        },
        {
          "klass": "TutorLearnableMove",
          "move": "helping_hand"
        },
        {
          "klass": "TutorLearnableMove",
          "move": "endeavor"
        },
        {
          "klass": "TutorLearnableMove",
          "move": "giga_drain"
        },
        {
          "klass": "TutorLearnableMove",
          "move": "heal_bell"
        },
        {
          "klass": "TutorLearnableMove",
          "move": "covet"
        },
        {
          "klass": "TutorLearnableMove",
          "move": "ally_switch"
        },
        {
          "klass": "TutorLearnableMove",
          "move": "magic_coat"
        },
        {
          "klass": "TutorLearnableMove",
          "move": "snore"
        },
        {
          "klass": "TutorLearnableMove",
          "move": "synthesis"
        },
        {
          "klass": "TutorLearnableMove",
          "move": "worry_seed"
        },
        {
          "klass": "TechLearnableMove",
          "move": "calm_mind"
        },
        {
          "klass": "TechLearnableMove",
          "move": "toxic"
        },
        {
          "klass": "TechLearnableMove",
          "move": "hidden_power"
        },
        {
          "klass": "TechLearnableMove",
          "move": "sunny_day"
        },
        {
          "klass": "TechLearnableMove",
          "move": "protect"
        },
        {
          "klass": "TechLearnableMove",
          "move": "rain_dance"
        },
        {
          "klass": "TechLearnableMove",
          "move": "safeguard"
        },
        {
          "klass": "TechLearnableMove",
          "move": "frustration"
        },
        {
          "klass": "TechLearnableMove",
          "move": "solar_beam"
        },
        {
          "klass": "TechLearnableMove",
          "move": "return"
        },
        {
          "klass": "TechLearnableMove",
          "move": "psychic"
        },
        {
          "klass": "TechLearnableMove",
          "move": "double_team"
        },
        {
          "klass": "TechLearnableMove",
          "move": "facade"
        },
        {
          "klass": "TechLearnableMove",
          "move": "rest"
        },
        {
          "klass": "TechLearnableMove",
          "move": "attract"
        },
        {
          "klass": "TechLearnableMove",
          "move": "round"
        },
        {
          "klass": "TechLearnableMove",
          "move": "echoed_voice"
        },
        {
          "klass": "TechLearnableMove",
          "move": "energy_ball"
        },
        {
          "klass": "TechLearnableMove",
          "move": "grass_knot"
        },
        {
          "klass": "TechLearnableMove",
          "move": "swagger"
        },
        {
          "klass": "TechLearnableMove",
          "move": "sleep_talk"
        },
        {
          "klass": "TechLearnableMove",
          "move": "substitute"
        },
        {
          "klass": "TechLearnableMove",
          "move": "nature_power"
        },
        {
          "klass": "TechLearnableMove",
          "move": "dazzling_gleam"
        },
        {
          "klass": "TechLearnableMove",
          "move": "confide"
        },
        {
          "klass": "TechLearnableMove",
          "move": "secret_power"
        },
        {
          "klass": "BreedLearnableMove",
          "move": "camouflage"
        },
        {
          "klass": "BreedLearnableMove",
          "move": "captivate"
        },
        {
          "klass": "BreedLearnableMove",
          "move": "copycat"
        },
        {
          "klass": "BreedLearnableMove",
          "move": "tearful_look"
        }
      ],
      "resources": {
        "icon": "669_01",
        "iconF": "669_01",
        "iconShiny": "",
        "front": "669_01",
        "frontF": "669_01",
        "frontShiny": "669",
        "frontShinyF": "669",
        "back": "669",
        "backF": "669",
        "backShiny": "669",
        "backShinyF": "669",
        "footprint": "",
        "character": "669_1",
        "characterF": "669_1",
        "characterShiny": "669s_1",
        "characterShinyF": "669s_1",
        "cry": "669cry.ogg",
        "hasFemale": true
      }
    },
    {
      "form": 2,
      "height": 0.1,
      "weight": 0.1,
      "type1": "fairy",
      "type2": "__undef__",
      "baseHp": 44,
      "baseAtk": 38,
      "baseDfe": 39,
      "baseSpd": 42,
      "baseAts": 61,
      "baseDfs": 79,
      "evHp": 0,
      "evAtk": 0,
      "evDfe": 0,
      "evSpd": 0,
      "evAts": 0,
      "evDfs": 1,
      "evolutions": [
        {
          "dbSymbol": "floette",
          "form": 2,
          "conditions": [
            {
              "type": "minLevel",
              "value": 19
            }
          ]
        }
      ],
      "experienceType": 1,
      "baseExperience": 61,
      "baseLoyalty": 70,
      "catchRate": 225,
      "femaleRate": 100,
      "breedGroups": [
        6,
        6
      ],
      "hatchSteps": 5120,
      "babyDbSymbol": "flabebe",
      "babyForm": 2,
      "itemHeld": [
        {
          "dbSymbol": "none",
          "chance": 0
        },
        {
          "dbSymbol": "none",
          "chance": 0
        }
      ],
      "abilities": [
        "flower_veil",
        "flower_veil",
        "symbiosis"
      ],
      "frontOffsetY": 0,
      "moveSet": [
        {
          "klass": "LevelLearnableMove",
          "move": "tackle",
          "level": 1
        },
        {
          "klass": "LevelLearnableMove",
          "move": "vine_whip",
          "level": 1
        },
        {
          "klass": "LevelLearnableMove",
          "move": "fairy_wind",
          "level": 6
        },
        {
          "klass": "LevelLearnableMove",
          "move": "lucky_chant",
          "level": 10
        },
        {
          "klass": "LevelLearnableMove",
          "move": "razor_leaf",
          "level": 15
        },
        {
          "klass": "LevelLearnableMove",
          "move": "wish",
          "level": 20
        },
        {
          "klass": "LevelLearnableMove",
          "move": "magical_leaf",
          "level": 22
        },
        {
          "klass": "LevelLearnableMove",
          "move": "grassy_terrain",
          "level": 24
        },
        {
          "klass": "LevelLearnableMove",
          "move": "petal_blizzard",
          "level": 28
        },
        {
          "klass": "LevelLearnableMove",
          "move": "aromatherapy",
          "level": 33
        },
        {
          "klass": "LevelLearnableMove",
          "move": "misty_terrain",
          "level": 37
        },
        {
          "klass": "LevelLearnableMove",
          "move": "moonblast",
          "level": 41
        },
        {
          "klass": "LevelLearnableMove",
          "move": "petal_dance",
          "level": 45
        },
        {
          "klass": "LevelLearnableMove",
          "move": "solar_beam",
          "level": 48
        },
        {
          "klass": "TutorLearnableMove",
          "move": "after_you"
        },
        {
          "klass": "TutorLearnableMove",
          "move": "seed_bomb"
        },
        {
          "klass": "TutorLearnableMove",
          "move": "helping_hand"
        },
        {
          "klass": "TutorLearnableMove",
          "move": "endeavor"
        },
        {
          "klass": "TutorLearnableMove",
          "move": "giga_drain"
        },
        {
          "klass": "TutorLearnableMove",
          "move": "heal_bell"
        },
        {
          "klass": "TutorLearnableMove",
          "move": "covet"
        },
        {
          "klass": "TutorLearnableMove",
          "move": "ally_switch"
        },
        {
          "klass": "TutorLearnableMove",
          "move": "magic_coat"
        },
        {
          "klass": "TutorLearnableMove",
          "move": "snore"
        },
        {
          "klass": "TutorLearnableMove",
          "move": "synthesis"
        },
        {
          "klass": "TutorLearnableMove",
          "move": "worry_seed"
        },
        {
          "klass": "TechLearnableMove",
          "move": "calm_mind"
        },
        {
          "klass": "TechLearnableMove",
          "move": "toxic"
        },
        {
          "klass": "TechLearnableMove",
          "move": "hidden_power"
        },
        {
          "klass": "TechLearnableMove",
          "move": "sunny_day"
        },
        {
          "klass": "TechLearnableMove",
          "move": "protect"
        },
        {
          "klass": "TechLearnableMove",
          "move": "rain_dance"
        },
        {
          "klass": "TechLearnableMove",
          "move": "safeguard"
        },
        {
          "klass": "TechLearnableMove",
          "move": "frustration"
        },
        {
          "klass": "TechLearnableMove",
          "move": "solar_beam"
        },
        {
          "klass": "TechLearnableMove",
          "move": "return"
        },
        {
          "klass": "TechLearnableMove",
          "move": "psychic"
        },
        {
          "klass": "TechLearnableMove",
          "move": "double_team"
        },
        {
          "klass": "TechLearnableMove",
          "move": "facade"
        },
        {
          "klass": "TechLearnableMove",
          "move": "rest"
        },
        {
          "klass": "TechLearnableMove",
          "move": "attract"
        },
        {
          "klass": "TechLearnableMove",
          "move": "round"
        },
        {
          "klass": "TechLearnableMove",
          "move": "echoed_voice"
        },
        {
          "klass": "TechLearnableMove",
          "move": "energy_ball"
        },
        {
          "klass": "TechLearnableMove",
          "move": "grass_knot"
        },
        {
          "klass": "TechLearnableMove",
          "move": "swagger"
        },
        {
          "klass": "TechLearnableMove",
          "move": "sleep_talk"
        },
        {
          "klass": "TechLearnableMove",
          "move": "substitute"
        },
        {
          "klass": "TechLearnableMove",
          "move": "nature_power"
        },
        {
          "klass": "TechLearnableMove",
          "move": "dazzling_gleam"
        },
        {
          "klass": "TechLearnableMove",
          "move": "confide"
        },
        {
          "klass": "TechLearnableMove",
          "move": "secret_power"
        },
        {
          "klass": "BreedLearnableMove",
          "move": "camouflage"
        },
        {
          "klass": "BreedLearnableMove",
          "move": "captivate"
        },
        {
          "klass": "BreedLearnableMove",
          "move": "copycat"
        },
        {
          "klass": "BreedLearnableMove",
          "move": "tearful_look"
        }
      ],
      "resources": {
        "icon": "669_02",
        "iconF": "669_02",
        "iconShiny": "",
        "front": "669_02",
        "frontF": "669_02",
        "frontShiny": "669",
        "frontShinyF": "669",
        "back": "669",
        "backF": "669",
        "backShiny": "669",
        "backShinyF": "669",
        "footprint": "",
        "character": "669_2",
        "characterF": "669_2",
        "characterShiny": "669s_2",
        "characterShinyF": "669s_2",
        "cry": "669cry.ogg",
        "hasFemale": true
      }
    },
    {
      "form": 3,
      "height": 0.1,
      "weight": 0.1,
      "type1": "fairy",
      "type2": "__undef__",
      "baseHp": 44,
      "baseAtk": 38,
      "baseDfe": 39,
      "baseSpd": 42,
      "baseAts": 61,
      "baseDfs": 79,
      "evHp": 0,
      "evAtk": 0,
      "evDfe": 0,
      "evSpd": 0,
      "evAts": 0,
      "evDfs": 1,
      "evolutions": [
        {
          "dbSymbol": "floette",
          "form": 3,
          "conditions": [
            {
              "type": "minLevel",
              "value": 19
            }
          ]
        }
      ],
      "experienceType": 1,
      "baseExperience": 61,
      "baseLoyalty": 70,
      "catchRate": 225,
      "femaleRate": 100,
      "breedGroups": [
        6,
        6
      ],
      "hatchSteps": 5120,
      "babyDbSymbol": "flabebe",
      "babyForm": 3,
      "itemHeld": [
        {
          "dbSymbol": "none",
          "chance": 0
        },
        {
          "dbSymbol": "none",
          "chance": 0
        }
      ],
      "abilities": [
        "flower_veil",
        "flower_veil",
        "symbiosis"
      ],
      "frontOffsetY": 0,
      "moveSet": [
        {
          "klass": "LevelLearnableMove",
          "move": "tackle",
          "level": 1
        },
        {
          "klass": "LevelLearnableMove",
          "move": "vine_whip",
          "level": 1
        },
        {
          "klass": "LevelLearnableMove",
          "move": "fairy_wind",
          "level": 6
        },
        {
          "klass": "LevelLearnableMove",
          "move": "lucky_chant",
          "level": 10
        },
        {
          "klass": "LevelLearnableMove",
          "move": "razor_leaf",
          "level": 15
        },
        {
          "klass": "LevelLearnableMove",
          "move": "wish",
          "level": 20
        },
        {
          "klass": "LevelLearnableMove",
          "move": "magical_leaf",
          "level": 22
        },
        {
          "klass": "LevelLearnableMove",
          "move": "grassy_terrain",
          "level": 24
        },
        {
          "klass": "LevelLearnableMove",
          "move": "petal_blizzard",
          "level": 28
        },
        {
          "klass": "LevelLearnableMove",
          "move": "aromatherapy",
          "level": 33
        },
        {
          "klass": "LevelLearnableMove",
          "move": "misty_terrain",
          "level": 37
        },
        {
          "klass": "LevelLearnableMove",
          "move": "moonblast",
          "level": 41
        },
        {
          "klass": "LevelLearnableMove",
          "move": "petal_dance",
          "level": 45
        },
        {
          "klass": "LevelLearnableMove",
          "move": "solar_beam",
          "level": 48
        },
        {
          "klass": "TutorLearnableMove",
          "move": "after_you"
        },
        {
          "klass": "TutorLearnableMove",
          "move": "seed_bomb"
        },
        {
          "klass": "TutorLearnableMove",
          "move": "helping_hand"
        },
        {
          "klass": "TutorLearnableMove",
          "move": "endeavor"
        },
        {
          "klass": "TutorLearnableMove",
          "move": "giga_drain"
        },
        {
          "klass": "TutorLearnableMove",
          "move": "heal_bell"
        },
        {
          "klass": "TutorLearnableMove",
          "move": "covet"
        },
        {
          "klass": "TutorLearnableMove",
          "move": "ally_switch"
        },
        {
          "klass": "TutorLearnableMove",
          "move": "magic_coat"
        },
        {
          "klass": "TutorLearnableMove",
          "move": "snore"
        },
        {
          "klass": "TutorLearnableMove",
          "move": "synthesis"
        },
        {
          "klass": "TutorLearnableMove",
          "move": "worry_seed"
        },
        {
          "klass": "TechLearnableMove",
          "move": "calm_mind"
        },
        {
          "klass": "TechLearnableMove",
          "move": "toxic"
        },
        {
          "klass": "TechLearnableMove",
          "move": "hidden_power"
        },
        {
          "klass": "TechLearnableMove",
          "move": "sunny_day"
        },
        {
          "klass": "TechLearnableMove",
          "move": "protect"
        },
        {
          "klass": "TechLearnableMove",
          "move": "rain_dance"
        },
        {
          "klass": "TechLearnableMove",
          "move": "safeguard"
        },
        {
          "klass": "TechLearnableMove",
          "move": "frustration"
        },
        {
          "klass": "TechLearnableMove",
          "move": "solar_beam"
        },
        {
          "klass": "TechLearnableMove",
          "move": "return"
        },
        {
          "klass": "TechLearnableMove",
          "move": "psychic"
        },
        {
          "klass": "TechLearnableMove",
          "move": "double_team"
        },
        {
          "klass": "TechLearnableMove",
          "move": "facade"
        },
        {
          "klass": "TechLearnableMove",
          "move": "rest"
        },
        {
          "klass": "TechLearnableMove",
          "move": "attract"
        },
        {
          "klass": "TechLearnableMove",
          "move": "round"
        },
        {
          "klass": "TechLearnableMove",
          "move": "echoed_voice"
        },
        {
          "klass": "TechLearnableMove",
          "move": "energy_ball"
        },
        {
          "klass": "TechLearnableMove",
          "move": "grass_knot"
        },
        {
          "klass": "TechLearnableMove",
          "move": "swagger"
        },
        {
          "klass": "TechLearnableMove",
          "move": "sleep_talk"
        },
        {
          "klass": "TechLearnableMove",
          "move": "substitute"
        },
        {
          "klass": "TechLearnableMove",
          "move": "nature_power"
        },
        {
          "klass": "TechLearnableMove",
          "move": "dazzling_gleam"
        },
        {
          "klass": "TechLearnableMove",
          "move": "confide"
        },
        {
          "klass": "TechLearnableMove",
          "move": "secret_power"
        },
        {
          "klass": "BreedLearnableMove",
          "move": "camouflage"
        },
        {
          "klass": "BreedLearnableMove",
          "move": "captivate"
        },
        {
          "klass": "BreedLearnableMove",
          "move": "copycat"
        },
        {
          "klass": "BreedLearnableMove",
          "move": "tearful_look"
        }
      ],
      "resources": {
        "icon": "669_03",
        "iconF": "669_03",
        "iconShiny": "",
        "front": "669_03",
        "frontF": "669_03",
        "frontShiny": "669",
        "frontShinyF": "669",
        "back": "669",
        "backF": "669",
        "backShiny": "669",
        "backShinyF": "669",
        "footprint": "",
        "character": "669_3",
        "characterF": "669_3",
        "characterShiny": "669s_3",
        "characterShinyF": "669s_3",
        "cry": "669cry.ogg",
        "hasFemale": true
      }
    },
    {
      "form": 4,
      "height": 0.1,
      "weight": 0.1,
      "type1": "fairy",
      "type2": "__undef__",
      "baseHp": 44,
      "baseAtk": 38,
      "baseDfe": 39,
      "baseSpd": 42,
      "baseAts": 61,
      "baseDfs": 79,
      "evHp": 0,
      "evAtk": 0,
      "evDfe": 0,
      "evSpd": 0,
      "evAts": 0,
      "evDfs": 1,
      "evolutions": [
        {
          "dbSymbol": "floette",
          "form": 4,
          "conditions": [
            {
              "type": "minLevel",
              "value": 19
            }
          ]
        }
      ],
      "experienceType": 1,
      "baseExperience": 61,
      "baseLoyalty": 70,
      "catchRate": 225,
      "femaleRate": 100,
      "breedGroups": [
        6,
        6
      ],
      "hatchSteps": 5120,
      "babyDbSymbol": "flabebe",
      "babyForm": 4,
      "itemHeld": [
        {
          "dbSymbol": "none",
          "chance": 0
        },
        {
          "dbSymbol": "none",
          "chance": 0
        }
      ],
      "abilities": [
        "flower_veil",
        "flower_veil",
        "symbiosis"
      ],
      "frontOffsetY": 0,
      "moveSet": [
        {
          "klass": "LevelLearnableMove",
          "move": "tackle",
          "level": 1
        },
        {
          "klass": "LevelLearnableMove",
          "move": "vine_whip",
          "level": 1
        },
        {
          "klass": "LevelLearnableMove",
          "move": "fairy_wind",
          "level": 6
        },
        {
          "klass": "LevelLearnableMove",
          "move": "lucky_chant",
          "level": 10
        },
        {
          "klass": "LevelLearnableMove",
          "move": "razor_leaf",
          "level": 15
        },
        {
          "klass": "LevelLearnableMove",
          "move": "wish",
          "level": 20
        },
        {
          "klass": "LevelLearnableMove",
          "move": "magical_leaf",
          "level": 22
        },
        {
          "klass": "LevelLearnableMove",
          "move": "grassy_terrain",
          "level": 24
        },
        {
          "klass": "LevelLearnableMove",
          "move": "petal_blizzard",
          "level": 28
        },
        {
          "klass": "LevelLearnableMove",
          "move": "aromatherapy",
          "level": 33
        },
        {
          "klass": "LevelLearnableMove",
          "move": "misty_terrain",
          "level": 37
        },
        {
          "klass": "LevelLearnableMove",
          "move": "moonblast",
          "level": 41
        },
        {
          "klass": "LevelLearnableMove",
          "move": "petal_dance",
          "level": 45
        },
        {
          "klass": "LevelLearnableMove",
          "move": "solar_beam",
          "level": 48
        },
        {
          "klass": "TutorLearnableMove",
          "move": "after_you"
        },
        {
          "klass": "TutorLearnableMove",
          "move": "seed_bomb"
        },
        {
          "klass": "TutorLearnableMove",
          "move": "helping_hand"
        },
        {
          "klass": "TutorLearnableMove",
          "move": "endeavor"
        },
        {
          "klass": "TutorLearnableMove",
          "move": "giga_drain"
        },
        {
          "klass": "TutorLearnableMove",
          "move": "heal_bell"
        },
        {
          "klass": "TutorLearnableMove",
          "move": "covet"
        },
        {
          "klass": "TutorLearnableMove",
          "move": "ally_switch"
        },
        {
          "klass": "TutorLearnableMove",
          "move": "magic_coat"
        },
        {
          "klass": "TutorLearnableMove",
          "move": "snore"
        },
        {
          "klass": "TutorLearnableMove",
          "move": "synthesis"
        },
        {
          "klass": "TutorLearnableMove",
          "move": "worry_seed"
        },
        {
          "klass": "TechLearnableMove",
          "move": "calm_mind"
        },
        {
          "klass": "TechLearnableMove",
          "move": "toxic"
        },
        {
          "klass": "TechLearnableMove",
          "move": "hidden_power"
        },
        {
          "klass": "TechLearnableMove",
          "move": "sunny_day"
        },
        {
          "klass": "TechLearnableMove",
          "move": "protect"
        },
        {
          "klass": "TechLearnableMove",
          "move": "rain_dance"
        },
        {
          "klass": "TechLearnableMove",
          "move": "safeguard"
        },
        {
          "klass": "TechLearnableMove",
          "move": "frustration"
        },
        {
          "klass": "TechLearnableMove",
          "move": "solar_beam"
        },
        {
          "klass": "TechLearnableMove",
          "move": "return"
        },
        {
          "klass": "TechLearnableMove",
          "move": "psychic"
        },
        {
          "klass": "TechLearnableMove",
          "move": "double_team"
        },
        {
          "klass": "TechLearnableMove",
          "move": "facade"
        },
        {
          "klass": "TechLearnableMove",
          "move": "rest"
        },
        {
          "klass": "TechLearnableMove",
          "move": "attract"
        },
        {
          "klass": "TechLearnableMove",
          "move": "round"
        },
        {
          "klass": "TechLearnableMove",
          "move": "echoed_voice"
        },
        {
          "klass": "TechLearnableMove",
          "move": "energy_ball"
        },
        {
          "klass": "TechLearnableMove",
          "move": "grass_knot"
        },
        {
          "klass": "TechLearnableMove",
          "move": "swagger"
        },
        {
          "klass": "TechLearnableMove",
          "move": "sleep_talk"
        },
        {
          "klass": "TechLearnableMove",
          "move": "substitute"
        },
        {
          "klass": "TechLearnableMove",
          "move": "nature_power"
        },
        {
          "klass": "TechLearnableMove",
          "move": "dazzling_gleam"
        },
        {
          "klass": "TechLearnableMove",
          "move": "confide"
        },
        {
          "klass": "TechLearnableMove",
          "move": "secret_power"
        },
        {
          "klass": "BreedLearnableMove",
          "move": "camouflage"
        },
        {
          "klass": "BreedLearnableMove",
          "move": "captivate"
        },
        {
          "klass": "BreedLearnableMove",
          "move": "copycat"
        },
        {
          "klass": "BreedLearnableMove",
          "move": "tearful_look"
        }
      ],
      "resources": {
        "icon": "669_04",
        "iconF": "669_04",
        "iconShiny": "",
        "front": "669_04",
        "frontF": "669_04",
        "frontShiny": "669",
        "frontShinyF": "669",
        "back": "669",
        "backF": "669",
        "backShiny": "669",
        "backShinyF": "669",
        "footprint": "",
        "character": "669_4",
        "characterF": "669_4",
        "characterShiny": "669s_4",
        "characterShinyF": "669s_4",
        "cry": "669cry.ogg",
        "hasFemale": true
      }
    }
  ]
}