{
  "klass": "Specie",
  "id": 753,
  "dbSymbol": "fomantis",
  "forms": [
    {
      "form": 0,
      "height": 0.3,
      "weight": 1.5,
      "type1": "grass",
      "type2": "__undef__",
      "baseHp": 40,
      "baseAtk": 55,
      "baseDfe": 35,
      "baseSpd": 35,
      "baseAts": 50,
      "baseDfs": 35,
      "evHp": 0,
      "evAtk": 1,
      "evDfe": 0,
      "evSpd": 0,
      "evAts": 0,
      "evDfs": 0,
      "evolutions": [
        {
          "dbSymbol": "lurantis",
          "form": 0,
          "conditions": [
            {
              "type": "minLevel",
              "value": 34
            },
            {
              "type": "dayNight",
              "value": 3
            }
          ]
        }
      ],
      "experienceType": 1,
      "baseExperience": 50,
      "baseLoyalty": 70,
      "catchRate": 190,
      "femaleRate": 50,
      "breedGroups": [
        7,
        7
      ],
      "hatchSteps": 5120,
      "babyDbSymbol": "fomantis",
      "babyForm": 0,
      "itemHeld": [
        {
          "dbSymbol": "miracle_seed",
          "chance": 5
        },
        {
          "dbSymbol": "none",
          "chance": 0
        }
      ],
      "abilities": [
        "leaf_guard",
        "leaf_guard",
        "contrary"
      ],
      "frontOffsetY": 0,
      "moveSet": [
        {
          "klass": "LevelLearnableMove",
          "move": "fury_cutter",
          "level": 1
        },
        {
          "klass": "LevelLearnableMove",
          "move": "leafage",
          "level": 5
        },
        {
          "klass": "LevelLearnableMove",
          "move": "razor_leaf",
          "level": 10
        },
        {
          "klass": "LevelLearnableMove",
          "move": "growth",
          "level": 14
        },
        {
          "klass": "LevelLearnableMove",
          "move": "ingrain",
          "level": 19
        },
        {
          "klass": "LevelLearnableMove",
          "move": "leaf_blade",
          "level": 23
        },
        {
          "klass": "LevelLearnableMove",
          "move": "synthesis",
          "level": 28
        },
        {
          "klass": "LevelLearnableMove",
          "move": "slash",
          "level": 32
        },
        {
          "klass": "LevelLearnableMove",
          "move": "sweet_scent",
          "level": 37
        },
        {
          "klass": "LevelLearnableMove",
          "move": "solar_beam",
          "level": 41
        },
        {
          "klass": "LevelLearnableMove",
          "move": "sunny_day",
          "level": 46
        },
        {
          "klass": "TutorLearnableMove",
          "move": "defog"
        },
        {
          "klass": "TutorLearnableMove",
          "move": "seed_bomb"
        },
        {
          "klass": "TutorLearnableMove",
          "move": "dual_chop"
        },
        {
          "klass": "TutorLearnableMove",
          "move": "giga_drain"
        },
        {
          "klass": "TutorLearnableMove",
          "move": "bug_bite"
        },
        {
          "klass": "TutorLearnableMove",
          "move": "signal_beam"
        },
        {
          "klass": "TutorLearnableMove",
          "move": "snore"
        },
        {
          "klass": "TutorLearnableMove",
          "move": "worry_seed"
        },
        {
          "klass": "TutorLearnableMove",
          "move": "synthesis"
        },
        {
          "klass": "TechLearnableMove",
          "move": "toxic"
        },
        {
          "klass": "TechLearnableMove",
          "move": "hidden_power"
        },
        {
          "klass": "TechLearnableMove",
          "move": "sunny_day"
        },
        {
          "klass": "TechLearnableMove",
          "move": "protect"
        },
        {
          "klass": "TechLearnableMove",
          "move": "safeguard"
        },
        {
          "klass": "TechLearnableMove",
          "move": "frustration"
        },
        {
          "klass": "TechLearnableMove",
          "move": "solar_beam"
        },
        {
          "klass": "TechLearnableMove",
          "move": "return"
        },
        {
          "klass": "TechLearnableMove",
          "move": "leech_life"
        },
        {
          "klass": "TechLearnableMove",
          "move": "double_team"
        },
        {
          "klass": "TechLearnableMove",
          "move": "facade"
        },
        {
          "klass": "TechLearnableMove",
          "move": "rest"
        },
        {
          "klass": "TechLearnableMove",
          "move": "attract"
        },
        {
          "klass": "TechLearnableMove",
          "move": "round"
        },
        {
          "klass": "TechLearnableMove",
          "move": "energy_ball"
        },
        {
          "klass": "TechLearnableMove",
          "move": "false_swipe"
        },
        {
          "klass": "TechLearnableMove",
          "move": "fling"
        },
        {
          "klass": "TechLearnableMove",
          "move": "payback"
        },
        {
          "klass": "TechLearnableMove",
          "move": "swords_dance"
        },
        {
          "klass": "TechLearnableMove",
          "move": "x_scissor"
        },
        {
          "klass": "TechLearnableMove",
          "move": "poison_jab"
        },
        {
          "klass": "TechLearnableMove",
          "move": "grass_knot"
        },
        {
          "klass": "TechLearnableMove",
          "move": "swagger"
        },
        {
          "klass": "TechLearnableMove",
          "move": "sleep_talk"
        },
        {
          "klass": "TechLearnableMove",
          "move": "substitute"
        },
        {
          "klass": "TechLearnableMove",
          "move": "nature_power"
        },
        {
          "klass": "TechLearnableMove",
          "move": "confide"
        },
        {
          "klass": "TechLearnableMove",
          "move": "secret_power"
        },
        {
          "klass": "TechLearnableMove",
          "move": "cut"
        },
        {
          "klass": "BreedLearnableMove",
          "move": "aromatherapy"
        },
        {
          "klass": "BreedLearnableMove",
          "move": "defog"
        },
        {
          "klass": "BreedLearnableMove",
          "move": "giga_drain"
        },
        {
          "klass": "BreedLearnableMove",
          "move": "leaf_storm"
        },
        {
          "klass": "BreedLearnableMove",
          "move": "weather_ball"
        }
      ],
      "resources": {
        "icon": "753",
        "iconShiny": "",
        "front": "753",
        "frontShiny": "753",
        "back": "753",
        "backShiny": "753",
        "footprint": "",
        "character": "753_0",
        "characterShiny": "753s_0",
        "cry": "753cry.ogg",
        "hasFemale": false
      }
    }
  ]
}