{
  "klass": "Specie",
  "id": 656,
  "dbSymbol": "froakie",
  "forms": [
    {
      "form": 0,
      "height": 0.3,
      "weight": 7,
      "type1": "water",
      "type2": "__undef__",
      "baseHp": 41,
      "baseAtk": 56,
      "baseDfe": 40,
      "baseSpd": 71,
      "baseAts": 62,
      "baseDfs": 44,
      "evHp": 0,
      "evAtk": 0,
      "evDfe": 0,
      "evSpd": 1,
      "evAts": 0,
      "evDfs": 0,
      "evolutions": [
        {
          "dbSymbol": "frogadier",
          "form": 0,
          "conditions": [
            {
              "type": "minLevel",
              "value": 16
            }
          ]
        }
      ],
      "experienceType": 3,
      "baseExperience": 63,
      "baseLoyalty": 70,
      "catchRate": 45,
      "femaleRate": 12.5,
      "breedGroups": [
        2,
        2
      ],
      "hatchSteps": 5120,
      "babyDbSymbol": "froakie",
      "babyForm": 0,
      "itemHeld": [
        {
          "dbSymbol": "none",
          "chance": 0
        },
        {
          "dbSymbol": "none",
          "chance": 0
        }
      ],
      "abilities": [
        "torrent",
        "torrent",
        "protean"
      ],
      "frontOffsetY": 0,
      "moveSet": [
        {
          "klass": "LevelLearnableMove",
          "move": "pound",
          "level": 1
        },
        {
          "klass": "LevelLearnableMove",
          "move": "growl",
          "level": 1
        },
        {
          "klass": "LevelLearnableMove",
          "move": "bubble",
          "level": 5
        },
        {
          "klass": "LevelLearnableMove",
          "move": "quick_attack",
          "level": 8
        },
        {
          "klass": "LevelLearnableMove",
          "move": "lick",
          "level": 10
        },
        {
          "klass": "LevelLearnableMove",
          "move": "water_pulse",
          "level": 14
        },
        {
          "klass": "LevelLearnableMove",
          "move": "smokescreen",
          "level": 18
        },
        {
          "klass": "LevelLearnableMove",
          "move": "round",
          "level": 21
        },
        {
          "klass": "LevelLearnableMove",
          "move": "fling",
          "level": 25
        },
        {
          "klass": "LevelLearnableMove",
          "move": "smack_down",
          "level": 29
        },
        {
          "klass": "LevelLearnableMove",
          "move": "substitute",
          "level": 35
        },
        {
          "klass": "LevelLearnableMove",
          "move": "bounce",
          "level": 39
        },
        {
          "klass": "LevelLearnableMove",
          "move": "double_team",
          "level": 43
        },
        {
          "klass": "LevelLearnableMove",
          "move": "hydro_pump",
          "level": 48
        },
        {
          "klass": "TutorLearnableMove",
          "move": "water_pledge"
        },
        {
          "klass": "TutorLearnableMove",
          "move": "spite"
        },
        {
          "klass": "TutorLearnableMove",
          "move": "role_play"
        },
        {
          "klass": "TutorLearnableMove",
          "move": "bounce"
        },
        {
          "klass": "TutorLearnableMove",
          "move": "snore"
        },
        {
          "klass": "TutorLearnableMove",
          "move": "snatch"
        },
        {
          "klass": "TutorLearnableMove",
          "move": "water_pulse"
        },
        {
          "klass": "TutorLearnableMove",
          "move": "icy_wind"
        },
        {
          "klass": "TechLearnableMove",
          "move": "work_up"
        },
        {
          "klass": "TechLearnableMove",
          "move": "toxic"
        },
        {
          "klass": "TechLearnableMove",
          "move": "hidden_power"
        },
        {
          "klass": "TechLearnableMove",
          "move": "taunt"
        },
        {
          "klass": "TechLearnableMove",
          "move": "ice_beam"
        },
        {
          "klass": "TechLearnableMove",
          "move": "blizzard"
        },
        {
          "klass": "TechLearnableMove",
          "move": "protect"
        },
        {
          "klass": "TechLearnableMove",
          "move": "rain_dance"
        },
        {
          "klass": "TechLearnableMove",
          "move": "frustration"
        },
        {
          "klass": "TechLearnableMove",
          "move": "smack_down"
        },
        {
          "klass": "TechLearnableMove",
          "move": "return"
        },
        {
          "klass": "TechLearnableMove",
          "move": "double_team"
        },
        {
          "klass": "TechLearnableMove",
          "move": "rock_tomb"
        },
        {
          "klass": "TechLearnableMove",
          "move": "aerial_ace"
        },
        {
          "klass": "TechLearnableMove",
          "move": "facade"
        },
        {
          "klass": "TechLearnableMove",
          "move": "rest"
        },
        {
          "klass": "TechLearnableMove",
          "move": "attract"
        },
        {
          "klass": "TechLearnableMove",
          "move": "thief"
        },
        {
          "klass": "TechLearnableMove",
          "move": "round"
        },
        {
          "klass": "TechLearnableMove",
          "move": "echoed_voice"
        },
        {
          "klass": "TechLearnableMove",
          "move": "scald"
        },
        {
          "klass": "TechLearnableMove",
          "move": "fling"
        },
        {
          "klass": "TechLearnableMove",
          "move": "acrobatics"
        },
        {
          "klass": "TechLearnableMove",
          "move": "rock_slide"
        },
        {
          "klass": "TechLearnableMove",
          "move": "grass_knot"
        },
        {
          "klass": "TechLearnableMove",
          "move": "swagger"
        },
        {
          "klass": "TechLearnableMove",
          "move": "sleep_talk"
        },
        {
          "klass": "TechLearnableMove",
          "move": "u_turn"
        },
        {
          "klass": "TechLearnableMove",
          "move": "substitute"
        },
        {
          "klass": "TechLearnableMove",
          "move": "surf"
        },
        {
          "klass": "TechLearnableMove",
          "move": "waterfall"
        },
        {
          "klass": "TechLearnableMove",
          "move": "confide"
        },
        {
          "klass": "TechLearnableMove",
          "move": "secret_power"
        },
        {
          "klass": "TechLearnableMove",
          "move": "power_up_punch"
        },
        {
          "klass": "TechLearnableMove",
          "move": "cut"
        },
        {
          "klass": "TechLearnableMove",
          "move": "strength"
        },
        {
          "klass": "TechLearnableMove",
          "move": "rock_smash"
        },
        {
          "klass": "TechLearnableMove",
          "move": "whirlpool"
        },
        {
          "klass": "BreedLearnableMove",
          "move": "bestow"
        },
        {
          "klass": "BreedLearnableMove",
          "move": "camouflage"
        },
        {
          "klass": "BreedLearnableMove",
          "move": "mind_reader"
        },
        {
          "klass": "BreedLearnableMove",
          "move": "mud_sport"
        },
        {
          "klass": "BreedLearnableMove",
          "move": "power_up_punch"
        },
        {
          "klass": "BreedLearnableMove",
          "move": "toxic_spikes"
        },
        {
          "klass": "BreedLearnableMove",
          "move": "water_sport"
        }
      ],
      "resources": {
        "icon": "656",
        "iconShiny": "",
        "front": "656",
        "frontShiny": "656",
        "back": "656",
        "backShiny": "656",
        "footprint": "",
        "character": "656_0",
        "characterShiny": "656s_0",
        "cry": "656cry.ogg",
        "hasFemale": false
      }
    }
  ]
}
