{
  "klass": "Specie",
  "id": 657,
  "dbSymbol": "frogadier",
  "forms": [
    {
      "form": 0,
      "height": 0.6,
      "weight": 10.9,
      "type1": "water",
      "type2": "__undef__",
      "baseHp": 54,
      "baseAtk": 63,
      "baseDfe": 52,
      "baseSpd": 97,
      "baseAts": 83,
      "baseDfs": 56,
      "evHp": 0,
      "evAtk": 0,
      "evDfe": 0,
      "evSpd": 2,
      "evAts": 0,
      "evDfs": 0,
      "evolutions": [
        {
          "dbSymbol": "greninja",
          "form": 0,
          "conditions": [
            {
              "type": "minLevel",
              "value": 36
            }
          ]
        }
      ],
      "experienceType": 3,
      "baseExperience": 142,
      "baseLoyalty": 70,
      "catchRate": 45,
      "femaleRate": 12.5,
      "breedGroups": [
        2,
        2
      ],
      "hatchSteps": 5120,
      "babyDbSymbol": "froakie",
      "babyForm": 0,
      "itemHeld": [
        {
          "dbSymbol": "none",
          "chance": 0
        },
        {
          "dbSymbol": "none",
          "chance": 0
        }
      ],
      "abilities": [
        "torrent",
        "torrent",
        "protean"
      ],
      "frontOffsetY": 0,
      "moveSet": [
        {
          "klass": "LevelLearnableMove",
          "move": "pound",
          "level": 1
        },
        {
          "klass": "LevelLearnableMove",
          "move": "growl",
          "level": 1
        },
        {
          "klass": "LevelLearnableMove",
          "move": "bubble",
          "level": 1
        },
        {
          "klass": "LevelLearnableMove",
          "move": "bubble",
          "level": 5
        },
        {
          "klass": "LevelLearnableMove",
          "move": "quick_attack",
          "level": 8
        },
        {
          "klass": "LevelLearnableMove",
          "move": "lick",
          "level": 10
        },
        {
          "klass": "LevelLearnableMove",
          "move": "water_pulse",
          "level": 14
        },
        {
          "klass": "LevelLearnableMove",
          "move": "smokescreen",
          "level": 19
        },
        {
          "klass": "LevelLearnableMove",
          "move": "round",
          "level": 23
        },
        {
          "klass": "LevelLearnableMove",
          "move": "fling",
          "level": 28
        },
        {
          "klass": "LevelLearnableMove",
          "move": "smack_down",
          "level": 33
        },
        {
          "klass": "LevelLearnableMove",
          "move": "substitute",
          "level": 40
        },
        {
          "klass": "LevelLearnableMove",
          "move": "bounce",
          "level": 45
        },
        {
          "klass": "LevelLearnableMove",
          "move": "double_team",
          "level": 50
        },
        {
          "klass": "LevelLearnableMove",
          "move": "hydro_pump",
          "level": 56
        },
        {
          "klass": "TutorLearnableMove",
          "move": "water_pledge"
        },
        {
          "klass": "TutorLearnableMove",
          "move": "spite"
        },
        {
          "klass": "TutorLearnableMove",
          "move": "gunk_shot"
        },
        {
          "klass": "TutorLearnableMove",
          "move": "role_play"
        },
        {
          "klass": "TutorLearnableMove",
          "move": "ice_punch"
        },
        {
          "klass": "TutorLearnableMove",
          "move": "bounce"
        },
        {
          "klass": "TutorLearnableMove",
          "move": "snore"
        },
        {
          "klass": "TutorLearnableMove",
          "move": "snatch"
        },
        {
          "klass": "TutorLearnableMove",
          "move": "low_kick"
        },
        {
          "klass": "TutorLearnableMove",
          "move": "icy_wind"
        },
        {
          "klass": "TutorLearnableMove",
          "move": "water_pulse"
        },
        {
          "klass": "TechLearnableMove",
          "move": "work_up"
        },
        {
          "klass": "TechLearnableMove",
          "move": "toxic"
        },
        {
          "klass": "TechLearnableMove",
          "move": "hidden_power"
        },
        {
          "klass": "TechLearnableMove",
          "move": "taunt"
        },
        {
          "klass": "TechLearnableMove",
          "move": "ice_beam"
        },
        {
          "klass": "TechLearnableMove",
          "move": "blizzard"
        },
        {
          "klass": "TechLearnableMove",
          "move": "protect"
        },
        {
          "klass": "TechLearnableMove",
          "move": "rain_dance"
        },
        {
          "klass": "TechLearnableMove",
          "move": "frustration"
        },
        {
          "klass": "TechLearnableMove",
          "move": "smack_down"
        },
        {
          "klass": "TechLearnableMove",
          "move": "return"
        },
        {
          "klass": "TechLearnableMove",
          "move": "double_team"
        },
        {
          "klass": "TechLearnableMove",
          "move": "rock_tomb"
        },
        {
          "klass": "TechLearnableMove",
          "move": "aerial_ace"
        },
        {
          "klass": "TechLearnableMove",
          "move": "facade"
        },
        {
          "klass": "TechLearnableMove",
          "move": "rest"
        },
        {
          "klass": "TechLearnableMove",
          "move": "attract"
        },
        {
          "klass": "TechLearnableMove",
          "move": "thief"
        },
        {
          "klass": "TechLearnableMove",
          "move": "round"
        },
        {
          "klass": "TechLearnableMove",
          "move": "echoed_voice"
        },
        {
          "klass": "TechLearnableMove",
          "move": "scald"
        },
        {
          "klass": "TechLearnableMove",
          "move": "fling"
        },
        {
          "klass": "TechLearnableMove",
          "move": "acrobatics"
        },
        {
          "klass": "TechLearnableMove",
          "move": "rock_slide"
        },
        {
          "klass": "TechLearnableMove",
          "move": "grass_knot"
        },
        {
          "klass": "TechLearnableMove",
          "move": "swagger"
        },
        {
          "klass": "TechLearnableMove",
          "move": "sleep_talk"
        },
        {
          "klass": "TechLearnableMove",
          "move": "u_turn"
        },
        {
          "klass": "TechLearnableMove",
          "move": "substitute"
        },
        {
          "klass": "TechLearnableMove",
          "move": "surf"
        },
        {
          "klass": "TechLearnableMove",
          "move": "dark_pulse"
        },
        {
          "klass": "TechLearnableMove",
          "move": "waterfall"
        },
        {
          "klass": "TechLearnableMove",
          "move": "confide"
        },
        {
          "klass": "TechLearnableMove",
          "move": "secret_power"
        },
        {
          "klass": "TechLearnableMove",
          "move": "power_up_punch"
        },
        {
          "klass": "TechLearnableMove",
          "move": "cut"
        },
        {
          "klass": "TechLearnableMove",
          "move": "strength"
        },
        {
          "klass": "TechLearnableMove",
          "move": "rock_smash"
        },
        {
          "klass": "TechLearnableMove",
          "move": "whirlpool"
        }
      ],
      "resources": {
        "icon": "657",
        "iconShiny": "",
        "front": "657",
        "frontShiny": "657",
        "back": "657",
        "backShiny": "657",
        "footprint": "",
        "character": "657_0",
        "characterShiny": "657s_0",
        "cry": "657cry.ogg",
        "hasFemale": false
      }
    }
  ]
}
