{
  "klass": "Specie",
  "id": 596,
  "dbSymbol": "galvantula",
  "forms": [
    {
      "form": 0,
      "height": 0.8,
      "weight": 14.3,
      "type1": "bug",
      "type2": "electric",
      "baseHp": 70,
      "baseAtk": 77,
      "baseDfe": 60,
      "baseSpd": 108,
      "baseAts": 97,
      "baseDfs": 60,
      "evHp": 0,
      "evAtk": 0,
      "evDfe": 0,
      "evSpd": 2,
      "evAts": 0,
      "evDfs": 0,
      "evolutions": [],
      "experienceType": 1,
      "baseExperience": 165,
      "baseLoyalty": 70,
      "catchRate": 75,
      "femaleRate": 50,
      "breedGroups": [
        3,
        3
      ],
      "hatchSteps": 5120,
      "babyDbSymbol": "joltik",
      "babyForm": 0,
      "itemHeld": [
        {
          "dbSymbol": "none",
          "chance": 0
        },
        {
          "dbSymbol": "none",
          "chance": 0
        }
      ],
      "abilities": [
        "compound_eyes",
        "unnerve",
        "swarm"
      ],
      "frontOffsetY": 0,
      "moveSet": [
        {
          "klass": "LevelLearnableMove",
          "move": "string_shot",
          "level": 1
        },
        {
          "klass": "LevelLearnableMove",
          "move": "spider_web",
          "level": 1
        },
        {
          "klass": "LevelLearnableMove",
          "move": "absorb",
          "level": 1
        },
        {
          "klass": "LevelLearnableMove",
          "move": "thunder_wave",
          "level": 1
        },
        {
          "klass": "LevelLearnableMove",
          "move": "sticky_web",
          "level": 1
        },
        {
          "klass": "LevelLearnableMove",
          "move": "thunder_wave",
          "level": 4
        },
        {
          "klass": "LevelLearnableMove",
          "move": "screech",
          "level": 7
        },
        {
          "klass": "LevelLearnableMove",
          "move": "fury_cutter",
          "level": 12
        },
        {
          "klass": "LevelLearnableMove",
          "move": "electroweb",
          "level": 15
        },
        {
          "klass": "LevelLearnableMove",
          "move": "bug_bite",
          "level": 18
        },
        {
          "klass": "LevelLearnableMove",
          "move": "gastro_acid",
          "level": 23
        },
        {
          "klass": "LevelLearnableMove",
          "move": "slash",
          "level": 26
        },
        {
          "klass": "LevelLearnableMove",
          "move": "electro_ball",
          "level": 29
        },
        {
          "klass": "LevelLearnableMove",
          "move": "signal_beam",
          "level": 34
        },
        {
          "klass": "LevelLearnableMove",
          "move": "agility",
          "level": 40
        },
        {
          "klass": "LevelLearnableMove",
          "move": "sucker_punch",
          "level": 46
        },
        {
          "klass": "LevelLearnableMove",
          "move": "discharge",
          "level": 54
        },
        {
          "klass": "LevelLearnableMove",
          "move": "bug_buzz",
          "level": 60
        },
        {
          "klass": "TutorLearnableMove",
          "move": "giga_drain"
        },
        {
          "klass": "TutorLearnableMove",
          "move": "shock_wave"
        },
        {
          "klass": "TutorLearnableMove",
          "move": "bug_bite"
        },
        {
          "klass": "TutorLearnableMove",
          "move": "signal_beam"
        },
        {
          "klass": "TutorLearnableMove",
          "move": "bounce"
        },
        {
          "klass": "TutorLearnableMove",
          "move": "snore"
        },
        {
          "klass": "TutorLearnableMove",
          "move": "gastro_acid"
        },
        {
          "klass": "TutorLearnableMove",
          "move": "electroweb"
        },
        {
          "klass": "TutorLearnableMove",
          "move": "throat_chop"
        },
        {
          "klass": "TutorLearnableMove",
          "move": "magnet_rise"
        },
        {
          "klass": "TechLearnableMove",
          "move": "toxic"
        },
        {
          "klass": "TechLearnableMove",
          "move": "hidden_power"
        },
        {
          "klass": "TechLearnableMove",
          "move": "hyper_beam"
        },
        {
          "klass": "TechLearnableMove",
          "move": "light_screen"
        },
        {
          "klass": "TechLearnableMove",
          "move": "protect"
        },
        {
          "klass": "TechLearnableMove",
          "move": "rain_dance"
        },
        {
          "klass": "TechLearnableMove",
          "move": "frustration"
        },
        {
          "klass": "TechLearnableMove",
          "move": "thunderbolt"
        },
        {
          "klass": "TechLearnableMove",
          "move": "thunder"
        },
        {
          "klass": "TechLearnableMove",
          "move": "return"
        },
        {
          "klass": "TechLearnableMove",
          "move": "leech_life"
        },
        {
          "klass": "TechLearnableMove",
          "move": "double_team"
        },
        {
          "klass": "TechLearnableMove",
          "move": "facade"
        },
        {
          "klass": "TechLearnableMove",
          "move": "rest"
        },
        {
          "klass": "TechLearnableMove",
          "move": "attract"
        },
        {
          "klass": "TechLearnableMove",
          "move": "thief"
        },
        {
          "klass": "TechLearnableMove",
          "move": "round"
        },
        {
          "klass": "TechLearnableMove",
          "move": "energy_ball"
        },
        {
          "klass": "TechLearnableMove",
          "move": "charge_beam"
        },
        {
          "klass": "TechLearnableMove",
          "move": "giga_impact"
        },
        {
          "klass": "TechLearnableMove",
          "move": "volt_switch"
        },
        {
          "klass": "TechLearnableMove",
          "move": "thunder_wave"
        },
        {
          "klass": "TechLearnableMove",
          "move": "x_scissor"
        },
        {
          "klass": "TechLearnableMove",
          "move": "infestation"
        },
        {
          "klass": "TechLearnableMove",
          "move": "poison_jab"
        },
        {
          "klass": "TechLearnableMove",
          "move": "swagger"
        },
        {
          "klass": "TechLearnableMove",
          "move": "sleep_talk"
        },
        {
          "klass": "TechLearnableMove",
          "move": "substitute"
        },
        {
          "klass": "TechLearnableMove",
          "move": "wild_charge"
        },
        {
          "klass": "TechLearnableMove",
          "move": "confide"
        },
        {
          "klass": "TechLearnableMove",
          "move": "struggle_bug"
        },
        {
          "klass": "TechLearnableMove",
          "move": "secret_power"
        },
        {
          "klass": "TechLearnableMove",
          "move": "cut"
        },
        {
          "klass": "TechLearnableMove",
          "move": "rock_climb"
        },
        {
          "klass": "EvolutionLearnableMove",
          "move": "sticky_web"
        }
      ],
      "resources": {
        "icon": "596",
        "iconShiny": "",
        "front": "596",
        "frontShiny": "596",
        "back": "596",
        "backShiny": "596",
        "footprint": "596",
        "character": "596_0",
        "characterShiny": "596s_0",
        "cry": "596cry.ogg",
        "hasFemale": false
      }
    }
  ]
}