{
  "klass": "Specie",
  "id": 445,
  "dbSymbol": "garchomp",
  "forms": [
    {
      "form": 0,
      "height": 1.9,
      "weight": 95,
      "type1": "dragon",
      "type2": "ground",
      "baseHp": 108,
      "baseAtk": 130,
      "baseDfe": 95,
      "baseSpd": 102,
      "baseAts": 80,
      "baseDfs": 85,
      "evHp": 0,
      "evAtk": 3,
      "evDfe": 0,
      "evSpd": 0,
      "evAts": 0,
      "evDfs": 0,
      "evolutions": [
        {
          "form": 30,
          "conditions": [
            {
              "type": "gemme",
              "value": "garchompite"
            }
          ]
        }
      ],
      "experienceType": 2,
      "baseExperience": 270,
      "baseLoyalty": 70,
      "catchRate": 45,
      "femaleRate": 50,
      "breedGroups": [
        1,
        14
      ],
      "hatchSteps": 10240,
      "babyDbSymbol": "gible",
      "babyForm": 0,
      "itemHeld": [
        {
          "dbSymbol": "none",
          "chance": 0
        },
        {
          "dbSymbol": "none",
          "chance": 0
        }
      ],
      "abilities": [
        "sand_veil",
        "sand_veil",
        "rough_skin"
      ],
      "frontOffsetY": 0,
      "resources": {
        "icon": "445",
        "iconShiny": "",
        "front": "445",
        "frontF": "445f",
        "frontShiny": "445",
        "frontShinyF": "445f",
        "back": "445",
        "backF": "445f",
        "backShiny": "445",
        "backShinyF": "445f",
        "footprint": "445",
        "character": "445_0",
        "characterShiny": "",
        "cry": "445cry.ogg",
        "hasFemale": true
      },
      "moveSet": [
        {
          "klass": "LevelLearnableMove",
          "move": "fire_fang",
          "level": 1
        },
        {
          "klass": "LevelLearnableMove",
          "move": "sand_attack",
          "level": 1
        },
        {
          "klass": "LevelLearnableMove",
          "move": "tackle",
          "level": 1
        },
        {
          "klass": "LevelLearnableMove",
          "move": "sandstorm",
          "level": 1
        },
        {
          "klass": "LevelLearnableMove",
          "move": "dual_chop",
          "level": 1
        },
        {
          "klass": "LevelLearnableMove",
          "move": "crunch",
          "level": 1
        },
        {
          "klass": "LevelLearnableMove",
          "move": "dragon_rage",
          "level": 1
        },
        {
          "klass": "LevelLearnableMove",
          "move": "sand_attack",
          "level": 3
        },
        {
          "klass": "LevelLearnableMove",
          "move": "dragon_rage",
          "level": 7
        },
        {
          "klass": "LevelLearnableMove",
          "move": "sandstorm",
          "level": 13
        },
        {
          "klass": "LevelLearnableMove",
          "move": "take_down",
          "level": 15
        },
        {
          "klass": "LevelLearnableMove",
          "move": "sand_tomb",
          "level": 19
        },
        {
          "klass": "LevelLearnableMove",
          "move": "slash",
          "level": 28
        },
        {
          "klass": "LevelLearnableMove",
          "move": "dragon_claw",
          "level": 33
        },
        {
          "klass": "LevelLearnableMove",
          "move": "dig",
          "level": 40
        },
        {
          "klass": "LevelLearnableMove",
          "move": "dragon_rush",
          "level": 55
        },
        {
          "klass": "TutorLearnableMove",
          "move": "laser_focus"
        },
        {
          "klass": "TutorLearnableMove",
          "move": "outrage"
        },
        {
          "klass": "TutorLearnableMove",
          "move": "dual_chop"
        },
        {
          "klass": "TutorLearnableMove",
          "move": "dragon_pulse"
        },
        {
          "klass": "TutorLearnableMove",
          "move": "draco_meteor"
        },
        {
          "klass": "TutorLearnableMove",
          "move": "stealth_rock"
        },
        {
          "klass": "TutorLearnableMove",
          "move": "iron_tail"
        },
        {
          "klass": "TutorLearnableMove",
          "move": "snore"
        },
        {
          "klass": "TutorLearnableMove",
          "move": "earth_power"
        },
        {
          "klass": "TutorLearnableMove",
          "move": "iron_head"
        },
        {
          "klass": "TutorLearnableMove",
          "move": "aqua_tail"
        },
        {
          "klass": "TutorLearnableMove",
          "move": "stomping_tantrum"
        },
        {
          "klass": "TechLearnableMove",
          "move": "dragon_claw"
        },
        {
          "klass": "TechLearnableMove",
          "move": "roar"
        },
        {
          "klass": "TechLearnableMove",
          "move": "toxic"
        },
        {
          "klass": "TechLearnableMove",
          "move": "hidden_power"
        },
        {
          "klass": "TechLearnableMove",
          "move": "sunny_day"
        },
        {
          "klass": "TechLearnableMove",
          "move": "hyper_beam"
        },
        {
          "klass": "TechLearnableMove",
          "move": "protect"
        },
        {
          "klass": "TechLearnableMove",
          "move": "rain_dance"
        },
        {
          "klass": "TechLearnableMove",
          "move": "frustration"
        },
        {
          "klass": "TechLearnableMove",
          "move": "earthquake"
        },
        {
          "klass": "TechLearnableMove",
          "move": "return"
        },
        {
          "klass": "TechLearnableMove",
          "move": "brick_break"
        },
        {
          "klass": "TechLearnableMove",
          "move": "double_team"
        },
        {
          "klass": "TechLearnableMove",
          "move": "flamethrower"
        },
        {
          "klass": "TechLearnableMove",
          "move": "sandstorm"
        },
        {
          "klass": "TechLearnableMove",
          "move": "fire_blast"
        },
        {
          "klass": "TechLearnableMove",
          "move": "rock_tomb"
        },
        {
          "klass": "TechLearnableMove",
          "move": "aerial_ace"
        },
        {
          "klass": "TechLearnableMove",
          "move": "facade"
        },
        {
          "klass": "TechLearnableMove",
          "move": "rest"
        },
        {
          "klass": "TechLearnableMove",
          "move": "attract"
        },
        {
          "klass": "TechLearnableMove",
          "move": "round"
        },
        {
          "klass": "TechLearnableMove",
          "move": "false_swipe"
        },
        {
          "klass": "TechLearnableMove",
          "move": "fling"
        },
        {
          "klass": "TechLearnableMove",
          "move": "brutal_swing"
        },
        {
          "klass": "TechLearnableMove",
          "move": "shadow_claw"
        },
        {
          "klass": "TechLearnableMove",
          "move": "giga_impact"
        },
        {
          "klass": "TechLearnableMove",
          "move": "stone_edge"
        },
        {
          "klass": "TechLearnableMove",
          "move": "swords_dance"
        },
        {
          "klass": "TechLearnableMove",
          "move": "bulldoze"
        },
        {
          "klass": "TechLearnableMove",
          "move": "rock_slide"
        },
        {
          "klass": "TechLearnableMove",
          "move": "dragon_tail"
        },
        {
          "klass": "TechLearnableMove",
          "move": "poison_jab"
        },
        {
          "klass": "TechLearnableMove",
          "move": "swagger"
        },
        {
          "klass": "TechLearnableMove",
          "move": "sleep_talk"
        },
        {
          "klass": "TechLearnableMove",
          "move": "substitute"
        },
        {
          "klass": "TechLearnableMove",
          "move": "surf"
        },
        {
          "klass": "TechLearnableMove",
          "move": "confide"
        },
        {
          "klass": "TechLearnableMove",
          "move": "secret_power"
        },
        {
          "klass": "TechLearnableMove",
          "move": "cut"
        },
        {
          "klass": "TechLearnableMove",
          "move": "strength"
        },
        {
          "klass": "TechLearnableMove",
          "move": "rock_smash"
        },
        {
          "klass": "TechLearnableMove",
          "move": "rock_climb"
        },
        {
          "klass": "EvolutionLearnableMove",
          "move": "crunch"
        }
      ]
    },
    {
      "form": 30,
      "height": 1.9,
      "weight": 95,
      "type1": "dragon",
      "type2": "ground",
      "baseHp": 108,
      "baseAtk": 170,
      "baseDfe": 115,
      "baseSpd": 92,
      "baseAts": 120,
      "baseDfs": 95,
      "evHp": 0,
      "evAtk": 3,
      "evDfe": 0,
      "evSpd": 0,
      "evAts": 0,
      "evDfs": 0,
      "evolutions": [],
      "experienceType": 2,
      "baseExperience": 315,
      "baseLoyalty": 70,
      "catchRate": 45,
      "femaleRate": 50,
      "breedGroups": [
        1,
        14
      ],
      "hatchSteps": 10240,
      "babyDbSymbol": "gible",
      "babyForm": 0,
      "itemHeld": [],
      "abilities": [
        "sand_force",
        "sand_force",
        "sand_force"
      ],
      "frontOffsetY": 0,
      "resources": {
        "icon": "445_30",
        "iconShiny": "",
        "front": "445_30",
        "frontF": "445f",
        "frontShiny": "445_30",
        "frontShinyF": "445f",
        "back": "445_30",
        "backF": "445f",
        "backShiny": "445_30",
        "backShinyF": "445f",
        "footprint": "445",
        "character": "445_30",
        "characterShiny": "445s_30",
        "cry": "445_30cry.ogg",
        "hasFemale": false
      },
      "moveSet": [
        {
          "klass": "LevelLearnableMove",
          "move": "fire_fang",
          "level": 1
        },
        {
          "klass": "LevelLearnableMove",
          "move": "sand_attack",
          "level": 1
        },
        {
          "klass": "LevelLearnableMove",
          "move": "tackle",
          "level": 1
        },
        {
          "klass": "LevelLearnableMove",
          "move": "sandstorm",
          "level": 1
        },
        {
          "klass": "LevelLearnableMove",
          "move": "dragon_rage",
          "level": 1
        },
        {
          "klass": "LevelLearnableMove",
          "move": "sand_attack",
          "level": 3
        },
        {
          "klass": "LevelLearnableMove",
          "move": "dragon_rage",
          "level": 7
        },
        {
          "klass": "LevelLearnableMove",
          "move": "sandstorm",
          "level": 13
        },
        {
          "klass": "LevelLearnableMove",
          "move": "take_down",
          "level": 15
        },
        {
          "klass": "LevelLearnableMove",
          "move": "sand_tomb",
          "level": 19
        },
        {
          "klass": "LevelLearnableMove",
          "move": "dual_chop",
          "level": 24
        },
        {
          "klass": "LevelLearnableMove",
          "move": "slash",
          "level": 28
        },
        {
          "klass": "LevelLearnableMove",
          "move": "dragon_claw",
          "level": 33
        },
        {
          "klass": "LevelLearnableMove",
          "move": "dig",
          "level": 40
        },
        {
          "klass": "LevelLearnableMove",
          "move": "crunch",
          "level": 48
        },
        {
          "klass": "LevelLearnableMove",
          "move": "dragon_rush",
          "level": 55
        },
        {
          "klass": "TechLearnableMove",
          "move": "hone_claws"
        },
        {
          "klass": "TechLearnableMove",
          "move": "dragon_claw"
        },
        {
          "klass": "TechLearnableMove",
          "move": "psyshock"
        },
        {
          "klass": "TechLearnableMove",
          "move": "calm_mind"
        },
        {
          "klass": "TechLearnableMove",
          "move": "roar"
        },
        {
          "klass": "TechLearnableMove",
          "move": "toxic"
        },
        {
          "klass": "TechLearnableMove",
          "move": "hail"
        },
        {
          "klass": "TechLearnableMove",
          "move": "bulk_up"
        },
        {
          "klass": "TechLearnableMove",
          "move": "venoshock"
        },
        {
          "klass": "TechLearnableMove",
          "move": "hidden_power"
        },
        {
          "klass": "TechLearnableMove",
          "move": "sunny_day"
        },
        {
          "klass": "TechLearnableMove",
          "move": "taunt"
        },
        {
          "klass": "TechLearnableMove",
          "move": "ice_beam"
        },
        {
          "klass": "TechLearnableMove",
          "move": "blizzard"
        },
        {
          "klass": "TechLearnableMove",
          "move": "hyper_beam"
        },
        {
          "klass": "TechLearnableMove",
          "move": "light_screen"
        },
        {
          "klass": "TechLearnableMove",
          "move": "protect"
        },
        {
          "klass": "TechLearnableMove",
          "move": "rain_dance"
        },
        {
          "klass": "TechLearnableMove",
          "move": "roost"
        },
        {
          "klass": "TechLearnableMove",
          "move": "safeguard"
        },
        {
          "klass": "TechLearnableMove",
          "move": "frustration"
        },
        {
          "klass": "TechLearnableMove",
          "move": "solar_beam"
        },
        {
          "klass": "TechLearnableMove",
          "move": "smack_down"
        },
        {
          "klass": "TechLearnableMove",
          "move": "thunderbolt"
        },
        {
          "klass": "TechLearnableMove",
          "move": "thunder"
        },
        {
          "klass": "TechLearnableMove",
          "move": "earthquake"
        },
        {
          "klass": "TechLearnableMove",
          "move": "return"
        },
        {
          "klass": "TechLearnableMove",
          "move": "dig"
        },
        {
          "klass": "TechLearnableMove",
          "move": "psychic"
        },
        {
          "klass": "TechLearnableMove",
          "move": "shadow_ball"
        },
        {
          "klass": "TechLearnableMove",
          "move": "brick_break"
        },
        {
          "klass": "TechLearnableMove",
          "move": "double_team"
        },
        {
          "klass": "TechLearnableMove",
          "move": "reflect"
        },
        {
          "klass": "TechLearnableMove",
          "move": "sludge_wave"
        },
        {
          "klass": "TechLearnableMove",
          "move": "flamethrower"
        },
        {
          "klass": "TechLearnableMove",
          "move": "sludge_bomb"
        },
        {
          "klass": "TechLearnableMove",
          "move": "sandstorm"
        },
        {
          "klass": "TechLearnableMove",
          "move": "fire_blast"
        },
        {
          "klass": "TechLearnableMove",
          "move": "rock_tomb"
        },
        {
          "klass": "TechLearnableMove",
          "move": "aerial_ace"
        },
        {
          "klass": "TechLearnableMove",
          "move": "torment"
        },
        {
          "klass": "TechLearnableMove",
          "move": "facade"
        },
        {
          "klass": "TechLearnableMove",
          "move": "flame_charge"
        },
        {
          "klass": "TechLearnableMove",
          "move": "rest"
        },
        {
          "klass": "TechLearnableMove",
          "move": "attract"
        },
        {
          "klass": "TechLearnableMove",
          "move": "thief"
        },
        {
          "klass": "TechLearnableMove",
          "move": "low_sweep"
        },
        {
          "klass": "TechLearnableMove",
          "move": "round"
        },
        {
          "klass": "TechLearnableMove",
          "move": "echoed_voice"
        },
        {
          "klass": "TechLearnableMove",
          "move": "overheat"
        },
        {
          "klass": "TechLearnableMove",
          "move": "steel_wing"
        },
        {
          "klass": "TechLearnableMove",
          "move": "focus_blast"
        },
        {
          "klass": "TechLearnableMove",
          "move": "energy_ball"
        },
        {
          "klass": "TechLearnableMove",
          "move": "false_swipe"
        },
        {
          "klass": "TechLearnableMove",
          "move": "scald"
        },
        {
          "klass": "TechLearnableMove",
          "move": "fling"
        },
        {
          "klass": "TechLearnableMove",
          "move": "charge_beam"
        },
        {
          "klass": "TechLearnableMove",
          "move": "sky_drop"
        },
        {
          "klass": "TechLearnableMove",
          "move": "incinerate"
        },
        {
          "klass": "TechLearnableMove",
          "move": "quash"
        },
        {
          "klass": "TechLearnableMove",
          "move": "will_o_wisp"
        },
        {
          "klass": "TechLearnableMove",
          "move": "acrobatics"
        },
        {
          "klass": "TechLearnableMove",
          "move": "embargo"
        },
        {
          "klass": "TechLearnableMove",
          "move": "explosion"
        },
        {
          "klass": "TechLearnableMove",
          "move": "shadow_claw"
        },
        {
          "klass": "TechLearnableMove",
          "move": "payback"
        },
        {
          "klass": "TechLearnableMove",
          "move": "retaliate"
        },
        {
          "klass": "TechLearnableMove",
          "move": "giga_impact"
        },
        {
          "klass": "TechLearnableMove",
          "move": "rock_polish"
        },
        {
          "klass": "TechLearnableMove",
          "move": "flash"
        },
        {
          "klass": "TechLearnableMove",
          "move": "stone_edge"
        },
        {
          "klass": "TechLearnableMove",
          "move": "volt_switch"
        },
        {
          "klass": "TechLearnableMove",
          "move": "thunder_wave"
        },
        {
          "klass": "TechLearnableMove",
          "move": "gyro_ball"
        },
        {
          "klass": "TechLearnableMove",
          "move": "swords_dance"
        },
        {
          "klass": "TechLearnableMove",
          "move": "struggle_bug"
        },
        {
          "klass": "TechLearnableMove",
          "move": "psych_up"
        },
        {
          "klass": "TechLearnableMove",
          "move": "bulldoze"
        },
        {
          "klass": "TechLearnableMove",
          "move": "frost_breath"
        },
        {
          "klass": "TechLearnableMove",
          "move": "rock_slide"
        },
        {
          "klass": "TechLearnableMove",
          "move": "x_scissor"
        },
        {
          "klass": "TechLearnableMove",
          "move": "dragon_tail"
        },
        {
          "klass": "TechLearnableMove",
          "move": "infestation"
        },
        {
          "klass": "TechLearnableMove",
          "move": "poison_jab"
        },
        {
          "klass": "TechLearnableMove",
          "move": "dream_eater"
        },
        {
          "klass": "TechLearnableMove",
          "move": "grass_knot"
        },
        {
          "klass": "TechLearnableMove",
          "move": "swagger"
        },
        {
          "klass": "TechLearnableMove",
          "move": "sleep_talk"
        },
        {
          "klass": "TechLearnableMove",
          "move": "u_turn"
        },
        {
          "klass": "TechLearnableMove",
          "move": "substitute"
        },
        {
          "klass": "TechLearnableMove",
          "move": "flash_cannon"
        },
        {
          "klass": "TechLearnableMove",
          "move": "trick_room"
        },
        {
          "klass": "TechLearnableMove",
          "move": "cut"
        },
        {
          "klass": "TechLearnableMove",
          "move": "fly"
        },
        {
          "klass": "TechLearnableMove",
          "move": "surf"
        },
        {
          "klass": "TechLearnableMove",
          "move": "strength"
        },
        {
          "klass": "TechLearnableMove",
          "move": "waterfall"
        },
        {
          "klass": "TechLearnableMove",
          "move": "rock_smash"
        },
        {
          "klass": "TechLearnableMove",
          "move": "wild_charge"
        },
        {
          "klass": "TechLearnableMove",
          "move": "secret_power"
        },
        {
          "klass": "TechLearnableMove",
          "move": "snarl"
        },
        {
          "klass": "TechLearnableMove",
          "move": "nature_power"
        },
        {
          "klass": "TechLearnableMove",
          "move": "dark_pulse"
        },
        {
          "klass": "TechLearnableMove",
          "move": "power_up_punch"
        },
        {
          "klass": "TechLearnableMove",
          "move": "dazzling_gleam"
        },
        {
          "klass": "TechLearnableMove",
          "move": "confide"
        },
        {
          "klass": "TechLearnableMove",
          "move": "whirlpool"
        }
      ]
    }
  ]
}
