{
  "klass": "Specie",
  "id": 92,
  "dbSymbol": "gastly",
  "forms": [
    {
      "form": 0,
      "height": 1.3,
      "weight": 0.1,
      "type1": "ghost",
      "type2": "poison",
      "baseHp": 30,
      "baseAtk": 35,
      "baseDfe": 30,
      "baseSpd": 80,
      "baseAts": 100,
      "baseDfs": 35,
      "evHp": 0,
      "evAtk": 0,
      "evDfe": 0,
      "evSpd": 0,
      "evAts": 1,
      "evDfs": 0,
      "evolutions": [
        {
          "dbSymbol": "haunter",
          "form": 0,
          "conditions": [
            {
              "type": "minLevel",
              "value": 25
            }
          ]
        }
      ],
      "experienceType": 3,
      "baseExperience": 62,
      "baseLoyalty": 70,
      "catchRate": 190,
      "femaleRate": 50,
      "breedGroups": [
        11,
        11
      ],
      "hatchSteps": 5120,
      "babyDbSymbol": "gastly",
      "babyForm": 0,
      "itemHeld": [
        {
          "dbSymbol": "none",
          "chance": 0
        },
        {
          "dbSymbol": "none",
          "chance": 0
        }
      ],
      "abilities": [
        "levitate",
        "levitate",
        "levitate"
      ],
      "frontOffsetY": 0,
      "moveSet": [
        {
          "klass": "LevelLearnableMove",
          "move": "hypnosis",
          "level": 1
        },
        {
          "klass": "LevelLearnableMove",
          "move": "lick",
          "level": 1
        },
        {
          "klass": "LevelLearnableMove",
          "move": "spite",
          "level": 5
        },
        {
          "klass": "LevelLearnableMove",
          "move": "mean_look",
          "level": 8
        },
        {
          "klass": "LevelLearnableMove",
          "move": "curse",
          "level": 12
        },
        {
          "klass": "LevelLearnableMove",
          "move": "night_shade",
          "level": 15
        },
        {
          "klass": "LevelLearnableMove",
          "move": "confuse_ray",
          "level": 19
        },
        {
          "klass": "LevelLearnableMove",
          "move": "sucker_punch",
          "level": 22
        },
        {
          "klass": "LevelLearnableMove",
          "move": "payback",
          "level": 26
        },
        {
          "klass": "LevelLearnableMove",
          "move": "shadow_ball",
          "level": 29
        },
        {
          "klass": "LevelLearnableMove",
          "move": "dream_eater",
          "level": 33
        },
        {
          "klass": "LevelLearnableMove",
          "move": "dark_pulse",
          "level": 36
        },
        {
          "klass": "LevelLearnableMove",
          "move": "destiny_bond",
          "level": 40
        },
        {
          "klass": "LevelLearnableMove",
          "move": "hex",
          "level": 43
        },
        {
          "klass": "LevelLearnableMove",
          "move": "nightmare",
          "level": 47
        },
        {
          "klass": "TutorLearnableMove",
          "move": "pain_split"
        },
        {
          "klass": "TutorLearnableMove",
          "move": "uproar"
        },
        {
          "klass": "TutorLearnableMove",
          "move": "spite"
        },
        {
          "klass": "TutorLearnableMove",
          "move": "skill_swap"
        },
        {
          "klass": "TutorLearnableMove",
          "move": "giga_drain"
        },
        {
          "klass": "TutorLearnableMove",
          "move": "ally_switch"
        },
        {
          "klass": "TutorLearnableMove",
          "move": "telekinesis"
        },
        {
          "klass": "TutorLearnableMove",
          "move": "thunder_punch"
        },
        {
          "klass": "TutorLearnableMove",
          "move": "fire_punch"
        },
        {
          "klass": "TutorLearnableMove",
          "move": "ice_punch"
        },
        {
          "klass": "TutorLearnableMove",
          "move": "snore"
        },
        {
          "klass": "TutorLearnableMove",
          "move": "knock_off"
        },
        {
          "klass": "TutorLearnableMove",
          "move": "snatch"
        },
        {
          "klass": "TutorLearnableMove",
          "move": "trick"
        },
        {
          "klass": "TutorLearnableMove",
          "move": "wonder_room"
        },
        {
          "klass": "TutorLearnableMove",
          "move": "foul_play"
        },
        {
          "klass": "TutorLearnableMove",
          "move": "icy_wind"
        },
        {
          "klass": "TechLearnableMove",
          "move": "toxic"
        },
        {
          "klass": "TechLearnableMove",
          "move": "venoshock"
        },
        {
          "klass": "TechLearnableMove",
          "move": "hidden_power"
        },
        {
          "klass": "TechLearnableMove",
          "move": "sunny_day"
        },
        {
          "klass": "TechLearnableMove",
          "move": "taunt"
        },
        {
          "klass": "TechLearnableMove",
          "move": "protect"
        },
        {
          "klass": "TechLearnableMove",
          "move": "rain_dance"
        },
        {
          "klass": "TechLearnableMove",
          "move": "frustration"
        },
        {
          "klass": "TechLearnableMove",
          "move": "thunderbolt"
        },
        {
          "klass": "TechLearnableMove",
          "move": "return"
        },
        {
          "klass": "TechLearnableMove",
          "move": "psychic"
        },
        {
          "klass": "TechLearnableMove",
          "move": "shadow_ball"
        },
        {
          "klass": "TechLearnableMove",
          "move": "double_team"
        },
        {
          "klass": "TechLearnableMove",
          "move": "sludge_bomb"
        },
        {
          "klass": "TechLearnableMove",
          "move": "torment"
        },
        {
          "klass": "TechLearnableMove",
          "move": "facade"
        },
        {
          "klass": "TechLearnableMove",
          "move": "rest"
        },
        {
          "klass": "TechLearnableMove",
          "move": "attract"
        },
        {
          "klass": "TechLearnableMove",
          "move": "thief"
        },
        {
          "klass": "TechLearnableMove",
          "move": "round"
        },
        {
          "klass": "TechLearnableMove",
          "move": "energy_ball"
        },
        {
          "klass": "TechLearnableMove",
          "move": "will_o_wisp"
        },
        {
          "klass": "TechLearnableMove",
          "move": "embargo"
        },
        {
          "klass": "TechLearnableMove",
          "move": "explosion"
        },
        {
          "klass": "TechLearnableMove",
          "move": "payback"
        },
        {
          "klass": "TechLearnableMove",
          "move": "psych_up"
        },
        {
          "klass": "TechLearnableMove",
          "move": "infestation"
        },
        {
          "klass": "TechLearnableMove",
          "move": "dream_eater"
        },
        {
          "klass": "TechLearnableMove",
          "move": "swagger"
        },
        {
          "klass": "TechLearnableMove",
          "move": "sleep_talk"
        },
        {
          "klass": "TechLearnableMove",
          "move": "substitute"
        },
        {
          "klass": "TechLearnableMove",
          "move": "trick_room"
        },
        {
          "klass": "TechLearnableMove",
          "move": "dark_pulse"
        },
        {
          "klass": "TechLearnableMove",
          "move": "dazzling_gleam"
        },
        {
          "klass": "TechLearnableMove",
          "move": "confide"
        },
        {
          "klass": "TechLearnableMove",
          "move": "secret_power"
        },
        {
          "klass": "BreedLearnableMove",
          "move": "clear_smog"
        },
        {
          "klass": "BreedLearnableMove",
          "move": "haze"
        },
        {
          "klass": "BreedLearnableMove",
          "move": "reflect_type"
        },
        {
          "klass": "BreedLearnableMove",
          "move": "disable"
        },
        {
          "klass": "BreedLearnableMove",
          "move": "astonish"
        },
        {
          "klass": "BreedLearnableMove",
          "move": "scary_face"
        },
        {
          "klass": "BreedLearnableMove",
          "move": "fire_punch"
        },
        {
          "klass": "BreedLearnableMove",
          "move": "thunder_punch"
        },
        {
          "klass": "BreedLearnableMove",
          "move": "ice_punch"
        },
        {
          "klass": "BreedLearnableMove",
          "move": "smog"
        },
        {
          "klass": "BreedLearnableMove",
          "move": "grudge"
        },
        {
          "klass": "BreedLearnableMove",
          "move": "perish_song"
        },
        {
          "klass": "BreedLearnableMove",
          "move": "psywave"
        }
      ],
      "resources": {
        "icon": "092",
        "iconShiny": "",
        "front": "092",
        "frontShiny": "092",
        "back": "092",
        "backShiny": "092",
        "footprint": "092",
        "character": "092_0",
        "characterShiny": "092s_0",
        "cry": "092cry.ogg",
        "hasFemale": false
      }
    }
  ]
}