{
  "klass": "Specie",
  "id": 649,
  "dbSymbol": "genesect",
  "forms": [
    {
      "form": 0,
      "height": 1.5,
      "weight": 82.5,
      "type1": "bug",
      "type2": "steel",
      "baseHp": 71,
      "baseAtk": 120,
      "baseDfe": 95,
      "baseSpd": 99,
      "baseAts": 120,
      "baseDfs": 95,
      "evHp": 0,
      "evAtk": 1,
      "evDfe": 0,
      "evSpd": 1,
      "evAts": 1,
      "evDfs": 0,
      "evolutions": [],
      "experienceType": 2,
      "baseExperience": 270,
      "baseLoyalty": 0,
      "catchRate": 3,
      "femaleRate": -1,
      "breedGroups": [
        15,
        15
      ],
      "hatchSteps": 30720,
      "babyDbSymbol": "__undef__",
      "babyForm": 0,
      "itemHeld": [
        {
          "dbSymbol": "none",
          "chance": 0
        },
        {
          "dbSymbol": "none",
          "chance": 0
        }
      ],
      "abilities": [
        "download",
        "download",
        "download"
      ],
      "frontOffsetY": 0,
      "resources": {
        "icon": "649",
        "iconShiny": "",
        "front": "649",
        "frontShiny": "649",
        "back": "649",
        "backShiny": "649",
        "footprint": "649",
        "character": "649_0",
        "characterShiny": "649s_0",
        "cry": "649cry.ogg",
        "hasFemale": false
      },
      "moveSet": [
        {
          "klass": "LevelLearnableMove",
          "move": "fell_stinger",
          "level": 1
        },
        {
          "klass": "LevelLearnableMove",
          "move": "metal_claw",
          "level": 1
        },
        {
          "klass": "LevelLearnableMove",
          "move": "screech",
          "level": 1
        },
        {
          "klass": "LevelLearnableMove",
          "move": "techno_blast",
          "level": 1
        },
        {
          "klass": "LevelLearnableMove",
          "move": "magnet_rise",
          "level": 1
        },
        {
          "klass": "LevelLearnableMove",
          "move": "quick_attack",
          "level": 1
        },
        {
          "klass": "LevelLearnableMove",
          "move": "fury_cutter",
          "level": 7
        },
        {
          "klass": "LevelLearnableMove",
          "move": "lock_on",
          "level": 11
        },
        {
          "klass": "LevelLearnableMove",
          "move": "flame_charge",
          "level": 18
        },
        {
          "klass": "LevelLearnableMove",
          "move": "magnet_bomb",
          "level": 22
        },
        {
          "klass": "LevelLearnableMove",
          "move": "slash",
          "level": 29
        },
        {
          "klass": "LevelLearnableMove",
          "move": "metal_sound",
          "level": 33
        },
        {
          "klass": "LevelLearnableMove",
          "move": "signal_beam",
          "level": 40
        },
        {
          "klass": "LevelLearnableMove",
          "move": "tri_attack",
          "level": 44
        },
        {
          "klass": "LevelLearnableMove",
          "move": "x_scissor",
          "level": 51
        },
        {
          "klass": "LevelLearnableMove",
          "move": "bug_buzz",
          "level": 55
        },
        {
          "klass": "LevelLearnableMove",
          "move": "simple_beam",
          "level": 62
        },
        {
          "klass": "LevelLearnableMove",
          "move": "zap_cannon",
          "level": 66
        },
        {
          "klass": "LevelLearnableMove",
          "move": "hyper_beam",
          "level": 73
        },
        {
          "klass": "LevelLearnableMove",
          "move": "self_destruct",
          "level": 77
        },
        {
          "klass": "TutorLearnableMove",
          "move": "last_resort"
        },
        {
          "klass": "TutorLearnableMove",
          "move": "gunk_shot"
        },
        {
          "klass": "TutorLearnableMove",
          "move": "giga_drain"
        },
        {
          "klass": "TutorLearnableMove",
          "move": "gravity"
        },
        {
          "klass": "TutorLearnableMove",
          "move": "ally_switch"
        },
        {
          "klass": "TutorLearnableMove",
          "move": "telekinesis"
        },
        {
          "klass": "TutorLearnableMove",
          "move": "iron_defense"
        },
        {
          "klass": "TutorLearnableMove",
          "move": "shock_wave"
        },
        {
          "klass": "TutorLearnableMove",
          "move": "bug_bite"
        },
        {
          "klass": "TutorLearnableMove",
          "move": "signal_beam"
        },
        {
          "klass": "TutorLearnableMove",
          "move": "recycle"
        },
        {
          "klass": "TutorLearnableMove",
          "move": "magic_coat"
        },
        {
          "klass": "TutorLearnableMove",
          "move": "snore"
        },
        {
          "klass": "TutorLearnableMove",
          "move": "iron_head"
        },
        {
          "klass": "TutorLearnableMove",
          "move": "electroweb"
        },
        {
          "klass": "TutorLearnableMove",
          "move": "zen_headbutt"
        },
        {
          "klass": "TutorLearnableMove",
          "move": "magnet_rise"
        },
        {
          "klass": "TechLearnableMove",
          "move": "toxic"
        },
        {
          "klass": "TechLearnableMove",
          "move": "hidden_power"
        },
        {
          "klass": "TechLearnableMove",
          "move": "ice_beam"
        },
        {
          "klass": "TechLearnableMove",
          "move": "blizzard"
        },
        {
          "klass": "TechLearnableMove",
          "move": "hyper_beam"
        },
        {
          "klass": "TechLearnableMove",
          "move": "light_screen"
        },
        {
          "klass": "TechLearnableMove",
          "move": "protect"
        },
        {
          "klass": "TechLearnableMove",
          "move": "frustration"
        },
        {
          "klass": "TechLearnableMove",
          "move": "solar_beam"
        },
        {
          "klass": "TechLearnableMove",
          "move": "thunderbolt"
        },
        {
          "klass": "TechLearnableMove",
          "move": "thunder"
        },
        {
          "klass": "TechLearnableMove",
          "move": "return"
        },
        {
          "klass": "TechLearnableMove",
          "move": "psychic"
        },
        {
          "klass": "TechLearnableMove",
          "move": "double_team"
        },
        {
          "klass": "TechLearnableMove",
          "move": "reflect"
        },
        {
          "klass": "TechLearnableMove",
          "move": "flamethrower"
        },
        {
          "klass": "TechLearnableMove",
          "move": "aerial_ace"
        },
        {
          "klass": "TechLearnableMove",
          "move": "facade"
        },
        {
          "klass": "TechLearnableMove",
          "move": "flame_charge"
        },
        {
          "klass": "TechLearnableMove",
          "move": "rest"
        },
        {
          "klass": "TechLearnableMove",
          "move": "round"
        },
        {
          "klass": "TechLearnableMove",
          "move": "energy_ball"
        },
        {
          "klass": "TechLearnableMove",
          "move": "charge_beam"
        },
        {
          "klass": "TechLearnableMove",
          "move": "explosion"
        },
        {
          "klass": "TechLearnableMove",
          "move": "shadow_claw"
        },
        {
          "klass": "TechLearnableMove",
          "move": "giga_impact"
        },
        {
          "klass": "TechLearnableMove",
          "move": "rock_polish"
        },
        {
          "klass": "TechLearnableMove",
          "move": "thunder_wave"
        },
        {
          "klass": "TechLearnableMove",
          "move": "fly"
        },
        {
          "klass": "TechLearnableMove",
          "move": "x_scissor"
        },
        {
          "klass": "TechLearnableMove",
          "move": "infestation"
        },
        {
          "klass": "TechLearnableMove",
          "move": "swagger"
        },
        {
          "klass": "TechLearnableMove",
          "move": "sleep_talk"
        },
        {
          "klass": "TechLearnableMove",
          "move": "u_turn"
        },
        {
          "klass": "TechLearnableMove",
          "move": "substitute"
        },
        {
          "klass": "TechLearnableMove",
          "move": "flash_cannon"
        },
        {
          "klass": "TechLearnableMove",
          "move": "dark_pulse"
        },
        {
          "klass": "TechLearnableMove",
          "move": "confide"
        },
        {
          "klass": "TechLearnableMove",
          "move": "struggle_bug"
        },
        {
          "klass": "TechLearnableMove",
          "move": "secret_power"
        }
      ]
    },
    {
      "form": 1,
      "height": 1.5,
      "weight": 82.5,
      "type1": "bug",
      "type2": "steel",
      "baseHp": 71,
      "baseAtk": 120,
      "baseDfe": 95,
      "baseSpd": 99,
      "baseAts": 120,
      "baseDfs": 95,
      "evHp": 0,
      "evAtk": 1,
      "evDfe": 0,
      "evSpd": 1,
      "evAts": 1,
      "evDfs": 0,
      "evolutions": [],
      "experienceType": 2,
      "baseExperience": 270,
      "baseLoyalty": 0,
      "catchRate": 3,
      "femaleRate": -1,
      "breedGroups": [
        15,
        15
      ],
      "hatchSteps": 30720,
      "babyDbSymbol": "__undef__",
      "babyForm": 1,
      "itemHeld": [
        {
          "dbSymbol": "none",
          "chance": 0
        },
        {
          "dbSymbol": "none",
          "chance": 0
        }
      ],
      "abilities": [
        "download",
        "download",
        "download"
      ],
      "frontOffsetY": 0,
      "resources": {
        "icon": "649_01",
        "iconShiny": "",
        "front": "649_01",
        "frontShiny": "649_01",
        "back": "649_01",
        "backShiny": "649_01",
        "footprint": "649",
        "character": "649_1",
        "characterShiny": "649s_1",
        "cry": "649cry.ogg",
        "hasFemale": false
      },
      "moveSet": [
        {
          "klass": "LevelLearnableMove",
          "move": "fell_stinger",
          "level": 1
        },
        {
          "klass": "LevelLearnableMove",
          "move": "metal_claw",
          "level": 1
        },
        {
          "klass": "LevelLearnableMove",
          "move": "screech",
          "level": 1
        },
        {
          "klass": "LevelLearnableMove",
          "move": "techno_blast",
          "level": 1
        },
        {
          "klass": "LevelLearnableMove",
          "move": "magnet_rise",
          "level": 1
        },
        {
          "klass": "LevelLearnableMove",
          "move": "quick_attack",
          "level": 1
        },
        {
          "klass": "LevelLearnableMove",
          "move": "fury_cutter",
          "level": 7
        },
        {
          "klass": "LevelLearnableMove",
          "move": "lock_on",
          "level": 11
        },
        {
          "klass": "LevelLearnableMove",
          "move": "flame_charge",
          "level": 18
        },
        {
          "klass": "LevelLearnableMove",
          "move": "magnet_bomb",
          "level": 22
        },
        {
          "klass": "LevelLearnableMove",
          "move": "slash",
          "level": 29
        },
        {
          "klass": "LevelLearnableMove",
          "move": "metal_sound",
          "level": 33
        },
        {
          "klass": "LevelLearnableMove",
          "move": "signal_beam",
          "level": 40
        },
        {
          "klass": "LevelLearnableMove",
          "move": "tri_attack",
          "level": 44
        },
        {
          "klass": "LevelLearnableMove",
          "move": "x_scissor",
          "level": 51
        },
        {
          "klass": "LevelLearnableMove",
          "move": "bug_buzz",
          "level": 55
        },
        {
          "klass": "LevelLearnableMove",
          "move": "simple_beam",
          "level": 62
        },
        {
          "klass": "LevelLearnableMove",
          "move": "zap_cannon",
          "level": 66
        },
        {
          "klass": "LevelLearnableMove",
          "move": "hyper_beam",
          "level": 73
        },
        {
          "klass": "LevelLearnableMove",
          "move": "self_destruct",
          "level": 77
        },
        {
          "klass": "TutorLearnableMove",
          "move": "last_resort"
        },
        {
          "klass": "TutorLearnableMove",
          "move": "gunk_shot"
        },
        {
          "klass": "TutorLearnableMove",
          "move": "giga_drain"
        },
        {
          "klass": "TutorLearnableMove",
          "move": "gravity"
        },
        {
          "klass": "TutorLearnableMove",
          "move": "ally_switch"
        },
        {
          "klass": "TutorLearnableMove",
          "move": "telekinesis"
        },
        {
          "klass": "TutorLearnableMove",
          "move": "iron_defense"
        },
        {
          "klass": "TutorLearnableMove",
          "move": "shock_wave"
        },
        {
          "klass": "TutorLearnableMove",
          "move": "bug_bite"
        },
        {
          "klass": "TutorLearnableMove",
          "move": "signal_beam"
        },
        {
          "klass": "TutorLearnableMove",
          "move": "recycle"
        },
        {
          "klass": "TutorLearnableMove",
          "move": "magic_coat"
        },
        {
          "klass": "TutorLearnableMove",
          "move": "snore"
        },
        {
          "klass": "TutorLearnableMove",
          "move": "iron_head"
        },
        {
          "klass": "TutorLearnableMove",
          "move": "electroweb"
        },
        {
          "klass": "TutorLearnableMove",
          "move": "zen_headbutt"
        },
        {
          "klass": "TutorLearnableMove",
          "move": "magnet_rise"
        },
        {
          "klass": "TechLearnableMove",
          "move": "toxic"
        },
        {
          "klass": "TechLearnableMove",
          "move": "hidden_power"
        },
        {
          "klass": "TechLearnableMove",
          "move": "ice_beam"
        },
        {
          "klass": "TechLearnableMove",
          "move": "blizzard"
        },
        {
          "klass": "TechLearnableMove",
          "move": "hyper_beam"
        },
        {
          "klass": "TechLearnableMove",
          "move": "light_screen"
        },
        {
          "klass": "TechLearnableMove",
          "move": "protect"
        },
        {
          "klass": "TechLearnableMove",
          "move": "frustration"
        },
        {
          "klass": "TechLearnableMove",
          "move": "solar_beam"
        },
        {
          "klass": "TechLearnableMove",
          "move": "thunderbolt"
        },
        {
          "klass": "TechLearnableMove",
          "move": "thunder"
        },
        {
          "klass": "TechLearnableMove",
          "move": "return"
        },
        {
          "klass": "TechLearnableMove",
          "move": "psychic"
        },
        {
          "klass": "TechLearnableMove",
          "move": "double_team"
        },
        {
          "klass": "TechLearnableMove",
          "move": "reflect"
        },
        {
          "klass": "TechLearnableMove",
          "move": "flamethrower"
        },
        {
          "klass": "TechLearnableMove",
          "move": "aerial_ace"
        },
        {
          "klass": "TechLearnableMove",
          "move": "facade"
        },
        {
          "klass": "TechLearnableMove",
          "move": "flame_charge"
        },
        {
          "klass": "TechLearnableMove",
          "move": "rest"
        },
        {
          "klass": "TechLearnableMove",
          "move": "round"
        },
        {
          "klass": "TechLearnableMove",
          "move": "energy_ball"
        },
        {
          "klass": "TechLearnableMove",
          "move": "charge_beam"
        },
        {
          "klass": "TechLearnableMove",
          "move": "explosion"
        },
        {
          "klass": "TechLearnableMove",
          "move": "shadow_claw"
        },
        {
          "klass": "TechLearnableMove",
          "move": "giga_impact"
        },
        {
          "klass": "TechLearnableMove",
          "move": "rock_polish"
        },
        {
          "klass": "TechLearnableMove",
          "move": "thunder_wave"
        },
        {
          "klass": "TechLearnableMove",
          "move": "fly"
        },
        {
          "klass": "TechLearnableMove",
          "move": "x_scissor"
        },
        {
          "klass": "TechLearnableMove",
          "move": "infestation"
        },
        {
          "klass": "TechLearnableMove",
          "move": "swagger"
        },
        {
          "klass": "TechLearnableMove",
          "move": "sleep_talk"
        },
        {
          "klass": "TechLearnableMove",
          "move": "u_turn"
        },
        {
          "klass": "TechLearnableMove",
          "move": "substitute"
        },
        {
          "klass": "TechLearnableMove",
          "move": "flash_cannon"
        },
        {
          "klass": "TechLearnableMove",
          "move": "dark_pulse"
        },
        {
          "klass": "TechLearnableMove",
          "move": "confide"
        },
        {
          "klass": "TechLearnableMove",
          "move": "struggle_bug"
        },
        {
          "klass": "TechLearnableMove",
          "move": "secret_power"
        }
      ]
    },
    {
      "form": 2,
      "height": 1.5,
      "weight": 82.5,
      "type1": "bug",
      "type2": "steel",
      "baseHp": 71,
      "baseAtk": 120,
      "baseDfe": 95,
      "baseSpd": 99,
      "baseAts": 120,
      "baseDfs": 95,
      "evHp": 0,
      "evAtk": 1,
      "evDfe": 0,
      "evSpd": 1,
      "evAts": 1,
      "evDfs": 0,
      "evolutions": [],
      "experienceType": 2,
      "baseExperience": 270,
      "baseLoyalty": 0,
      "catchRate": 3,
      "femaleRate": -1,
      "breedGroups": [
        15,
        15
      ],
      "hatchSteps": 30720,
      "babyDbSymbol": "__undef__",
      "babyForm": 2,
      "itemHeld": [
        {
          "dbSymbol": "none",
          "chance": 0
        },
        {
          "dbSymbol": "none",
          "chance": 0
        }
      ],
      "abilities": [
        "download",
        "download",
        "download"
      ],
      "frontOffsetY": 0,
      "resources": {
        "icon": "649_02",
        "iconShiny": "",
        "front": "649_02",
        "frontShiny": "649_02",
        "back": "649_02",
        "backShiny": "649_02",
        "footprint": "649",
        "character": "649_2",
        "characterShiny": "649s_2",
        "cry": "649cry.ogg",
        "hasFemale": false
      },
      "moveSet": [
        {
          "klass": "LevelLearnableMove",
          "move": "fell_stinger",
          "level": 1
        },
        {
          "klass": "LevelLearnableMove",
          "move": "metal_claw",
          "level": 1
        },
        {
          "klass": "LevelLearnableMove",
          "move": "screech",
          "level": 1
        },
        {
          "klass": "LevelLearnableMove",
          "move": "techno_blast",
          "level": 1
        },
        {
          "klass": "LevelLearnableMove",
          "move": "magnet_rise",
          "level": 1
        },
        {
          "klass": "LevelLearnableMove",
          "move": "quick_attack",
          "level": 1
        },
        {
          "klass": "LevelLearnableMove",
          "move": "fury_cutter",
          "level": 7
        },
        {
          "klass": "LevelLearnableMove",
          "move": "lock_on",
          "level": 11
        },
        {
          "klass": "LevelLearnableMove",
          "move": "flame_charge",
          "level": 18
        },
        {
          "klass": "LevelLearnableMove",
          "move": "magnet_bomb",
          "level": 22
        },
        {
          "klass": "LevelLearnableMove",
          "move": "slash",
          "level": 29
        },
        {
          "klass": "LevelLearnableMove",
          "move": "metal_sound",
          "level": 33
        },
        {
          "klass": "LevelLearnableMove",
          "move": "signal_beam",
          "level": 40
        },
        {
          "klass": "LevelLearnableMove",
          "move": "tri_attack",
          "level": 44
        },
        {
          "klass": "LevelLearnableMove",
          "move": "x_scissor",
          "level": 51
        },
        {
          "klass": "LevelLearnableMove",
          "move": "bug_buzz",
          "level": 55
        },
        {
          "klass": "LevelLearnableMove",
          "move": "simple_beam",
          "level": 62
        },
        {
          "klass": "LevelLearnableMove",
          "move": "zap_cannon",
          "level": 66
        },
        {
          "klass": "LevelLearnableMove",
          "move": "hyper_beam",
          "level": 73
        },
        {
          "klass": "LevelLearnableMove",
          "move": "self_destruct",
          "level": 77
        },
        {
          "klass": "TutorLearnableMove",
          "move": "last_resort"
        },
        {
          "klass": "TutorLearnableMove",
          "move": "gunk_shot"
        },
        {
          "klass": "TutorLearnableMove",
          "move": "giga_drain"
        },
        {
          "klass": "TutorLearnableMove",
          "move": "gravity"
        },
        {
          "klass": "TutorLearnableMove",
          "move": "ally_switch"
        },
        {
          "klass": "TutorLearnableMove",
          "move": "telekinesis"
        },
        {
          "klass": "TutorLearnableMove",
          "move": "iron_defense"
        },
        {
          "klass": "TutorLearnableMove",
          "move": "shock_wave"
        },
        {
          "klass": "TutorLearnableMove",
          "move": "bug_bite"
        },
        {
          "klass": "TutorLearnableMove",
          "move": "signal_beam"
        },
        {
          "klass": "TutorLearnableMove",
          "move": "recycle"
        },
        {
          "klass": "TutorLearnableMove",
          "move": "magic_coat"
        },
        {
          "klass": "TutorLearnableMove",
          "move": "snore"
        },
        {
          "klass": "TutorLearnableMove",
          "move": "iron_head"
        },
        {
          "klass": "TutorLearnableMove",
          "move": "electroweb"
        },
        {
          "klass": "TutorLearnableMove",
          "move": "zen_headbutt"
        },
        {
          "klass": "TutorLearnableMove",
          "move": "magnet_rise"
        },
        {
          "klass": "TechLearnableMove",
          "move": "toxic"
        },
        {
          "klass": "TechLearnableMove",
          "move": "hidden_power"
        },
        {
          "klass": "TechLearnableMove",
          "move": "ice_beam"
        },
        {
          "klass": "TechLearnableMove",
          "move": "blizzard"
        },
        {
          "klass": "TechLearnableMove",
          "move": "hyper_beam"
        },
        {
          "klass": "TechLearnableMove",
          "move": "light_screen"
        },
        {
          "klass": "TechLearnableMove",
          "move": "protect"
        },
        {
          "klass": "TechLearnableMove",
          "move": "frustration"
        },
        {
          "klass": "TechLearnableMove",
          "move": "solar_beam"
        },
        {
          "klass": "TechLearnableMove",
          "move": "thunderbolt"
        },
        {
          "klass": "TechLearnableMove",
          "move": "thunder"
        },
        {
          "klass": "TechLearnableMove",
          "move": "return"
        },
        {
          "klass": "TechLearnableMove",
          "move": "psychic"
        },
        {
          "klass": "TechLearnableMove",
          "move": "double_team"
        },
        {
          "klass": "TechLearnableMove",
          "move": "reflect"
        },
        {
          "klass": "TechLearnableMove",
          "move": "flamethrower"
        },
        {
          "klass": "TechLearnableMove",
          "move": "aerial_ace"
        },
        {
          "klass": "TechLearnableMove",
          "move": "facade"
        },
        {
          "klass": "TechLearnableMove",
          "move": "flame_charge"
        },
        {
          "klass": "TechLearnableMove",
          "move": "rest"
        },
        {
          "klass": "TechLearnableMove",
          "move": "round"
        },
        {
          "klass": "TechLearnableMove",
          "move": "energy_ball"
        },
        {
          "klass": "TechLearnableMove",
          "move": "charge_beam"
        },
        {
          "klass": "TechLearnableMove",
          "move": "explosion"
        },
        {
          "klass": "TechLearnableMove",
          "move": "shadow_claw"
        },
        {
          "klass": "TechLearnableMove",
          "move": "giga_impact"
        },
        {
          "klass": "TechLearnableMove",
          "move": "rock_polish"
        },
        {
          "klass": "TechLearnableMove",
          "move": "thunder_wave"
        },
        {
          "klass": "TechLearnableMove",
          "move": "fly"
        },
        {
          "klass": "TechLearnableMove",
          "move": "x_scissor"
        },
        {
          "klass": "TechLearnableMove",
          "move": "infestation"
        },
        {
          "klass": "TechLearnableMove",
          "move": "swagger"
        },
        {
          "klass": "TechLearnableMove",
          "move": "sleep_talk"
        },
        {
          "klass": "TechLearnableMove",
          "move": "u_turn"
        },
        {
          "klass": "TechLearnableMove",
          "move": "substitute"
        },
        {
          "klass": "TechLearnableMove",
          "move": "flash_cannon"
        },
        {
          "klass": "TechLearnableMove",
          "move": "dark_pulse"
        },
        {
          "klass": "TechLearnableMove",
          "move": "confide"
        },
        {
          "klass": "TechLearnableMove",
          "move": "struggle_bug"
        },
        {
          "klass": "TechLearnableMove",
          "move": "secret_power"
        }
      ]
    },
    {
      "form": 3,
      "height": 1.5,
      "weight": 82.5,
      "type1": "bug",
      "type2": "steel",
      "baseHp": 71,
      "baseAtk": 120,
      "baseDfe": 95,
      "baseSpd": 99,
      "baseAts": 120,
      "baseDfs": 95,
      "evHp": 0,
      "evAtk": 1,
      "evDfe": 0,
      "evSpd": 1,
      "evAts": 1,
      "evDfs": 0,
      "evolutions": [],
      "experienceType": 2,
      "baseExperience": 270,
      "baseLoyalty": 0,
      "catchRate": 3,
      "femaleRate": -1,
      "breedGroups": [
        15,
        15
      ],
      "hatchSteps": 30720,
      "babyDbSymbol": "__undef__",
      "babyForm": 3,
      "itemHeld": [
        {
          "dbSymbol": "none",
          "chance": 0
        },
        {
          "dbSymbol": "none",
          "chance": 0
        }
      ],
      "abilities": [
        "download",
        "download",
        "download"
      ],
      "frontOffsetY": 0,
      "resources": {
        "icon": "649_03",
        "iconShiny": "",
        "front": "649_03",
        "frontShiny": "649_03",
        "back": "649_03",
        "backShiny": "649_03",
        "footprint": "649",
        "character": "649_3",
        "characterShiny": "649s_3",
        "cry": "649cry.ogg",
        "hasFemale": false
      },
      "moveSet": [
        {
          "klass": "LevelLearnableMove",
          "move": "fell_stinger",
          "level": 1
        },
        {
          "klass": "LevelLearnableMove",
          "move": "metal_claw",
          "level": 1
        },
        {
          "klass": "LevelLearnableMove",
          "move": "screech",
          "level": 1
        },
        {
          "klass": "LevelLearnableMove",
          "move": "techno_blast",
          "level": 1
        },
        {
          "klass": "LevelLearnableMove",
          "move": "magnet_rise",
          "level": 1
        },
        {
          "klass": "LevelLearnableMove",
          "move": "quick_attack",
          "level": 1
        },
        {
          "klass": "LevelLearnableMove",
          "move": "fury_cutter",
          "level": 7
        },
        {
          "klass": "LevelLearnableMove",
          "move": "lock_on",
          "level": 11
        },
        {
          "klass": "LevelLearnableMove",
          "move": "flame_charge",
          "level": 18
        },
        {
          "klass": "LevelLearnableMove",
          "move": "magnet_bomb",
          "level": 22
        },
        {
          "klass": "LevelLearnableMove",
          "move": "slash",
          "level": 29
        },
        {
          "klass": "LevelLearnableMove",
          "move": "metal_sound",
          "level": 33
        },
        {
          "klass": "LevelLearnableMove",
          "move": "signal_beam",
          "level": 40
        },
        {
          "klass": "LevelLearnableMove",
          "move": "tri_attack",
          "level": 44
        },
        {
          "klass": "LevelLearnableMove",
          "move": "x_scissor",
          "level": 51
        },
        {
          "klass": "LevelLearnableMove",
          "move": "bug_buzz",
          "level": 55
        },
        {
          "klass": "LevelLearnableMove",
          "move": "simple_beam",
          "level": 62
        },
        {
          "klass": "LevelLearnableMove",
          "move": "zap_cannon",
          "level": 66
        },
        {
          "klass": "LevelLearnableMove",
          "move": "hyper_beam",
          "level": 73
        },
        {
          "klass": "LevelLearnableMove",
          "move": "self_destruct",
          "level": 77
        },
        {
          "klass": "TutorLearnableMove",
          "move": "last_resort"
        },
        {
          "klass": "TutorLearnableMove",
          "move": "gunk_shot"
        },
        {
          "klass": "TutorLearnableMove",
          "move": "giga_drain"
        },
        {
          "klass": "TutorLearnableMove",
          "move": "gravity"
        },
        {
          "klass": "TutorLearnableMove",
          "move": "ally_switch"
        },
        {
          "klass": "TutorLearnableMove",
          "move": "telekinesis"
        },
        {
          "klass": "TutorLearnableMove",
          "move": "iron_defense"
        },
        {
          "klass": "TutorLearnableMove",
          "move": "shock_wave"
        },
        {
          "klass": "TutorLearnableMove",
          "move": "bug_bite"
        },
        {
          "klass": "TutorLearnableMove",
          "move": "signal_beam"
        },
        {
          "klass": "TutorLearnableMove",
          "move": "recycle"
        },
        {
          "klass": "TutorLearnableMove",
          "move": "magic_coat"
        },
        {
          "klass": "TutorLearnableMove",
          "move": "snore"
        },
        {
          "klass": "TutorLearnableMove",
          "move": "iron_head"
        },
        {
          "klass": "TutorLearnableMove",
          "move": "electroweb"
        },
        {
          "klass": "TutorLearnableMove",
          "move": "zen_headbutt"
        },
        {
          "klass": "TutorLearnableMove",
          "move": "magnet_rise"
        },
        {
          "klass": "TechLearnableMove",
          "move": "toxic"
        },
        {
          "klass": "TechLearnableMove",
          "move": "hidden_power"
        },
        {
          "klass": "TechLearnableMove",
          "move": "ice_beam"
        },
        {
          "klass": "TechLearnableMove",
          "move": "blizzard"
        },
        {
          "klass": "TechLearnableMove",
          "move": "hyper_beam"
        },
        {
          "klass": "TechLearnableMove",
          "move": "light_screen"
        },
        {
          "klass": "TechLearnableMove",
          "move": "protect"
        },
        {
          "klass": "TechLearnableMove",
          "move": "frustration"
        },
        {
          "klass": "TechLearnableMove",
          "move": "solar_beam"
        },
        {
          "klass": "TechLearnableMove",
          "move": "thunderbolt"
        },
        {
          "klass": "TechLearnableMove",
          "move": "thunder"
        },
        {
          "klass": "TechLearnableMove",
          "move": "return"
        },
        {
          "klass": "TechLearnableMove",
          "move": "psychic"
        },
        {
          "klass": "TechLearnableMove",
          "move": "double_team"
        },
        {
          "klass": "TechLearnableMove",
          "move": "reflect"
        },
        {
          "klass": "TechLearnableMove",
          "move": "flamethrower"
        },
        {
          "klass": "TechLearnableMove",
          "move": "aerial_ace"
        },
        {
          "klass": "TechLearnableMove",
          "move": "facade"
        },
        {
          "klass": "TechLearnableMove",
          "move": "flame_charge"
        },
        {
          "klass": "TechLearnableMove",
          "move": "rest"
        },
        {
          "klass": "TechLearnableMove",
          "move": "round"
        },
        {
          "klass": "TechLearnableMove",
          "move": "energy_ball"
        },
        {
          "klass": "TechLearnableMove",
          "move": "charge_beam"
        },
        {
          "klass": "TechLearnableMove",
          "move": "explosion"
        },
        {
          "klass": "TechLearnableMove",
          "move": "shadow_claw"
        },
        {
          "klass": "TechLearnableMove",
          "move": "giga_impact"
        },
        {
          "klass": "TechLearnableMove",
          "move": "rock_polish"
        },
        {
          "klass": "TechLearnableMove",
          "move": "thunder_wave"
        },
        {
          "klass": "TechLearnableMove",
          "move": "fly"
        },
        {
          "klass": "TechLearnableMove",
          "move": "x_scissor"
        },
        {
          "klass": "TechLearnableMove",
          "move": "infestation"
        },
        {
          "klass": "TechLearnableMove",
          "move": "swagger"
        },
        {
          "klass": "TechLearnableMove",
          "move": "sleep_talk"
        },
        {
          "klass": "TechLearnableMove",
          "move": "u_turn"
        },
        {
          "klass": "TechLearnableMove",
          "move": "substitute"
        },
        {
          "klass": "TechLearnableMove",
          "move": "flash_cannon"
        },
        {
          "klass": "TechLearnableMove",
          "move": "dark_pulse"
        },
        {
          "klass": "TechLearnableMove",
          "move": "confide"
        },
        {
          "klass": "TechLearnableMove",
          "move": "struggle_bug"
        },
        {
          "klass": "TechLearnableMove",
          "move": "secret_power"
        }
      ]
    },
    {
      "form": 4,
      "height": 1.5,
      "weight": 82.5,
      "type1": "bug",
      "type2": "steel",
      "baseHp": 71,
      "baseAtk": 120,
      "baseDfe": 95,
      "baseSpd": 99,
      "baseAts": 120,
      "baseDfs": 95,
      "evHp": 0,
      "evAtk": 1,
      "evDfe": 0,
      "evSpd": 1,
      "evAts": 1,
      "evDfs": 0,
      "evolutions": [],
      "experienceType": 2,
      "baseExperience": 270,
      "baseLoyalty": 0,
      "catchRate": 3,
      "femaleRate": -1,
      "breedGroups": [
        15,
        15
      ],
      "hatchSteps": 30720,
      "babyDbSymbol": "__undef__",
      "babyForm": 4,
      "itemHeld": [
        {
          "dbSymbol": "none",
          "chance": 0
        },
        {
          "dbSymbol": "none",
          "chance": 0
        }
      ],
      "abilities": [
        "download",
        "download",
        "download"
      ],
      "frontOffsetY": 0,
      "resources": {
        "icon": "649_04",
        "iconShiny": "",
        "front": "649_04",
        "frontShiny": "649_04",
        "back": "649_04",
        "backShiny": "649_04",
        "footprint": "649",
        "character": "649_4",
        "characterShiny": "649s_4",
        "cry": "649cry.ogg",
        "hasFemale": false
      },
      "moveSet": [
        {
          "klass": "LevelLearnableMove",
          "move": "fell_stinger",
          "level": 1
        },
        {
          "klass": "LevelLearnableMove",
          "move": "metal_claw",
          "level": 1
        },
        {
          "klass": "LevelLearnableMove",
          "move": "screech",
          "level": 1
        },
        {
          "klass": "LevelLearnableMove",
          "move": "techno_blast",
          "level": 1
        },
        {
          "klass": "LevelLearnableMove",
          "move": "magnet_rise",
          "level": 1
        },
        {
          "klass": "LevelLearnableMove",
          "move": "quick_attack",
          "level": 1
        },
        {
          "klass": "LevelLearnableMove",
          "move": "fury_cutter",
          "level": 7
        },
        {
          "klass": "LevelLearnableMove",
          "move": "lock_on",
          "level": 11
        },
        {
          "klass": "LevelLearnableMove",
          "move": "flame_charge",
          "level": 18
        },
        {
          "klass": "LevelLearnableMove",
          "move": "magnet_bomb",
          "level": 22
        },
        {
          "klass": "LevelLearnableMove",
          "move": "slash",
          "level": 29
        },
        {
          "klass": "LevelLearnableMove",
          "move": "metal_sound",
          "level": 33
        },
        {
          "klass": "LevelLearnableMove",
          "move": "signal_beam",
          "level": 40
        },
        {
          "klass": "LevelLearnableMove",
          "move": "tri_attack",
          "level": 44
        },
        {
          "klass": "LevelLearnableMove",
          "move": "x_scissor",
          "level": 51
        },
        {
          "klass": "LevelLearnableMove",
          "move": "bug_buzz",
          "level": 55
        },
        {
          "klass": "LevelLearnableMove",
          "move": "simple_beam",
          "level": 62
        },
        {
          "klass": "LevelLearnableMove",
          "move": "zap_cannon",
          "level": 66
        },
        {
          "klass": "LevelLearnableMove",
          "move": "hyper_beam",
          "level": 73
        },
        {
          "klass": "LevelLearnableMove",
          "move": "self_destruct",
          "level": 77
        },
        {
          "klass": "TutorLearnableMove",
          "move": "last_resort"
        },
        {
          "klass": "TutorLearnableMove",
          "move": "gunk_shot"
        },
        {
          "klass": "TutorLearnableMove",
          "move": "giga_drain"
        },
        {
          "klass": "TutorLearnableMove",
          "move": "gravity"
        },
        {
          "klass": "TutorLearnableMove",
          "move": "ally_switch"
        },
        {
          "klass": "TutorLearnableMove",
          "move": "telekinesis"
        },
        {
          "klass": "TutorLearnableMove",
          "move": "iron_defense"
        },
        {
          "klass": "TutorLearnableMove",
          "move": "shock_wave"
        },
        {
          "klass": "TutorLearnableMove",
          "move": "bug_bite"
        },
        {
          "klass": "TutorLearnableMove",
          "move": "signal_beam"
        },
        {
          "klass": "TutorLearnableMove",
          "move": "recycle"
        },
        {
          "klass": "TutorLearnableMove",
          "move": "magic_coat"
        },
        {
          "klass": "TutorLearnableMove",
          "move": "snore"
        },
        {
          "klass": "TutorLearnableMove",
          "move": "iron_head"
        },
        {
          "klass": "TutorLearnableMove",
          "move": "electroweb"
        },
        {
          "klass": "TutorLearnableMove",
          "move": "zen_headbutt"
        },
        {
          "klass": "TutorLearnableMove",
          "move": "magnet_rise"
        },
        {
          "klass": "TechLearnableMove",
          "move": "toxic"
        },
        {
          "klass": "TechLearnableMove",
          "move": "hidden_power"
        },
        {
          "klass": "TechLearnableMove",
          "move": "ice_beam"
        },
        {
          "klass": "TechLearnableMove",
          "move": "blizzard"
        },
        {
          "klass": "TechLearnableMove",
          "move": "hyper_beam"
        },
        {
          "klass": "TechLearnableMove",
          "move": "light_screen"
        },
        {
          "klass": "TechLearnableMove",
          "move": "protect"
        },
        {
          "klass": "TechLearnableMove",
          "move": "frustration"
        },
        {
          "klass": "TechLearnableMove",
          "move": "solar_beam"
        },
        {
          "klass": "TechLearnableMove",
          "move": "thunderbolt"
        },
        {
          "klass": "TechLearnableMove",
          "move": "thunder"
        },
        {
          "klass": "TechLearnableMove",
          "move": "return"
        },
        {
          "klass": "TechLearnableMove",
          "move": "psychic"
        },
        {
          "klass": "TechLearnableMove",
          "move": "double_team"
        },
        {
          "klass": "TechLearnableMove",
          "move": "reflect"
        },
        {
          "klass": "TechLearnableMove",
          "move": "flamethrower"
        },
        {
          "klass": "TechLearnableMove",
          "move": "aerial_ace"
        },
        {
          "klass": "TechLearnableMove",
          "move": "facade"
        },
        {
          "klass": "TechLearnableMove",
          "move": "flame_charge"
        },
        {
          "klass": "TechLearnableMove",
          "move": "rest"
        },
        {
          "klass": "TechLearnableMove",
          "move": "round"
        },
        {
          "klass": "TechLearnableMove",
          "move": "energy_ball"
        },
        {
          "klass": "TechLearnableMove",
          "move": "charge_beam"
        },
        {
          "klass": "TechLearnableMove",
          "move": "explosion"
        },
        {
          "klass": "TechLearnableMove",
          "move": "shadow_claw"
        },
        {
          "klass": "TechLearnableMove",
          "move": "giga_impact"
        },
        {
          "klass": "TechLearnableMove",
          "move": "rock_polish"
        },
        {
          "klass": "TechLearnableMove",
          "move": "thunder_wave"
        },
        {
          "klass": "TechLearnableMove",
          "move": "fly"
        },
        {
          "klass": "TechLearnableMove",
          "move": "x_scissor"
        },
        {
          "klass": "TechLearnableMove",
          "move": "infestation"
        },
        {
          "klass": "TechLearnableMove",
          "move": "swagger"
        },
        {
          "klass": "TechLearnableMove",
          "move": "sleep_talk"
        },
        {
          "klass": "TechLearnableMove",
          "move": "u_turn"
        },
        {
          "klass": "TechLearnableMove",
          "move": "substitute"
        },
        {
          "klass": "TechLearnableMove",
          "move": "flash_cannon"
        },
        {
          "klass": "TechLearnableMove",
          "move": "dark_pulse"
        },
        {
          "klass": "TechLearnableMove",
          "move": "confide"
        },
        {
          "klass": "TechLearnableMove",
          "move": "struggle_bug"
        },
        {
          "klass": "TechLearnableMove",
          "move": "secret_power"
        }
      ]
    }
  ]
}