{
  "klass": "Specie",
  "id": 94,
  "dbSymbol": "gengar",
  "forms": [
    {
      "form": 0,
      "height": 1.5,
      "weight": 40.5,
      "type1": "ghost",
      "type2": "poison",
      "baseHp": 60,
      "baseAtk": 65,
      "baseDfe": 60,
      "baseSpd": 110,
      "baseAts": 130,
      "baseDfs": 75,
      "evHp": 0,
      "evAtk": 0,
      "evDfe": 0,
      "evSpd": 0,
      "evAts": 3,
      "evDfs": 0,
      "evolutions": [
        {
          "form": 30,
          "conditions": [
            {
              "type": "gemme",
              "value": "gengarite"
            }
          ]
        }
      ],
      "experienceType": 3,
      "baseExperience": 225,
      "baseLoyalty": 70,
      "catchRate": 45,
      "femaleRate": 50,
      "breedGroups": [
        11,
        11
      ],
      "hatchSteps": 5120,
      "babyDbSymbol": "gastly",
      "babyForm": 0,
      "itemHeld": [
        {
          "dbSymbol": "none",
          "chance": 0
        },
        {
          "dbSymbol": "none",
          "chance": 0
        }
      ],
      "abilities": [
        "cursed_body",
        "cursed_body",
        "cursed_body"
      ],
      "frontOffsetY": 0,
      "moveSet": [
        {
          "klass": "LevelLearnableMove",
          "move": "hypnosis",
          "level": 1
        },
        {
          "klass": "LevelLearnableMove",
          "move": "lick",
          "level": 1
        },
        {
          "klass": "LevelLearnableMove",
          "move": "spite",
          "level": 1
        },
        {
          "klass": "LevelLearnableMove",
          "move": "shadow_punch",
          "level": 1
        },
        {
          "klass": "LevelLearnableMove",
          "move": "spite",
          "level": 5
        },
        {
          "klass": "LevelLearnableMove",
          "move": "mean_look",
          "level": 8
        },
        {
          "klass": "LevelLearnableMove",
          "move": "curse",
          "level": 12
        },
        {
          "klass": "LevelLearnableMove",
          "move": "night_shade",
          "level": 15
        },
        {
          "klass": "LevelLearnableMove",
          "move": "confuse_ray",
          "level": 19
        },
        {
          "klass": "LevelLearnableMove",
          "move": "sucker_punch",
          "level": 22
        },
        {
          "klass": "LevelLearnableMove",
          "move": "shadow_punch",
          "level": 25
        },
        {
          "klass": "LevelLearnableMove",
          "move": "payback",
          "level": 28
        },
        {
          "klass": "LevelLearnableMove",
          "move": "shadow_ball",
          "level": 33
        },
        {
          "klass": "LevelLearnableMove",
          "move": "dream_eater",
          "level": 39
        },
        {
          "klass": "LevelLearnableMove",
          "move": "dark_pulse",
          "level": 44
        },
        {
          "klass": "LevelLearnableMove",
          "move": "destiny_bond",
          "level": 50
        },
        {
          "klass": "LevelLearnableMove",
          "move": "hex",
          "level": 55
        },
        {
          "klass": "LevelLearnableMove",
          "move": "nightmare",
          "level": 61
        },
        {
          "klass": "TutorLearnableMove",
          "move": "laser_focus"
        },
        {
          "klass": "TutorLearnableMove",
          "move": "pain_split"
        },
        {
          "klass": "TutorLearnableMove",
          "move": "uproar"
        },
        {
          "klass": "TutorLearnableMove",
          "move": "spite"
        },
        {
          "klass": "TutorLearnableMove",
          "move": "skill_swap"
        },
        {
          "klass": "TutorLearnableMove",
          "move": "giga_drain"
        },
        {
          "klass": "TutorLearnableMove",
          "move": "ally_switch"
        },
        {
          "klass": "TutorLearnableMove",
          "move": "telekinesis"
        },
        {
          "klass": "TutorLearnableMove",
          "move": "focus_punch"
        },
        {
          "klass": "TutorLearnableMove",
          "move": "thunder_punch"
        },
        {
          "klass": "TutorLearnableMove",
          "move": "fire_punch"
        },
        {
          "klass": "TutorLearnableMove",
          "move": "ice_punch"
        },
        {
          "klass": "TutorLearnableMove",
          "move": "snore"
        },
        {
          "klass": "TutorLearnableMove",
          "move": "knock_off"
        },
        {
          "klass": "TutorLearnableMove",
          "move": "snatch"
        },
        {
          "klass": "TutorLearnableMove",
          "move": "trick"
        },
        {
          "klass": "TutorLearnableMove",
          "move": "role_play"
        },
        {
          "klass": "TutorLearnableMove",
          "move": "foul_play"
        },
        {
          "klass": "TutorLearnableMove",
          "move": "drain_punch"
        },
        {
          "klass": "TutorLearnableMove",
          "move": "icy_wind"
        },
        {
          "klass": "TutorLearnableMove",
          "move": "wonder_room"
        },
        {
          "klass": "TechLearnableMove",
          "move": "toxic"
        },
        {
          "klass": "TechLearnableMove",
          "move": "venoshock"
        },
        {
          "klass": "TechLearnableMove",
          "move": "hidden_power"
        },
        {
          "klass": "TechLearnableMove",
          "move": "sunny_day"
        },
        {
          "klass": "TechLearnableMove",
          "move": "taunt"
        },
        {
          "klass": "TechLearnableMove",
          "move": "hyper_beam"
        },
        {
          "klass": "TechLearnableMove",
          "move": "protect"
        },
        {
          "klass": "TechLearnableMove",
          "move": "rain_dance"
        },
        {
          "klass": "TechLearnableMove",
          "move": "frustration"
        },
        {
          "klass": "TechLearnableMove",
          "move": "thunderbolt"
        },
        {
          "klass": "TechLearnableMove",
          "move": "thunder"
        },
        {
          "klass": "TechLearnableMove",
          "move": "return"
        },
        {
          "klass": "TechLearnableMove",
          "move": "psychic"
        },
        {
          "klass": "TechLearnableMove",
          "move": "shadow_ball"
        },
        {
          "klass": "TechLearnableMove",
          "move": "brick_break"
        },
        {
          "klass": "TechLearnableMove",
          "move": "double_team"
        },
        {
          "klass": "TechLearnableMove",
          "move": "sludge_bomb"
        },
        {
          "klass": "TechLearnableMove",
          "move": "torment"
        },
        {
          "klass": "TechLearnableMove",
          "move": "facade"
        },
        {
          "klass": "TechLearnableMove",
          "move": "rest"
        },
        {
          "klass": "TechLearnableMove",
          "move": "attract"
        },
        {
          "klass": "TechLearnableMove",
          "move": "thief"
        },
        {
          "klass": "TechLearnableMove",
          "move": "round"
        },
        {
          "klass": "TechLearnableMove",
          "move": "focus_blast"
        },
        {
          "klass": "TechLearnableMove",
          "move": "energy_ball"
        },
        {
          "klass": "TechLearnableMove",
          "move": "fling"
        },
        {
          "klass": "TechLearnableMove",
          "move": "will_o_wisp"
        },
        {
          "klass": "TechLearnableMove",
          "move": "embargo"
        },
        {
          "klass": "TechLearnableMove",
          "move": "explosion"
        },
        {
          "klass": "TechLearnableMove",
          "move": "shadow_claw"
        },
        {
          "klass": "TechLearnableMove",
          "move": "payback"
        },
        {
          "klass": "TechLearnableMove",
          "move": "giga_impact"
        },
        {
          "klass": "TechLearnableMove",
          "move": "psych_up"
        },
        {
          "klass": "TechLearnableMove",
          "move": "infestation"
        },
        {
          "klass": "TechLearnableMove",
          "move": "poison_jab"
        },
        {
          "klass": "TechLearnableMove",
          "move": "dream_eater"
        },
        {
          "klass": "TechLearnableMove",
          "move": "swagger"
        },
        {
          "klass": "TechLearnableMove",
          "move": "sleep_talk"
        },
        {
          "klass": "TechLearnableMove",
          "move": "substitute"
        },
        {
          "klass": "TechLearnableMove",
          "move": "trick_room"
        },
        {
          "klass": "TechLearnableMove",
          "move": "dark_pulse"
        },
        {
          "klass": "TechLearnableMove",
          "move": "dazzling_gleam"
        },
        {
          "klass": "TechLearnableMove",
          "move": "confide"
        },
        {
          "klass": "TechLearnableMove",
          "move": "secret_power"
        },
        {
          "klass": "TechLearnableMove",
          "move": "power_up_punch"
        },
        {
          "klass": "TechLearnableMove",
          "move": "strength"
        },
        {
          "klass": "TechLearnableMove",
          "move": "rock_smash"
        },
        {
          "klass": "EvolutionLearnableMove",
          "move": "shadow_punch"
        }
      ],
      "resources": {
        "icon": "094",
        "iconShiny": "",
        "front": "094",
        "frontShiny": "094",
        "back": "094",
        "backShiny": "094",
        "footprint": "094",
        "character": "094_0",
        "characterShiny": "094s_0",
        "cry": "094cry.ogg",
        "hasFemale": false
      }
    },
    {
      "form": 30,
      "height": 1.4,
      "weight": 40.5,
      "type1": "ghost",
      "type2": "poison",
      "baseHp": 60,
      "baseAtk": 65,
      "baseDfe": 80,
      "baseSpd": 130,
      "baseAts": 170,
      "baseDfs": 95,
      "evHp": 0,
      "evAtk": 0,
      "evDfe": 0,
      "evSpd": 0,
      "evAts": 3,
      "evDfs": 0,
      "evolutions": [],
      "experienceType": 3,
      "baseExperience": 270,
      "baseLoyalty": 70,
      "catchRate": 45,
      "femaleRate": 50,
      "breedGroups": [
        11,
        11
      ],
      "hatchSteps": 5120,
      "babyDbSymbol": "gastly",
      "babyForm": 0,
      "itemHeld": [
        {
          "dbSymbol": "none",
          "chance": 0
        },
        {
          "dbSymbol": "none",
          "chance": 0
        }
      ],
      "abilities": [
        "shadow_tag",
        "shadow_tag",
        "shadow_tag"
      ],
      "frontOffsetY": 0,
      "moveSet": [
        {
          "klass": "LevelLearnableMove",
          "move": "hypnosis",
          "level": 1
        },
        {
          "klass": "LevelLearnableMove",
          "move": "lick",
          "level": 1
        },
        {
          "klass": "LevelLearnableMove",
          "move": "spite",
          "level": 1
        },
        {
          "klass": "LevelLearnableMove",
          "move": "spite",
          "level": 5
        },
        {
          "klass": "LevelLearnableMove",
          "move": "mean_look",
          "level": 8
        },
        {
          "klass": "LevelLearnableMove",
          "move": "curse",
          "level": 12
        },
        {
          "klass": "LevelLearnableMove",
          "move": "night_shade",
          "level": 15
        },
        {
          "klass": "LevelLearnableMove",
          "move": "confuse_ray",
          "level": 19
        },
        {
          "klass": "LevelLearnableMove",
          "move": "sucker_punch",
          "level": 22
        },
        {
          "klass": "LevelLearnableMove",
          "move": "shadow_punch",
          "level": 25
        },
        {
          "klass": "LevelLearnableMove",
          "move": "payback",
          "level": 28
        },
        {
          "klass": "LevelLearnableMove",
          "move": "shadow_ball",
          "level": 33
        },
        {
          "klass": "LevelLearnableMove",
          "move": "dream_eater",
          "level": 39
        },
        {
          "klass": "LevelLearnableMove",
          "move": "dark_pulse",
          "level": 44
        },
        {
          "klass": "LevelLearnableMove",
          "move": "destiny_bond",
          "level": 50
        },
        {
          "klass": "LevelLearnableMove",
          "move": "hex",
          "level": 55
        },
        {
          "klass": "LevelLearnableMove",
          "move": "nightmare",
          "level": 61
        },
        {
          "klass": "TechLearnableMove",
          "move": "toxic"
        },
        {
          "klass": "TechLearnableMove",
          "move": "venoshock"
        },
        {
          "klass": "TechLearnableMove",
          "move": "hidden_power"
        },
        {
          "klass": "TechLearnableMove",
          "move": "sunny_day"
        },
        {
          "klass": "TechLearnableMove",
          "move": "taunt"
        },
        {
          "klass": "TechLearnableMove",
          "move": "hyper_beam"
        },
        {
          "klass": "TechLearnableMove",
          "move": "protect"
        },
        {
          "klass": "TechLearnableMove",
          "move": "rain_dance"
        },
        {
          "klass": "TechLearnableMove",
          "move": "frustration"
        },
        {
          "klass": "TechLearnableMove",
          "move": "thunderbolt"
        },
        {
          "klass": "TechLearnableMove",
          "move": "thunder"
        },
        {
          "klass": "TechLearnableMove",
          "move": "return"
        },
        {
          "klass": "TechLearnableMove",
          "move": "psychic"
        },
        {
          "klass": "TechLearnableMove",
          "move": "shadow_ball"
        },
        {
          "klass": "TechLearnableMove",
          "move": "brick_break"
        },
        {
          "klass": "TechLearnableMove",
          "move": "double_team"
        },
        {
          "klass": "TechLearnableMove",
          "move": "sludge_bomb"
        },
        {
          "klass": "TechLearnableMove",
          "move": "torment"
        },
        {
          "klass": "TechLearnableMove",
          "move": "facade"
        },
        {
          "klass": "TechLearnableMove",
          "move": "rest"
        },
        {
          "klass": "TechLearnableMove",
          "move": "attract"
        },
        {
          "klass": "TechLearnableMove",
          "move": "round"
        },
        {
          "klass": "TechLearnableMove",
          "move": "focus_blast"
        },
        {
          "klass": "TechLearnableMove",
          "move": "energy_ball"
        },
        {
          "klass": "TechLearnableMove",
          "move": "fling"
        },
        {
          "klass": "TechLearnableMove",
          "move": "will_o_wisp"
        },
        {
          "klass": "TechLearnableMove",
          "move": "embargo"
        },
        {
          "klass": "TechLearnableMove",
          "move": "explosion"
        },
        {
          "klass": "TechLearnableMove",
          "move": "shadow_claw"
        },
        {
          "klass": "TechLearnableMove",
          "move": "payback"
        },
        {
          "klass": "TechLearnableMove",
          "move": "giga_impact"
        },
        {
          "klass": "TechLearnableMove",
          "move": "psych_up"
        },
        {
          "klass": "TechLearnableMove",
          "move": "infestation"
        },
        {
          "klass": "TechLearnableMove",
          "move": "poison_jab"
        },
        {
          "klass": "TechLearnableMove",
          "move": "dream_eater"
        },
        {
          "klass": "TechLearnableMove",
          "move": "swagger"
        },
        {
          "klass": "TechLearnableMove",
          "move": "sleep_talk"
        },
        {
          "klass": "TechLearnableMove",
          "move": "substitute"
        },
        {
          "klass": "TechLearnableMove",
          "move": "trick_room"
        },
        {
          "klass": "TechLearnableMove",
          "move": "secret_power"
        },
        {
          "klass": "TechLearnableMove",
          "move": "dark_pulse"
        },
        {
          "klass": "TechLearnableMove",
          "move": "power_up_punch"
        },
        {
          "klass": "TechLearnableMove",
          "move": "dazzling_gleam"
        },
        {
          "klass": "TechLearnableMove",
          "move": "confide"
        },
        {
          "klass": "TechLearnableMove",
          "move": "strength"
        },
        {
          "klass": "TechLearnableMove",
          "move": "rock_smash"
        }
      ],
      "resources": {
        "icon": "094_30",
        "iconShiny": "",
        "front": "094_30",
        "frontShiny": "094_30",
        "back": "094_30",
        "backShiny": "094_30",
        "footprint": "094",
        "character": "094_30",
        "characterShiny": "094s_30",
        "cry": "094_30cry.ogg",
        "hasFemale": false
      }
    }
  ]
}