{
  "klass": "Specie",
  "id": 443,
  "dbSymbol": "gible",
  "forms": [
    {
      "form": 0,
      "height": 0.7,
      "weight": 20.5,
      "type1": "dragon",
      "type2": "ground",
      "baseHp": 58,
      "baseAtk": 70,
      "baseDfe": 45,
      "baseSpd": 42,
      "baseAts": 40,
      "baseDfs": 45,
      "evHp": 0,
      "evAtk": 1,
      "evDfe": 0,
      "evSpd": 0,
      "evAts": 0,
      "evDfs": 0,
      "evolutions": [
        {
          "dbSymbol": "gabite",
          "form": 0,
          "conditions": [
            {
              "type": "minLevel",
              "value": 24
            }
          ]
        }
      ],
      "experienceType": 2,
      "baseExperience": 60,
      "baseLoyalty": 70,
      "catchRate": 45,
      "femaleRate": 50,
      "breedGroups": [
        1,
        14
      ],
      "hatchSteps": 10240,
      "babyDbSymbol": "gible",
      "babyForm": 0,
      "itemHeld": [
        {
          "dbSymbol": "none",
          "chance": 0
        },
        {
          "dbSymbol": "none",
          "chance": 0
        }
      ],
      "abilities": [
        "sand_veil",
        "sand_veil",
        "rough_skin"
      ],
      "frontOffsetY": 0,
      "moveSet": [
        {
          "klass": "LevelLearnableMove",
          "move": "tackle",
          "level": 1
        },
        {
          "klass": "LevelLearnableMove",
          "move": "sand_attack",
          "level": 3
        },
        {
          "klass": "LevelLearnableMove",
          "move": "dragon_rage",
          "level": 7
        },
        {
          "klass": "LevelLearnableMove",
          "move": "sandstorm",
          "level": 13
        },
        {
          "klass": "LevelLearnableMove",
          "move": "take_down",
          "level": 15
        },
        {
          "klass": "LevelLearnableMove",
          "move": "sand_tomb",
          "level": 19
        },
        {
          "klass": "LevelLearnableMove",
          "move": "slash",
          "level": 25
        },
        {
          "klass": "LevelLearnableMove",
          "move": "dragon_claw",
          "level": 27
        },
        {
          "klass": "LevelLearnableMove",
          "move": "dig",
          "level": 31
        },
        {
          "klass": "LevelLearnableMove",
          "move": "dragon_rush",
          "level": 37
        },
        {
          "klass": "TutorLearnableMove",
          "move": "outrage"
        },
        {
          "klass": "TutorLearnableMove",
          "move": "dragon_pulse"
        },
        {
          "klass": "TutorLearnableMove",
          "move": "draco_meteor"
        },
        {
          "klass": "TutorLearnableMove",
          "move": "iron_tail"
        },
        {
          "klass": "TutorLearnableMove",
          "move": "snore"
        },
        {
          "klass": "TutorLearnableMove",
          "move": "earth_power"
        },
        {
          "klass": "TutorLearnableMove",
          "move": "iron_head"
        },
        {
          "klass": "TutorLearnableMove",
          "move": "stealth_rock"
        },
        {
          "klass": "TechLearnableMove",
          "move": "dragon_claw"
        },
        {
          "klass": "TechLearnableMove",
          "move": "roar"
        },
        {
          "klass": "TechLearnableMove",
          "move": "toxic"
        },
        {
          "klass": "TechLearnableMove",
          "move": "hidden_power"
        },
        {
          "klass": "TechLearnableMove",
          "move": "sunny_day"
        },
        {
          "klass": "TechLearnableMove",
          "move": "protect"
        },
        {
          "klass": "TechLearnableMove",
          "move": "rain_dance"
        },
        {
          "klass": "TechLearnableMove",
          "move": "frustration"
        },
        {
          "klass": "TechLearnableMove",
          "move": "earthquake"
        },
        {
          "klass": "TechLearnableMove",
          "move": "return"
        },
        {
          "klass": "TechLearnableMove",
          "move": "double_team"
        },
        {
          "klass": "TechLearnableMove",
          "move": "flamethrower"
        },
        {
          "klass": "TechLearnableMove",
          "move": "sandstorm"
        },
        {
          "klass": "TechLearnableMove",
          "move": "fire_blast"
        },
        {
          "klass": "TechLearnableMove",
          "move": "rock_tomb"
        },
        {
          "klass": "TechLearnableMove",
          "move": "aerial_ace"
        },
        {
          "klass": "TechLearnableMove",
          "move": "facade"
        },
        {
          "klass": "TechLearnableMove",
          "move": "rest"
        },
        {
          "klass": "TechLearnableMove",
          "move": "attract"
        },
        {
          "klass": "TechLearnableMove",
          "move": "round"
        },
        {
          "klass": "TechLearnableMove",
          "move": "shadow_claw"
        },
        {
          "klass": "TechLearnableMove",
          "move": "stone_edge"
        },
        {
          "klass": "TechLearnableMove",
          "move": "bulldoze"
        },
        {
          "klass": "TechLearnableMove",
          "move": "rock_slide"
        },
        {
          "klass": "TechLearnableMove",
          "move": "swagger"
        },
        {
          "klass": "TechLearnableMove",
          "move": "sleep_talk"
        },
        {
          "klass": "TechLearnableMove",
          "move": "substitute"
        },
        {
          "klass": "TechLearnableMove",
          "move": "confide"
        },
        {
          "klass": "TechLearnableMove",
          "move": "secret_power"
        },
        {
          "klass": "TechLearnableMove",
          "move": "cut"
        },
        {
          "klass": "TechLearnableMove",
          "move": "strength"
        },
        {
          "klass": "TechLearnableMove",
          "move": "rock_smash"
        },
        {
          "klass": "TechLearnableMove",
          "move": "rock_climb"
        },
        {
          "klass": "BreedLearnableMove",
          "move": "body_slam"
        },
        {
          "klass": "BreedLearnableMove",
          "move": "double_edge"
        },
        {
          "klass": "BreedLearnableMove",
          "move": "dragon_breath"
        },
        {
          "klass": "BreedLearnableMove",
          "move": "iron_head"
        },
        {
          "klass": "BreedLearnableMove",
          "move": "iron_tail"
        },
        {
          "klass": "BreedLearnableMove",
          "move": "metal_claw"
        },
        {
          "klass": "BreedLearnableMove",
          "move": "mud_shot"
        },
        {
          "klass": "BreedLearnableMove",
          "move": "outrage"
        },
        {
          "klass": "BreedLearnableMove",
          "move": "rock_climb"
        },
        {
          "klass": "BreedLearnableMove",
          "move": "sand_tomb"
        },
        {
          "klass": "BreedLearnableMove",
          "move": "scary_face"
        },
        {
          "klass": "BreedLearnableMove",
          "move": "thrash"
        },
        {
          "klass": "BreedLearnableMove",
          "move": "twister"
        }
      ],
      "resources": {
        "icon": "443",
        "iconShiny": "",
        "front": "443",
        "frontF": "443f",
        "frontShiny": "443",
        "frontShinyF": "443f",
        "back": "443",
        "backF": "443f",
        "backShiny": "443",
        "backShinyF": "443f",
        "footprint": "443",
        "character": "443_0",
        "characterF": "443f_0",
        "characterShiny": "443s_0",
        "characterShinyF": "443fs_0",
        "cry": "443cry.ogg",
        "hasFemale": true
      }
    }
  ]
}