{
  "klass": "Specie",
  "id": 487,
  "dbSymbol": "giratina",
  "forms": [
    {
      "form": 0,
      "height": 4.5,
      "weight": 750,
      "type1": "ghost",
      "type2": "dragon",
      "baseHp": 150,
      "baseAtk": 100,
      "baseDfe": 120,
      "baseSpd": 90,
      "baseAts": 100,
      "baseDfs": 120,
      "evHp": 3,
      "evAtk": 0,
      "evDfe": 0,
      "evSpd": 0,
      "evAts": 0,
      "evDfs": 0,
      "evolutions": [],
      "experienceType": 2,
      "baseExperience": 306,
      "baseLoyalty": 0,
      "catchRate": 3,
      "femaleRate": -1,
      "breedGroups": [
        15,
        15
      ],
      "hatchSteps": 30720,
      "babyDbSymbol": "__undef__",
      "babyForm": 0,
      "itemHeld": [
        {
          "dbSymbol": "none",
          "chance": 0
        },
        {
          "dbSymbol": "none",
          "chance": 0
        }
      ],
      "abilities": [
        "pressure",
        "pressure",
        "telepathy"
      ],
      "frontOffsetY": 0,
      "resources": {
        "icon": "487",
        "iconShiny": "",
        "front": "487",
        "frontShiny": "487",
        "back": "487",
        "backShiny": "487",
        "footprint": "487",
        "character": "487_0",
        "characterShiny": "487s_0",
        "cry": "487cry.ogg",
        "hasFemale": false
      },
      "moveSet": [
        {
          "klass": "LevelLearnableMove",
          "move": "dragon_breath",
          "level": 1
        },
        {
          "klass": "LevelLearnableMove",
          "move": "scary_face",
          "level": 1
        },
        {
          "klass": "LevelLearnableMove",
          "move": "ominous_wind",
          "level": 6
        },
        {
          "klass": "LevelLearnableMove",
          "move": "ancient_power",
          "level": 10
        },
        {
          "klass": "LevelLearnableMove",
          "move": "slash",
          "level": 15
        },
        {
          "klass": "LevelLearnableMove",
          "move": "shadow_sneak",
          "level": 19
        },
        {
          "klass": "LevelLearnableMove",
          "move": "destiny_bond",
          "level": 24
        },
        {
          "klass": "LevelLearnableMove",
          "move": "dragon_claw",
          "level": 28
        },
        {
          "klass": "LevelLearnableMove",
          "move": "earth_power",
          "level": 33
        },
        {
          "klass": "LevelLearnableMove",
          "move": "aura_sphere",
          "level": 37
        },
        {
          "klass": "LevelLearnableMove",
          "move": "shadow_claw",
          "level": 42
        },
        {
          "klass": "LevelLearnableMove",
          "move": "shadow_force",
          "level": 46
        },
        {
          "klass": "LevelLearnableMove",
          "move": "hex",
          "level": 50
        },
        {
          "klass": "TutorLearnableMove",
          "move": "defog"
        },
        {
          "klass": "TutorLearnableMove",
          "move": "pain_split"
        },
        {
          "klass": "TutorLearnableMove",
          "move": "outrage"
        },
        {
          "klass": "TutorLearnableMove",
          "move": "spite"
        },
        {
          "klass": "TutorLearnableMove",
          "move": "dragon_pulse"
        },
        {
          "klass": "TutorLearnableMove",
          "move": "draco_meteor"
        },
        {
          "klass": "TutorLearnableMove",
          "move": "gravity"
        },
        {
          "klass": "TutorLearnableMove",
          "move": "aqua_tail"
        },
        {
          "klass": "TutorLearnableMove",
          "move": "telekinesis"
        },
        {
          "klass": "TutorLearnableMove",
          "move": "hyper_voice"
        },
        {
          "klass": "TutorLearnableMove",
          "move": "shock_wave"
        },
        {
          "klass": "TutorLearnableMove",
          "move": "iron_tail"
        },
        {
          "klass": "TutorLearnableMove",
          "move": "snore"
        },
        {
          "klass": "TutorLearnableMove",
          "move": "earth_power"
        },
        {
          "klass": "TutorLearnableMove",
          "move": "iron_head"
        },
        {
          "klass": "TutorLearnableMove",
          "move": "icy_wind"
        },
        {
          "klass": "TechLearnableMove",
          "move": "dragon_claw"
        },
        {
          "klass": "TechLearnableMove",
          "move": "calm_mind"
        },
        {
          "klass": "TechLearnableMove",
          "move": "roar"
        },
        {
          "klass": "TechLearnableMove",
          "move": "toxic"
        },
        {
          "klass": "TechLearnableMove",
          "move": "hidden_power"
        },
        {
          "klass": "TechLearnableMove",
          "move": "sunny_day"
        },
        {
          "klass": "TechLearnableMove",
          "move": "hyper_beam"
        },
        {
          "klass": "TechLearnableMove",
          "move": "protect"
        },
        {
          "klass": "TechLearnableMove",
          "move": "rain_dance"
        },
        {
          "klass": "TechLearnableMove",
          "move": "safeguard"
        },
        {
          "klass": "TechLearnableMove",
          "move": "frustration"
        },
        {
          "klass": "TechLearnableMove",
          "move": "thunderbolt"
        },
        {
          "klass": "TechLearnableMove",
          "move": "thunder"
        },
        {
          "klass": "TechLearnableMove",
          "move": "earthquake"
        },
        {
          "klass": "TechLearnableMove",
          "move": "return"
        },
        {
          "klass": "TechLearnableMove",
          "move": "psychic"
        },
        {
          "klass": "TechLearnableMove",
          "move": "shadow_ball"
        },
        {
          "klass": "TechLearnableMove",
          "move": "double_team"
        },
        {
          "klass": "TechLearnableMove",
          "move": "aerial_ace"
        },
        {
          "klass": "TechLearnableMove",
          "move": "facade"
        },
        {
          "klass": "TechLearnableMove",
          "move": "rest"
        },
        {
          "klass": "TechLearnableMove",
          "move": "round"
        },
        {
          "klass": "TechLearnableMove",
          "move": "echoed_voice"
        },
        {
          "klass": "TechLearnableMove",
          "move": "steel_wing"
        },
        {
          "klass": "TechLearnableMove",
          "move": "energy_ball"
        },
        {
          "klass": "TechLearnableMove",
          "move": "charge_beam"
        },
        {
          "klass": "TechLearnableMove",
          "move": "brutal_swing"
        },
        {
          "klass": "TechLearnableMove",
          "move": "will_o_wisp"
        },
        {
          "klass": "TechLearnableMove",
          "move": "shadow_claw"
        },
        {
          "klass": "TechLearnableMove",
          "move": "payback"
        },
        {
          "klass": "TechLearnableMove",
          "move": "giga_impact"
        },
        {
          "klass": "TechLearnableMove",
          "move": "stone_edge"
        },
        {
          "klass": "TechLearnableMove",
          "move": "thunder_wave"
        },
        {
          "klass": "TechLearnableMove",
          "move": "fly"
        },
        {
          "klass": "TechLearnableMove",
          "move": "psych_up"
        },
        {
          "klass": "TechLearnableMove",
          "move": "bulldoze"
        },
        {
          "klass": "TechLearnableMove",
          "move": "dragon_tail"
        },
        {
          "klass": "TechLearnableMove",
          "move": "dream_eater"
        },
        {
          "klass": "TechLearnableMove",
          "move": "swagger"
        },
        {
          "klass": "TechLearnableMove",
          "move": "sleep_talk"
        },
        {
          "klass": "TechLearnableMove",
          "move": "substitute"
        },
        {
          "klass": "TechLearnableMove",
          "move": "dark_pulse"
        },
        {
          "klass": "TechLearnableMove",
          "move": "confide"
        },
        {
          "klass": "TechLearnableMove",
          "move": "secret_power"
        },
        {
          "klass": "TechLearnableMove",
          "move": "cut"
        },
        {
          "klass": "TechLearnableMove",
          "move": "strength"
        },
        {
          "klass": "TechLearnableMove",
          "move": "rock_smash"
        },
        {
          "klass": "TechLearnableMove",
          "move": "rock_climb"
        }
      ]
    },
    {
      "form": 1,
      "height": 6.9,
      "weight": 650,
      "type1": "ghost",
      "type2": "dragon",
      "baseHp": 150,
      "baseAtk": 120,
      "baseDfe": 100,
      "baseSpd": 90,
      "baseAts": 120,
      "baseDfs": 100,
      "evHp": 3,
      "evAtk": 0,
      "evDfe": 0,
      "evSpd": 0,
      "evAts": 0,
      "evDfs": 0,
      "evolutions": [],
      "experienceType": 2,
      "baseExperience": 306,
      "baseLoyalty": 0,
      "catchRate": 3,
      "femaleRate": -1,
      "breedGroups": [
        15,
        15
      ],
      "hatchSteps": 30720,
      "babyDbSymbol": "__undef__",
      "babyForm": 1,
      "itemHeld": [
        {
          "dbSymbol": "none",
          "chance": 0
        },
        {
          "dbSymbol": "none",
          "chance": 0
        }
      ],
      "abilities": [
        "levitate",
        "levitate",
        "levitate"
      ],
      "frontOffsetY": 0,
      "resources": {
        "icon": "487_01",
        "iconShiny": "",
        "front": "487_01",
        "frontShiny": "487_01",
        "back": "487_01",
        "backShiny": "487_01",
        "footprint": "487",
        "character": "487_1",
        "characterShiny": "487s_1",
        "cry": "487cry.ogg",
        "hasFemale": false
      },
      "moveSet": [
        {
          "klass": "LevelLearnableMove",
          "move": "dragon_breath",
          "level": 1
        },
        {
          "klass": "LevelLearnableMove",
          "move": "scary_face",
          "level": 1
        },
        {
          "klass": "LevelLearnableMove",
          "move": "ominous_wind",
          "level": 6
        },
        {
          "klass": "LevelLearnableMove",
          "move": "ancient_power",
          "level": 10
        },
        {
          "klass": "LevelLearnableMove",
          "move": "slash",
          "level": 15
        },
        {
          "klass": "LevelLearnableMove",
          "move": "shadow_sneak",
          "level": 19
        },
        {
          "klass": "LevelLearnableMove",
          "move": "destiny_bond",
          "level": 24
        },
        {
          "klass": "LevelLearnableMove",
          "move": "dragon_claw",
          "level": 28
        },
        {
          "klass": "LevelLearnableMove",
          "move": "earth_power",
          "level": 33
        },
        {
          "klass": "LevelLearnableMove",
          "move": "aura_sphere",
          "level": 37
        },
        {
          "klass": "LevelLearnableMove",
          "move": "shadow_claw",
          "level": 42
        },
        {
          "klass": "LevelLearnableMove",
          "move": "shadow_force",
          "level": 46
        },
        {
          "klass": "LevelLearnableMove",
          "move": "hex",
          "level": 50
        },
        {
          "klass": "TutorLearnableMove",
          "move": "defog"
        },
        {
          "klass": "TutorLearnableMove",
          "move": "outrage"
        },
        {
          "klass": "TutorLearnableMove",
          "move": "spite"
        },
        {
          "klass": "TutorLearnableMove",
          "move": "dragon_pulse"
        },
        {
          "klass": "TutorLearnableMove",
          "move": "draco_meteor"
        },
        {
          "klass": "TutorLearnableMove",
          "move": "gravity"
        },
        {
          "klass": "TutorLearnableMove",
          "move": "aqua_tail"
        },
        {
          "klass": "TutorLearnableMove",
          "move": "telekinesis"
        },
        {
          "klass": "TutorLearnableMove",
          "move": "hyper_voice"
        },
        {
          "klass": "TutorLearnableMove",
          "move": "shock_wave"
        },
        {
          "klass": "TutorLearnableMove",
          "move": "iron_tail"
        },
        {
          "klass": "TutorLearnableMove",
          "move": "magic_coat"
        },
        {
          "klass": "TutorLearnableMove",
          "move": "snore"
        },
        {
          "klass": "TutorLearnableMove",
          "move": "earth_power"
        },
        {
          "klass": "TutorLearnableMove",
          "move": "iron_head"
        },
        {
          "klass": "TutorLearnableMove",
          "move": "tailwind"
        },
        {
          "klass": "TutorLearnableMove",
          "move": "icy_wind"
        },
        {
          "klass": "TechLearnableMove",
          "move": "dragon_claw"
        },
        {
          "klass": "TechLearnableMove",
          "move": "calm_mind"
        },
        {
          "klass": "TechLearnableMove",
          "move": "roar"
        },
        {
          "klass": "TechLearnableMove",
          "move": "toxic"
        },
        {
          "klass": "TechLearnableMove",
          "move": "hidden_power"
        },
        {
          "klass": "TechLearnableMove",
          "move": "sunny_day"
        },
        {
          "klass": "TechLearnableMove",
          "move": "hyper_beam"
        },
        {
          "klass": "TechLearnableMove",
          "move": "protect"
        },
        {
          "klass": "TechLearnableMove",
          "move": "rain_dance"
        },
        {
          "klass": "TechLearnableMove",
          "move": "safeguard"
        },
        {
          "klass": "TechLearnableMove",
          "move": "frustration"
        },
        {
          "klass": "TechLearnableMove",
          "move": "thunderbolt"
        },
        {
          "klass": "TechLearnableMove",
          "move": "thunder"
        },
        {
          "klass": "TechLearnableMove",
          "move": "earthquake"
        },
        {
          "klass": "TechLearnableMove",
          "move": "return"
        },
        {
          "klass": "TechLearnableMove",
          "move": "psychic"
        },
        {
          "klass": "TechLearnableMove",
          "move": "shadow_ball"
        },
        {
          "klass": "TechLearnableMove",
          "move": "double_team"
        },
        {
          "klass": "TechLearnableMove",
          "move": "aerial_ace"
        },
        {
          "klass": "TechLearnableMove",
          "move": "facade"
        },
        {
          "klass": "TechLearnableMove",
          "move": "rest"
        },
        {
          "klass": "TechLearnableMove",
          "move": "round"
        },
        {
          "klass": "TechLearnableMove",
          "move": "echoed_voice"
        },
        {
          "klass": "TechLearnableMove",
          "move": "steel_wing"
        },
        {
          "klass": "TechLearnableMove",
          "move": "energy_ball"
        },
        {
          "klass": "TechLearnableMove",
          "move": "charge_beam"
        },
        {
          "klass": "TechLearnableMove",
          "move": "brutal_swing"
        },
        {
          "klass": "TechLearnableMove",
          "move": "will_o_wisp"
        },
        {
          "klass": "TechLearnableMove",
          "move": "shadow_claw"
        },
        {
          "klass": "TechLearnableMove",
          "move": "payback"
        },
        {
          "klass": "TechLearnableMove",
          "move": "giga_impact"
        },
        {
          "klass": "TechLearnableMove",
          "move": "stone_edge"
        },
        {
          "klass": "TechLearnableMove",
          "move": "thunder_wave"
        },
        {
          "klass": "TechLearnableMove",
          "move": "fly"
        },
        {
          "klass": "TechLearnableMove",
          "move": "psych_up"
        },
        {
          "klass": "TechLearnableMove",
          "move": "bulldoze"
        },
        {
          "klass": "TechLearnableMove",
          "move": "dragon_tail"
        },
        {
          "klass": "TechLearnableMove",
          "move": "dream_eater"
        },
        {
          "klass": "TechLearnableMove",
          "move": "swagger"
        },
        {
          "klass": "TechLearnableMove",
          "move": "sleep_talk"
        },
        {
          "klass": "TechLearnableMove",
          "move": "substitute"
        },
        {
          "klass": "TechLearnableMove",
          "move": "dark_pulse"
        },
        {
          "klass": "TechLearnableMove",
          "move": "confide"
        },
        {
          "klass": "TechLearnableMove",
          "move": "secret_power"
        },
        {
          "klass": "TechLearnableMove",
          "move": "cut"
        },
        {
          "klass": "TechLearnableMove",
          "move": "strength"
        },
        {
          "klass": "TechLearnableMove",
          "move": "rock_smash"
        },
        {
          "klass": "TechLearnableMove",
          "move": "rock_climb"
        }
      ]
    }
  ]
}