{
  "klass": "Specie",
  "id": 471,
  "dbSymbol": "glaceon",
  "forms": [
    {
      "form": 0,
      "height": 0.8,
      "weight": 25.9,
      "type1": "ice",
      "type2": "__undef__",
      "baseHp": 65,
      "baseAtk": 60,
      "baseDfe": 110,
      "baseSpd": 65,
      "baseAts": 130,
      "baseDfs": 95,
      "evHp": 0,
      "evAtk": 0,
      "evDfe": 0,
      "evSpd": 0,
      "evAts": 2,
      "evDfs": 0,
      "evolutions": [],
      "experienceType": 1,
      "baseExperience": 184,
      "baseLoyalty": 35,
      "catchRate": 45,
      "femaleRate": 12.5,
      "breedGroups": [
        5,
        5
      ],
      "hatchSteps": 8960,
      "babyDbSymbol": "eevee",
      "babyForm": 0,
      "itemHeld": [
        {
          "dbSymbol": "none",
          "chance": 0
        },
        {
          "dbSymbol": "none",
          "chance": 0
        }
      ],
      "abilities": [
        "snow_cloak",
        "snow_cloak",
        "ice_body"
      ],
      "frontOffsetY": 0,
      "moveSet": [
        {
          "klass": "LevelLearnableMove",
          "move": "tackle",
          "level": 1
        },
        {
          "klass": "LevelLearnableMove",
          "move": "helping_hand",
          "level": 1
        },
        {
          "klass": "LevelLearnableMove",
          "move": "icy_wind",
          "level": 1
        },
        {
          "klass": "LevelLearnableMove",
          "move": "tail_whip",
          "level": 1
        },
        {
          "klass": "LevelLearnableMove",
          "move": "sand_attack",
          "level": 5
        },
        {
          "klass": "LevelLearnableMove",
          "move": "baby_doll_eyes",
          "level": 9
        },
        {
          "klass": "LevelLearnableMove",
          "move": "quick_attack",
          "level": 13
        },
        {
          "klass": "LevelLearnableMove",
          "move": "bite",
          "level": 17
        },
        {
          "klass": "LevelLearnableMove",
          "move": "ice_fang",
          "level": 20
        },
        {
          "klass": "LevelLearnableMove",
          "move": "ice_shard",
          "level": 25
        },
        {
          "klass": "LevelLearnableMove",
          "move": "barrier",
          "level": 29
        },
        {
          "klass": "LevelLearnableMove",
          "move": "mirror_coat",
          "level": 33
        },
        {
          "klass": "LevelLearnableMove",
          "move": "hail",
          "level": 37
        },
        {
          "klass": "LevelLearnableMove",
          "move": "last_resort",
          "level": 41
        },
        {
          "klass": "LevelLearnableMove",
          "move": "blizzard",
          "level": 45
        },
        {
          "klass": "TutorLearnableMove",
          "move": "laser_focus"
        },
        {
          "klass": "TutorLearnableMove",
          "move": "helping_hand"
        },
        {
          "klass": "TutorLearnableMove",
          "move": "last_resort"
        },
        {
          "klass": "TutorLearnableMove",
          "move": "heal_bell"
        },
        {
          "klass": "TutorLearnableMove",
          "move": "covet"
        },
        {
          "klass": "TutorLearnableMove",
          "move": "hyper_voice"
        },
        {
          "klass": "TutorLearnableMove",
          "move": "iron_tail"
        },
        {
          "klass": "TutorLearnableMove",
          "move": "signal_beam"
        },
        {
          "klass": "TutorLearnableMove",
          "move": "snore"
        },
        {
          "klass": "TutorLearnableMove",
          "move": "aqua_tail"
        },
        {
          "klass": "TutorLearnableMove",
          "move": "icy_wind"
        },
        {
          "klass": "TutorLearnableMove",
          "move": "water_pulse"
        },
        {
          "klass": "TechLearnableMove",
          "move": "work_up"
        },
        {
          "klass": "TechLearnableMove",
          "move": "roar"
        },
        {
          "klass": "TechLearnableMove",
          "move": "toxic"
        },
        {
          "klass": "TechLearnableMove",
          "move": "hail"
        },
        {
          "klass": "TechLearnableMove",
          "move": "hidden_power"
        },
        {
          "klass": "TechLearnableMove",
          "move": "sunny_day"
        },
        {
          "klass": "TechLearnableMove",
          "move": "ice_beam"
        },
        {
          "klass": "TechLearnableMove",
          "move": "blizzard"
        },
        {
          "klass": "TechLearnableMove",
          "move": "hyper_beam"
        },
        {
          "klass": "TechLearnableMove",
          "move": "protect"
        },
        {
          "klass": "TechLearnableMove",
          "move": "rain_dance"
        },
        {
          "klass": "TechLearnableMove",
          "move": "frustration"
        },
        {
          "klass": "TechLearnableMove",
          "move": "return"
        },
        {
          "klass": "TechLearnableMove",
          "move": "shadow_ball"
        },
        {
          "klass": "TechLearnableMove",
          "move": "double_team"
        },
        {
          "klass": "TechLearnableMove",
          "move": "facade"
        },
        {
          "klass": "TechLearnableMove",
          "move": "rest"
        },
        {
          "klass": "TechLearnableMove",
          "move": "attract"
        },
        {
          "klass": "TechLearnableMove",
          "move": "round"
        },
        {
          "klass": "TechLearnableMove",
          "move": "echoed_voice"
        },
        {
          "klass": "TechLearnableMove",
          "move": "giga_impact"
        },
        {
          "klass": "TechLearnableMove",
          "move": "aurora_veil"
        },
        {
          "klass": "TechLearnableMove",
          "move": "frost_breath"
        },
        {
          "klass": "TechLearnableMove",
          "move": "swagger"
        },
        {
          "klass": "TechLearnableMove",
          "move": "sleep_talk"
        },
        {
          "klass": "TechLearnableMove",
          "move": "substitute"
        },
        {
          "klass": "TechLearnableMove",
          "move": "confide"
        },
        {
          "klass": "TechLearnableMove",
          "move": "secret_power"
        },
        {
          "klass": "TechLearnableMove",
          "move": "strength"
        },
        {
          "klass": "TechLearnableMove",
          "move": "rock_smash"
        },
        {
          "klass": "EvolutionLearnableMove",
          "move": "icy_wind"
        }
      ],
      "resources": {
        "icon": "471",
        "iconShiny": "",
        "front": "471",
        "frontShiny": "471",
        "back": "471",
        "backShiny": "471",
        "footprint": "471",
        "character": "471_0",
        "characterShiny": "471s_0",
        "cry": "471cry.ogg",
        "hasFemale": false
      }
    }
  ]
}