{
  "klass": "Specie",
  "id": 207,
  "dbSymbol": "gligar",
  "forms": [
    {
      "form": 0,
      "height": 1.1,
      "weight": 64.8,
      "type1": "ground",
      "type2": "flying",
      "baseHp": 65,
      "baseAtk": 75,
      "baseDfe": 105,
      "baseSpd": 85,
      "baseAts": 35,
      "baseDfs": 65,
      "evHp": 0,
      "evAtk": 0,
      "evDfe": 1,
      "evSpd": 0,
      "evAts": 0,
      "evDfs": 0,
      "evolutions": [
        {
          "dbSymbol": "gliscor",
          "form": 0,
          "conditions": [
            {
              "type": "itemHold",
              "value": "razor_fang"
            },
            {
              "type": "dayNight",
              "value": 0
            }
          ]
        }
      ],
      "experienceType": 3,
      "baseExperience": 86,
      "baseLoyalty": 70,
      "catchRate": 60,
      "femaleRate": 50,
      "breedGroups": [
        3,
        3
      ],
      "hatchSteps": 5120,
      "babyDbSymbol": "gligar",
      "babyForm": 0,
      "itemHeld": [
        {
          "dbSymbol": "none",
          "chance": 0
        },
        {
          "dbSymbol": "none",
          "chance": 0
        }
      ],
      "abilities": [
        "sand_veil",
        "hyper_cutter",
        "immunity"
      ],
      "frontOffsetY": 0,
      "moveSet": [
        {
          "klass": "LevelLearnableMove",
          "move": "poison_sting",
          "level": 1
        },
        {
          "klass": "LevelLearnableMove",
          "move": "sand_attack",
          "level": 4
        },
        {
          "klass": "LevelLearnableMove",
          "move": "harden",
          "level": 7
        },
        {
          "klass": "LevelLearnableMove",
          "move": "knock_off",
          "level": 10
        },
        {
          "klass": "LevelLearnableMove",
          "move": "quick_attack",
          "level": 13
        },
        {
          "klass": "LevelLearnableMove",
          "move": "fury_cutter",
          "level": 16
        },
        {
          "klass": "LevelLearnableMove",
          "move": "feint_attack",
          "level": 19
        },
        {
          "klass": "LevelLearnableMove",
          "move": "acrobatics",
          "level": 22
        },
        {
          "klass": "LevelLearnableMove",
          "move": "slash",
          "level": 27
        },
        {
          "klass": "LevelLearnableMove",
          "move": "u_turn",
          "level": 30
        },
        {
          "klass": "LevelLearnableMove",
          "move": "screech",
          "level": 35
        },
        {
          "klass": "LevelLearnableMove",
          "move": "x_scissor",
          "level": 40
        },
        {
          "klass": "LevelLearnableMove",
          "move": "sky_uppercut",
          "level": 45
        },
        {
          "klass": "LevelLearnableMove",
          "move": "swords_dance",
          "level": 50
        },
        {
          "klass": "LevelLearnableMove",
          "move": "guillotine",
          "level": 55
        },
        {
          "klass": "TutorLearnableMove",
          "move": "defog"
        },
        {
          "klass": "TutorLearnableMove",
          "move": "aqua_tail"
        },
        {
          "klass": "TutorLearnableMove",
          "move": "stealth_rock"
        },
        {
          "klass": "TutorLearnableMove",
          "move": "bug_bite"
        },
        {
          "klass": "TutorLearnableMove",
          "move": "iron_tail"
        },
        {
          "klass": "TutorLearnableMove",
          "move": "snore"
        },
        {
          "klass": "TutorLearnableMove",
          "move": "knock_off"
        },
        {
          "klass": "TutorLearnableMove",
          "move": "earth_power"
        },
        {
          "klass": "TutorLearnableMove",
          "move": "throat_chop"
        },
        {
          "klass": "TutorLearnableMove",
          "move": "tailwind"
        },
        {
          "klass": "TechLearnableMove",
          "move": "toxic"
        },
        {
          "klass": "TechLearnableMove",
          "move": "venoshock"
        },
        {
          "klass": "TechLearnableMove",
          "move": "hidden_power"
        },
        {
          "klass": "TechLearnableMove",
          "move": "sunny_day"
        },
        {
          "klass": "TechLearnableMove",
          "move": "taunt"
        },
        {
          "klass": "TechLearnableMove",
          "move": "protect"
        },
        {
          "klass": "TechLearnableMove",
          "move": "rain_dance"
        },
        {
          "klass": "TechLearnableMove",
          "move": "roost"
        },
        {
          "klass": "TechLearnableMove",
          "move": "frustration"
        },
        {
          "klass": "TechLearnableMove",
          "move": "earthquake"
        },
        {
          "klass": "TechLearnableMove",
          "move": "return"
        },
        {
          "klass": "TechLearnableMove",
          "move": "brick_break"
        },
        {
          "klass": "TechLearnableMove",
          "move": "double_team"
        },
        {
          "klass": "TechLearnableMove",
          "move": "sludge_bomb"
        },
        {
          "klass": "TechLearnableMove",
          "move": "sandstorm"
        },
        {
          "klass": "TechLearnableMove",
          "move": "rock_tomb"
        },
        {
          "klass": "TechLearnableMove",
          "move": "aerial_ace"
        },
        {
          "klass": "TechLearnableMove",
          "move": "torment"
        },
        {
          "klass": "TechLearnableMove",
          "move": "facade"
        },
        {
          "klass": "TechLearnableMove",
          "move": "rest"
        },
        {
          "klass": "TechLearnableMove",
          "move": "attract"
        },
        {
          "klass": "TechLearnableMove",
          "move": "thief"
        },
        {
          "klass": "TechLearnableMove",
          "move": "round"
        },
        {
          "klass": "TechLearnableMove",
          "move": "steel_wing"
        },
        {
          "klass": "TechLearnableMove",
          "move": "false_swipe"
        },
        {
          "klass": "TechLearnableMove",
          "move": "fling"
        },
        {
          "klass": "TechLearnableMove",
          "move": "acrobatics"
        },
        {
          "klass": "TechLearnableMove",
          "move": "payback"
        },
        {
          "klass": "TechLearnableMove",
          "move": "rock_polish"
        },
        {
          "klass": "TechLearnableMove",
          "move": "stone_edge"
        },
        {
          "klass": "TechLearnableMove",
          "move": "swords_dance"
        },
        {
          "klass": "TechLearnableMove",
          "move": "bulldoze"
        },
        {
          "klass": "TechLearnableMove",
          "move": "rock_slide"
        },
        {
          "klass": "TechLearnableMove",
          "move": "x_scissor"
        },
        {
          "klass": "TechLearnableMove",
          "move": "poison_jab"
        },
        {
          "klass": "TechLearnableMove",
          "move": "swagger"
        },
        {
          "klass": "TechLearnableMove",
          "move": "sleep_talk"
        },
        {
          "klass": "TechLearnableMove",
          "move": "u_turn"
        },
        {
          "klass": "TechLearnableMove",
          "move": "substitute"
        },
        {
          "klass": "TechLearnableMove",
          "move": "dark_pulse"
        },
        {
          "klass": "TechLearnableMove",
          "move": "confide"
        },
        {
          "klass": "TechLearnableMove",
          "move": "struggle_bug"
        },
        {
          "klass": "TechLearnableMove",
          "move": "secret_power"
        },
        {
          "klass": "TechLearnableMove",
          "move": "cut"
        },
        {
          "klass": "TechLearnableMove",
          "move": "strength"
        },
        {
          "klass": "TechLearnableMove",
          "move": "rock_smash"
        },
        {
          "klass": "BreedLearnableMove",
          "move": "agility"
        },
        {
          "klass": "BreedLearnableMove",
          "move": "baton_pass"
        },
        {
          "klass": "BreedLearnableMove",
          "move": "counter"
        },
        {
          "klass": "BreedLearnableMove",
          "move": "cross_poison"
        },
        {
          "klass": "BreedLearnableMove",
          "move": "double_edge"
        },
        {
          "klass": "BreedLearnableMove",
          "move": "feint"
        },
        {
          "klass": "BreedLearnableMove",
          "move": "metal_claw"
        },
        {
          "klass": "BreedLearnableMove",
          "move": "night_slash"
        },
        {
          "klass": "BreedLearnableMove",
          "move": "poison_tail"
        },
        {
          "klass": "BreedLearnableMove",
          "move": "power_trick"
        },
        {
          "klass": "BreedLearnableMove",
          "move": "razor_wind"
        },
        {
          "klass": "BreedLearnableMove",
          "move": "rock_climb"
        },
        {
          "klass": "BreedLearnableMove",
          "move": "sand_tomb"
        },
        {
          "klass": "BreedLearnableMove",
          "move": "wing_attack"
        }
      ],
      "resources": {
        "icon": "207",
        "iconShiny": "",
        "front": "207",
        "frontF": "207f",
        "frontShiny": "207",
        "frontShinyF": "207f",
        "back": "207",
        "backF": "207f",
        "backShiny": "207",
        "backShinyF": "207f",
        "footprint": "207",
        "character": "207_0",
        "characterShiny": "207s_0",
        "cry": "207cry.ogg",
        "hasFemale": true
      }
    }
  ]
}