{
  "klass": "Specie",
  "id": 44,
  "dbSymbol": "gloom",
  "forms": [
    {
      "form": 0,
      "height": 0.8,
      "weight": 8.6,
      "type1": "grass",
      "type2": "poison",
      "baseHp": 60,
      "baseAtk": 65,
      "baseDfe": 70,
      "baseSpd": 40,
      "baseAts": 85,
      "baseDfs": 75,
      "evHp": 0,
      "evAtk": 0,
      "evDfe": 0,
      "evSpd": 0,
      "evAts": 2,
      "evDfs": 0,
      "evolutions": [
        {
          "dbSymbol": "vileplume",
          "form": 0,
          "conditions": [
            {
              "type": "stone",
              "value": "leaf_stone"
            }
          ]
        },
        {
          "dbSymbol": "bellossom",
          "form": 0,
          "conditions": [
            {
              "type": "stone",
              "value": "sun_stone"
            }
          ]
        }
      ],
      "experienceType": 3,
      "baseExperience": 138,
      "baseLoyalty": 70,
      "catchRate": 120,
      "femaleRate": 50,
      "breedGroups": [
        7,
        7
      ],
      "hatchSteps": 5120,
      "babyDbSymbol": "oddish",
      "babyForm": 0,
      "itemHeld": [
        {
          "dbSymbol": "none",
          "chance": 0
        },
        {
          "dbSymbol": "none",
          "chance": 0
        }
      ],
      "abilities": [
        "chlorophyll",
        "chlorophyll",
        "stench"
      ],
      "frontOffsetY": 0,
      "moveSet": [
        {
          "klass": "LevelLearnableMove",
          "move": "absorb",
          "level": 1
        },
        {
          "klass": "LevelLearnableMove",
          "move": "acid",
          "level": 1
        },
        {
          "klass": "LevelLearnableMove",
          "move": "sweet_scent",
          "level": 1
        },
        {
          "klass": "LevelLearnableMove",
          "move": "growl",
          "level": 1
        },
        {
          "klass": "LevelLearnableMove",
          "move": "sweet_scent",
          "level": 5
        },
        {
          "klass": "LevelLearnableMove",
          "move": "acid",
          "level": 9
        },
        {
          "klass": "LevelLearnableMove",
          "move": "poison_powder",
          "level": 13
        },
        {
          "klass": "LevelLearnableMove",
          "move": "stun_spore",
          "level": 14
        },
        {
          "klass": "LevelLearnableMove",
          "move": "sleep_powder",
          "level": 15
        },
        {
          "klass": "LevelLearnableMove",
          "move": "mega_drain",
          "level": 19
        },
        {
          "klass": "LevelLearnableMove",
          "move": "lucky_chant",
          "level": 24
        },
        {
          "klass": "LevelLearnableMove",
          "move": "moonlight",
          "level": 29
        },
        {
          "klass": "LevelLearnableMove",
          "move": "giga_drain",
          "level": 34
        },
        {
          "klass": "LevelLearnableMove",
          "move": "toxic",
          "level": 39
        },
        {
          "klass": "LevelLearnableMove",
          "move": "natural_gift",
          "level": 44
        },
        {
          "klass": "LevelLearnableMove",
          "move": "petal_blizzard",
          "level": 49
        },
        {
          "klass": "LevelLearnableMove",
          "move": "grassy_terrain",
          "level": 54
        },
        {
          "klass": "LevelLearnableMove",
          "move": "petal_dance",
          "level": 59
        },
        {
          "klass": "TutorLearnableMove",
          "move": "after_you"
        },
        {
          "klass": "TutorLearnableMove",
          "move": "seed_bomb"
        },
        {
          "klass": "TutorLearnableMove",
          "move": "giga_drain"
        },
        {
          "klass": "TutorLearnableMove",
          "move": "snore"
        },
        {
          "klass": "TutorLearnableMove",
          "move": "worry_seed"
        },
        {
          "klass": "TutorLearnableMove",
          "move": "gastro_acid"
        },
        {
          "klass": "TutorLearnableMove",
          "move": "synthesis"
        },
        {
          "klass": "TutorLearnableMove",
          "move": "drain_punch"
        },
        {
          "klass": "TechLearnableMove",
          "move": "toxic"
        },
        {
          "klass": "TechLearnableMove",
          "move": "venoshock"
        },
        {
          "klass": "TechLearnableMove",
          "move": "hidden_power"
        },
        {
          "klass": "TechLearnableMove",
          "move": "sunny_day"
        },
        {
          "klass": "TechLearnableMove",
          "move": "protect"
        },
        {
          "klass": "TechLearnableMove",
          "move": "frustration"
        },
        {
          "klass": "TechLearnableMove",
          "move": "solar_beam"
        },
        {
          "klass": "TechLearnableMove",
          "move": "return"
        },
        {
          "klass": "TechLearnableMove",
          "move": "double_team"
        },
        {
          "klass": "TechLearnableMove",
          "move": "sludge_bomb"
        },
        {
          "klass": "TechLearnableMove",
          "move": "facade"
        },
        {
          "klass": "TechLearnableMove",
          "move": "rest"
        },
        {
          "klass": "TechLearnableMove",
          "move": "attract"
        },
        {
          "klass": "TechLearnableMove",
          "move": "round"
        },
        {
          "klass": "TechLearnableMove",
          "move": "energy_ball"
        },
        {
          "klass": "TechLearnableMove",
          "move": "fling"
        },
        {
          "klass": "TechLearnableMove",
          "move": "swords_dance"
        },
        {
          "klass": "TechLearnableMove",
          "move": "infestation"
        },
        {
          "klass": "TechLearnableMove",
          "move": "grass_knot"
        },
        {
          "klass": "TechLearnableMove",
          "move": "swagger"
        },
        {
          "klass": "TechLearnableMove",
          "move": "sleep_talk"
        },
        {
          "klass": "TechLearnableMove",
          "move": "substitute"
        },
        {
          "klass": "TechLearnableMove",
          "move": "nature_power"
        },
        {
          "klass": "TechLearnableMove",
          "move": "dazzling_gleam"
        },
        {
          "klass": "TechLearnableMove",
          "move": "confide"
        },
        {
          "klass": "TechLearnableMove",
          "move": "secret_power"
        },
        {
          "klass": "TechLearnableMove",
          "move": "cut"
        }
      ],
      "resources": {
        "icon": "044",
        "iconShiny": "",
        "front": "044",
        "frontF": "044f",
        "frontShiny": "044",
        "frontShinyF": "044f",
        "back": "044",
        "backF": "044f",
        "backShiny": "044",
        "backShinyF": "044f",
        "footprint": "044",
        "character": "044_0",
        "characterShiny": "044s_0",
        "cry": "044cry.ogg",
        "hasFemale": true
      }
    }
  ]
}