{
  "klass": "Specie",
  "id": 673,
  "dbSymbol": "gogoat",
  "forms": [
    {
      "form": 0,
      "height": 1.7,
      "weight": 91,
      "type1": "grass",
      "type2": "__undef__",
      "baseHp": 123,
      "baseAtk": 100,
      "baseDfe": 62,
      "baseSpd": 68,
      "baseAts": 97,
      "baseDfs": 81,
      "evHp": 2,
      "evAtk": 0,
      "evDfe": 0,
      "evSpd": 0,
      "evAts": 0,
      "evDfs": 0,
      "evolutions": [],
      "experienceType": 1,
      "baseExperience": 186,
      "baseLoyalty": 70,
      "catchRate": 45,
      "femaleRate": 50,
      "breedGroups": [
        5,
        5
      ],
      "hatchSteps": 5120,
      "babyDbSymbol": "skiddo",
      "babyForm": 0,
      "itemHeld": [
        {
          "dbSymbol": "none",
          "chance": 0
        },
        {
          "dbSymbol": "none",
          "chance": 0
        }
      ],
      "abilities": [
        "sap_sipper",
        "sap_sipper",
        "grass_pelt"
      ],
      "frontOffsetY": 0,
      "moveSet": [
        {
          "klass": "LevelLearnableMove",
          "move": "tackle",
          "level": 1
        },
        {
          "klass": "LevelLearnableMove",
          "move": "growth",
          "level": 1
        },
        {
          "klass": "LevelLearnableMove",
          "move": "aerial_ace",
          "level": 1
        },
        {
          "klass": "LevelLearnableMove",
          "move": "earthquake",
          "level": 1
        },
        {
          "klass": "LevelLearnableMove",
          "move": "vine_whip",
          "level": 1
        },
        {
          "klass": "LevelLearnableMove",
          "move": "tail_whip",
          "level": 1
        },
        {
          "klass": "LevelLearnableMove",
          "move": "vine_whip",
          "level": 7
        },
        {
          "klass": "LevelLearnableMove",
          "move": "tail_whip",
          "level": 9
        },
        {
          "klass": "LevelLearnableMove",
          "move": "leech_seed",
          "level": 12
        },
        {
          "klass": "LevelLearnableMove",
          "move": "razor_leaf",
          "level": 13
        },
        {
          "klass": "LevelLearnableMove",
          "move": "worry_seed",
          "level": 16
        },
        {
          "klass": "LevelLearnableMove",
          "move": "synthesis",
          "level": 20
        },
        {
          "klass": "LevelLearnableMove",
          "move": "take_down",
          "level": 22
        },
        {
          "klass": "LevelLearnableMove",
          "move": "bulldoze",
          "level": 26
        },
        {
          "klass": "LevelLearnableMove",
          "move": "seed_bomb",
          "level": 30
        },
        {
          "klass": "LevelLearnableMove",
          "move": "bulk_up",
          "level": 34
        },
        {
          "klass": "LevelLearnableMove",
          "move": "double_edge",
          "level": 40
        },
        {
          "klass": "LevelLearnableMove",
          "move": "horn_leech",
          "level": 47
        },
        {
          "klass": "LevelLearnableMove",
          "move": "leaf_blade",
          "level": 55
        },
        {
          "klass": "LevelLearnableMove",
          "move": "milk_drink",
          "level": 58
        },
        {
          "klass": "TutorLearnableMove",
          "move": "seed_bomb"
        },
        {
          "klass": "TutorLearnableMove",
          "move": "giga_drain"
        },
        {
          "klass": "TutorLearnableMove",
          "move": "zen_headbutt"
        },
        {
          "klass": "TutorLearnableMove",
          "move": "iron_tail"
        },
        {
          "klass": "TutorLearnableMove",
          "move": "snore"
        },
        {
          "klass": "TutorLearnableMove",
          "move": "worry_seed"
        },
        {
          "klass": "TutorLearnableMove",
          "move": "superpower"
        },
        {
          "klass": "TutorLearnableMove",
          "move": "synthesis"
        },
        {
          "klass": "TutorLearnableMove",
          "move": "bounce"
        },
        {
          "klass": "TutorLearnableMove",
          "move": "stomping_tantrum"
        },
        {
          "klass": "TechLearnableMove",
          "move": "work_up"
        },
        {
          "klass": "TechLearnableMove",
          "move": "roar"
        },
        {
          "klass": "TechLearnableMove",
          "move": "toxic"
        },
        {
          "klass": "TechLearnableMove",
          "move": "bulk_up"
        },
        {
          "klass": "TechLearnableMove",
          "move": "hidden_power"
        },
        {
          "klass": "TechLearnableMove",
          "move": "sunny_day"
        },
        {
          "klass": "TechLearnableMove",
          "move": "hyper_beam"
        },
        {
          "klass": "TechLearnableMove",
          "move": "protect"
        },
        {
          "klass": "TechLearnableMove",
          "move": "rain_dance"
        },
        {
          "klass": "TechLearnableMove",
          "move": "frustration"
        },
        {
          "klass": "TechLearnableMove",
          "move": "solar_beam"
        },
        {
          "klass": "TechLearnableMove",
          "move": "earthquake"
        },
        {
          "klass": "TechLearnableMove",
          "move": "return"
        },
        {
          "klass": "TechLearnableMove",
          "move": "brick_break"
        },
        {
          "klass": "TechLearnableMove",
          "move": "double_team"
        },
        {
          "klass": "TechLearnableMove",
          "move": "aerial_ace"
        },
        {
          "klass": "TechLearnableMove",
          "move": "facade"
        },
        {
          "klass": "TechLearnableMove",
          "move": "rest"
        },
        {
          "klass": "TechLearnableMove",
          "move": "attract"
        },
        {
          "klass": "TechLearnableMove",
          "move": "round"
        },
        {
          "klass": "TechLearnableMove",
          "move": "energy_ball"
        },
        {
          "klass": "TechLearnableMove",
          "move": "payback"
        },
        {
          "klass": "TechLearnableMove",
          "move": "giga_impact"
        },
        {
          "klass": "TechLearnableMove",
          "move": "bulldoze"
        },
        {
          "klass": "TechLearnableMove",
          "move": "rock_slide"
        },
        {
          "klass": "TechLearnableMove",
          "move": "grass_knot"
        },
        {
          "klass": "TechLearnableMove",
          "move": "swagger"
        },
        {
          "klass": "TechLearnableMove",
          "move": "sleep_talk"
        },
        {
          "klass": "TechLearnableMove",
          "move": "substitute"
        },
        {
          "klass": "TechLearnableMove",
          "move": "wild_charge"
        },
        {
          "klass": "TechLearnableMove",
          "move": "surf"
        },
        {
          "klass": "TechLearnableMove",
          "move": "nature_power"
        },
        {
          "klass": "TechLearnableMove",
          "move": "confide"
        },
        {
          "klass": "TechLearnableMove",
          "move": "secret_power"
        },
        {
          "klass": "TechLearnableMove",
          "move": "strength"
        },
        {
          "klass": "TechLearnableMove",
          "move": "rock_smash"
        },
        {
          "klass": "TechLearnableMove",
          "move": "rock_climb"
        },
        {
          "klass": "EvolutionLearnableMove",
          "move": "aerial_ace"
        }
      ],
      "resources": {
        "icon": "673",
        "iconShiny": "",
        "front": "673",
        "frontShiny": "673",
        "back": "673",
        "backShiny": "673",
        "footprint": "",
        "character": "673_0",
        "characterShiny": "673s_0",
        "cry": "673cry.ogg",
        "hasFemale": false
      }
    }
  ]
}