{
  "klass": "Specie",
  "id": 768,
  "dbSymbol": "golisopod",
  "forms": [
    {
      "form": 0,
      "height": 2,
      "weight": 108,
      "type1": "bug",
      "type2": "water",
      "baseHp": 75,
      "baseAtk": 125,
      "baseDfe": 140,
      "baseSpd": 40,
      "baseAts": 60,
      "baseDfs": 90,
      "evHp": 0,
      "evAtk": 0,
      "evDfe": 2,
      "evSpd": 0,
      "evAts": 0,
      "evDfs": 0,
      "evolutions": [],
      "experienceType": 1,
      "baseExperience": 186,
      "baseLoyalty": 70,
      "catchRate": 45,
      "femaleRate": 50,
      "breedGroups": [
        3,
        9
      ],
      "hatchSteps": 5120,
      "babyDbSymbol": "wimpod",
      "babyForm": 0,
      "itemHeld": [
        {
          "dbSymbol": "none",
          "chance": 0
        },
        {
          "dbSymbol": "none",
          "chance": 0
        }
      ],
      "abilities": [
        "emergency_exit",
        "emergency_exit",
        "emergency_exit"
      ],
      "frontOffsetY": 0,
      "moveSet": [
        {
          "klass": "LevelLearnableMove",
          "move": "sand_attack",
          "level": 1
        },
        {
          "klass": "LevelLearnableMove",
          "move": "struggle_bug",
          "level": 1
        },
        {
          "klass": "LevelLearnableMove",
          "move": "first_impression",
          "level": 1
        },
        {
          "klass": "LevelLearnableMove",
          "move": "fury_cutter",
          "level": 1
        },
        {
          "klass": "LevelLearnableMove",
          "move": "rock_smash",
          "level": 1
        },
        {
          "klass": "LevelLearnableMove",
          "move": "fury_cutter",
          "level": 4
        },
        {
          "klass": "LevelLearnableMove",
          "move": "rock_smash",
          "level": 7
        },
        {
          "klass": "LevelLearnableMove",
          "move": "bug_bite",
          "level": 10
        },
        {
          "klass": "LevelLearnableMove",
          "move": "spite",
          "level": 13
        },
        {
          "klass": "LevelLearnableMove",
          "move": "swords_dance",
          "level": 16
        },
        {
          "klass": "LevelLearnableMove",
          "move": "slash",
          "level": 21
        },
        {
          "klass": "LevelLearnableMove",
          "move": "razor_shell",
          "level": 26
        },
        {
          "klass": "LevelLearnableMove",
          "move": "sucker_punch",
          "level": 31
        },
        {
          "klass": "LevelLearnableMove",
          "move": "iron_defense",
          "level": 36
        },
        {
          "klass": "LevelLearnableMove",
          "move": "pin_missile",
          "level": 41
        },
        {
          "klass": "LevelLearnableMove",
          "move": "liquidation",
          "level": 48
        },
        {
          "klass": "TutorLearnableMove",
          "move": "laser_focus"
        },
        {
          "klass": "TutorLearnableMove",
          "move": "liquidation"
        },
        {
          "klass": "TutorLearnableMove",
          "move": "pain_split"
        },
        {
          "klass": "TutorLearnableMove",
          "move": "spite"
        },
        {
          "klass": "TutorLearnableMove",
          "move": "dual_chop"
        },
        {
          "klass": "TutorLearnableMove",
          "move": "endeavor"
        },
        {
          "klass": "TutorLearnableMove",
          "move": "throat_chop"
        },
        {
          "klass": "TutorLearnableMove",
          "move": "iron_defense"
        },
        {
          "klass": "TutorLearnableMove",
          "move": "bug_bite"
        },
        {
          "klass": "TutorLearnableMove",
          "move": "snore"
        },
        {
          "klass": "TutorLearnableMove",
          "move": "knock_off"
        },
        {
          "klass": "TutorLearnableMove",
          "move": "iron_head"
        },
        {
          "klass": "TutorLearnableMove",
          "move": "water_pulse"
        },
        {
          "klass": "TutorLearnableMove",
          "move": "drill_run"
        },
        {
          "klass": "TutorLearnableMove",
          "move": "icy_wind"
        },
        {
          "klass": "TechLearnableMove",
          "move": "toxic"
        },
        {
          "klass": "TechLearnableMove",
          "move": "hail"
        },
        {
          "klass": "TechLearnableMove",
          "move": "bulk_up"
        },
        {
          "klass": "TechLearnableMove",
          "move": "venoshock"
        },
        {
          "klass": "TechLearnableMove",
          "move": "hidden_power"
        },
        {
          "klass": "TechLearnableMove",
          "move": "taunt"
        },
        {
          "klass": "TechLearnableMove",
          "move": "ice_beam"
        },
        {
          "klass": "TechLearnableMove",
          "move": "blizzard"
        },
        {
          "klass": "TechLearnableMove",
          "move": "protect"
        },
        {
          "klass": "TechLearnableMove",
          "move": "rain_dance"
        },
        {
          "klass": "TechLearnableMove",
          "move": "frustration"
        },
        {
          "klass": "TechLearnableMove",
          "move": "return"
        },
        {
          "klass": "TechLearnableMove",
          "move": "leech_life"
        },
        {
          "klass": "TechLearnableMove",
          "move": "brick_break"
        },
        {
          "klass": "TechLearnableMove",
          "move": "double_team"
        },
        {
          "klass": "TechLearnableMove",
          "move": "sludge_wave"
        },
        {
          "klass": "TechLearnableMove",
          "move": "sludge_bomb"
        },
        {
          "klass": "TechLearnableMove",
          "move": "rock_tomb"
        },
        {
          "klass": "TechLearnableMove",
          "move": "aerial_ace"
        },
        {
          "klass": "TechLearnableMove",
          "move": "facade"
        },
        {
          "klass": "TechLearnableMove",
          "move": "rest"
        },
        {
          "klass": "TechLearnableMove",
          "move": "attract"
        },
        {
          "klass": "TechLearnableMove",
          "move": "round"
        },
        {
          "klass": "TechLearnableMove",
          "move": "focus_blast"
        },
        {
          "klass": "TechLearnableMove",
          "move": "false_swipe"
        },
        {
          "klass": "TechLearnableMove",
          "move": "scald"
        },
        {
          "klass": "TechLearnableMove",
          "move": "fling"
        },
        {
          "klass": "TechLearnableMove",
          "move": "shadow_claw"
        },
        {
          "klass": "TechLearnableMove",
          "move": "payback"
        },
        {
          "klass": "TechLearnableMove",
          "move": "giga_impact"
        },
        {
          "klass": "TechLearnableMove",
          "move": "swords_dance"
        },
        {
          "klass": "TechLearnableMove",
          "move": "psych_up"
        },
        {
          "klass": "TechLearnableMove",
          "move": "frost_breath"
        },
        {
          "klass": "TechLearnableMove",
          "move": "rock_slide"
        },
        {
          "klass": "TechLearnableMove",
          "move": "x_scissor"
        },
        {
          "klass": "TechLearnableMove",
          "move": "poison_jab"
        },
        {
          "klass": "TechLearnableMove",
          "move": "swagger"
        },
        {
          "klass": "TechLearnableMove",
          "move": "sleep_talk"
        },
        {
          "klass": "TechLearnableMove",
          "move": "substitute"
        },
        {
          "klass": "TechLearnableMove",
          "move": "surf"
        },
        {
          "klass": "TechLearnableMove",
          "move": "snarl"
        },
        {
          "klass": "TechLearnableMove",
          "move": "dark_pulse"
        },
        {
          "klass": "TechLearnableMove",
          "move": "waterfall"
        },
        {
          "klass": "TechLearnableMove",
          "move": "confide"
        },
        {
          "klass": "TechLearnableMove",
          "move": "struggle_bug"
        },
        {
          "klass": "TechLearnableMove",
          "move": "secret_power"
        },
        {
          "klass": "TechLearnableMove",
          "move": "cut"
        },
        {
          "klass": "TechLearnableMove",
          "move": "strength"
        },
        {
          "klass": "TechLearnableMove",
          "move": "rock_smash"
        },
        {
          "klass": "TechLearnableMove",
          "move": "whirlpool"
        },
        {
          "klass": "EvolutionLearnableMove",
          "move": "first_impression"
        }
      ],
      "resources": {
        "icon": "768",
        "iconShiny": "",
        "front": "768",
        "frontShiny": "768",
        "back": "768",
        "backShiny": "768",
        "footprint": "",
        "character": "768_0",
        "characterShiny": "768s_0",
        "cry": "768cry.ogg",
        "hasFemale": false
      }
    }
  ]
}
