{
  "klass": "Specie",
  "id": 575,
  "dbSymbol": "gothorita",
  "forms": [
    {
      "form": 0,
      "height": 0.7,
      "weight": 18,
      "type1": "psychic",
      "type2": "__undef__",
      "baseHp": 60,
      "baseAtk": 45,
      "baseDfe": 70,
      "baseSpd": 55,
      "baseAts": 75,
      "baseDfs": 85,
      "evHp": 0,
      "evAtk": 0,
      "evDfe": 0,
      "evSpd": 0,
      "evAts": 0,
      "evDfs": 2,
      "evolutions": [
        {
          "dbSymbol": "gothitelle",
          "form": 0,
          "conditions": [
            {
              "type": "minLevel",
              "value": 41
            }
          ]
        }
      ],
      "experienceType": 3,
      "baseExperience": 137,
      "baseLoyalty": 70,
      "catchRate": 100,
      "femaleRate": 75,
      "breedGroups": [
        8,
        8
      ],
      "hatchSteps": 5120,
      "babyDbSymbol": "gothita",
      "babyForm": 0,
      "itemHeld": [
        {
          "dbSymbol": "none",
          "chance": 0
        },
        {
          "dbSymbol": "none",
          "chance": 0
        }
      ],
      "abilities": [
        "frisk",
        "competitive",
        "shadow_tag"
      ],
      "frontOffsetY": 0,
      "moveSet": [
        {
          "klass": "LevelLearnableMove",
          "move": "pound",
          "level": 1
        },
        {
          "klass": "LevelLearnableMove",
          "move": "play_nice",
          "level": 1
        },
        {
          "klass": "LevelLearnableMove",
          "move": "tickle",
          "level": 1
        },
        {
          "klass": "LevelLearnableMove",
          "move": "confusion",
          "level": 1
        },
        {
          "klass": "LevelLearnableMove",
          "move": "confusion",
          "level": 3
        },
        {
          "klass": "LevelLearnableMove",
          "move": "tickle",
          "level": 7
        },
        {
          "klass": "LevelLearnableMove",
          "move": "fake_tears",
          "level": 10
        },
        {
          "klass": "LevelLearnableMove",
          "move": "double_slap",
          "level": 14
        },
        {
          "klass": "LevelLearnableMove",
          "move": "psybeam",
          "level": 16
        },
        {
          "klass": "LevelLearnableMove",
          "move": "embargo",
          "level": 19
        },
        {
          "klass": "LevelLearnableMove",
          "move": "feint_attack",
          "level": 24
        },
        {
          "klass": "LevelLearnableMove",
          "move": "psyshock",
          "level": 25
        },
        {
          "klass": "LevelLearnableMove",
          "move": "flatter",
          "level": 28
        },
        {
          "klass": "LevelLearnableMove",
          "move": "future_sight",
          "level": 31
        },
        {
          "klass": "LevelLearnableMove",
          "move": "heal_block",
          "level": 34
        },
        {
          "klass": "LevelLearnableMove",
          "move": "psychic",
          "level": 39
        },
        {
          "klass": "LevelLearnableMove",
          "move": "telekinesis",
          "level": 43
        },
        {
          "klass": "LevelLearnableMove",
          "move": "charm",
          "level": 50
        },
        {
          "klass": "LevelLearnableMove",
          "move": "magic_room",
          "level": 53
        },
        {
          "klass": "TutorLearnableMove",
          "move": "uproar"
        },
        {
          "klass": "TutorLearnableMove",
          "move": "helping_hand"
        },
        {
          "klass": "TutorLearnableMove",
          "move": "skill_swap"
        },
        {
          "klass": "TutorLearnableMove",
          "move": "heal_bell"
        },
        {
          "klass": "TutorLearnableMove",
          "move": "gravity"
        },
        {
          "klass": "TutorLearnableMove",
          "move": "role_play"
        },
        {
          "klass": "TutorLearnableMove",
          "move": "covet"
        },
        {
          "klass": "TutorLearnableMove",
          "move": "ally_switch"
        },
        {
          "klass": "TutorLearnableMove",
          "move": "telekinesis"
        },
        {
          "klass": "TutorLearnableMove",
          "move": "shock_wave"
        },
        {
          "klass": "TutorLearnableMove",
          "move": "signal_beam"
        },
        {
          "klass": "TutorLearnableMove",
          "move": "recycle"
        },
        {
          "klass": "TutorLearnableMove",
          "move": "magic_coat"
        },
        {
          "klass": "TutorLearnableMove",
          "move": "snore"
        },
        {
          "klass": "TutorLearnableMove",
          "move": "snatch"
        },
        {
          "klass": "TutorLearnableMove",
          "move": "trick"
        },
        {
          "klass": "TutorLearnableMove",
          "move": "zen_headbutt"
        },
        {
          "klass": "TutorLearnableMove",
          "move": "foul_play"
        },
        {
          "klass": "TutorLearnableMove",
          "move": "magic_room"
        },
        {
          "klass": "TechLearnableMove",
          "move": "psyshock"
        },
        {
          "klass": "TechLearnableMove",
          "move": "calm_mind"
        },
        {
          "klass": "TechLearnableMove",
          "move": "toxic"
        },
        {
          "klass": "TechLearnableMove",
          "move": "hidden_power"
        },
        {
          "klass": "TechLearnableMove",
          "move": "taunt"
        },
        {
          "klass": "TechLearnableMove",
          "move": "light_screen"
        },
        {
          "klass": "TechLearnableMove",
          "move": "protect"
        },
        {
          "klass": "TechLearnableMove",
          "move": "rain_dance"
        },
        {
          "klass": "TechLearnableMove",
          "move": "safeguard"
        },
        {
          "klass": "TechLearnableMove",
          "move": "frustration"
        },
        {
          "klass": "TechLearnableMove",
          "move": "thunderbolt"
        },
        {
          "klass": "TechLearnableMove",
          "move": "return"
        },
        {
          "klass": "TechLearnableMove",
          "move": "psychic"
        },
        {
          "klass": "TechLearnableMove",
          "move": "shadow_ball"
        },
        {
          "klass": "TechLearnableMove",
          "move": "double_team"
        },
        {
          "klass": "TechLearnableMove",
          "move": "reflect"
        },
        {
          "klass": "TechLearnableMove",
          "move": "rock_tomb"
        },
        {
          "klass": "TechLearnableMove",
          "move": "torment"
        },
        {
          "klass": "TechLearnableMove",
          "move": "facade"
        },
        {
          "klass": "TechLearnableMove",
          "move": "rest"
        },
        {
          "klass": "TechLearnableMove",
          "move": "attract"
        },
        {
          "klass": "TechLearnableMove",
          "move": "thief"
        },
        {
          "klass": "TechLearnableMove",
          "move": "round"
        },
        {
          "klass": "TechLearnableMove",
          "move": "energy_ball"
        },
        {
          "klass": "TechLearnableMove",
          "move": "fling"
        },
        {
          "klass": "TechLearnableMove",
          "move": "charge_beam"
        },
        {
          "klass": "TechLearnableMove",
          "move": "embargo"
        },
        {
          "klass": "TechLearnableMove",
          "move": "payback"
        },
        {
          "klass": "TechLearnableMove",
          "move": "thunder_wave"
        },
        {
          "klass": "TechLearnableMove",
          "move": "psych_up"
        },
        {
          "klass": "TechLearnableMove",
          "move": "rock_slide"
        },
        {
          "klass": "TechLearnableMove",
          "move": "dream_eater"
        },
        {
          "klass": "TechLearnableMove",
          "move": "grass_knot"
        },
        {
          "klass": "TechLearnableMove",
          "move": "swagger"
        },
        {
          "klass": "TechLearnableMove",
          "move": "sleep_talk"
        },
        {
          "klass": "TechLearnableMove",
          "move": "substitute"
        },
        {
          "klass": "TechLearnableMove",
          "move": "trick_room"
        },
        {
          "klass": "TechLearnableMove",
          "move": "dark_pulse"
        },
        {
          "klass": "TechLearnableMove",
          "move": "confide"
        },
        {
          "klass": "TechLearnableMove",
          "move": "secret_power"
        }
      ],
      "resources": {
        "icon": "575",
        "iconShiny": "",
        "front": "575",
        "frontShiny": "575",
        "back": "575",
        "backShiny": "575",
        "footprint": "575",
        "character": "575_0",
        "characterShiny": "575s_0",
        "cry": "575cry.ogg",
        "hasFemale": false
      }
    }
  ]
}