{
  "klass": "Specie",
  "id": 711,
  "dbSymbol": "gourgeist",
  "forms": [
    {
      "form": 0,
      "height": 0.9,
      "weight": 12.5,
      "type1": "ghost",
      "type2": "grass",
      "baseHp": 65,
      "baseAtk": 90,
      "baseDfe": 122,
      "baseSpd": 84,
      "baseAts": 58,
      "baseDfs": 75,
      "evHp": 0,
      "evAtk": 0,
      "evDfe": 2,
      "evSpd": 0,
      "evAts": 0,
      "evDfs": 0,
      "evolutions": [],
      "experienceType": 1,
      "baseExperience": 173,
      "baseLoyalty": 70,
      "catchRate": 60,
      "femaleRate": 50,
      "breedGroups": [
        11,
        11
      ],
      "hatchSteps": 5120,
      "babyDbSymbol": "pumpkaboo",
      "babyForm": 0,
      "itemHeld": [
        {
          "dbSymbol": "none",
          "chance": 0
        },
        {
          "dbSymbol": "none",
          "chance": 0
        }
      ],
      "abilities": [
        "pickup",
        "frisk",
        "insomnia"
      ],
      "frontOffsetY": 0,
      "moveSet": [
        {
          "klass": "LevelLearnableMove",
          "move": "astonish",
          "level": 1
        },
        {
          "klass": "LevelLearnableMove",
          "move": "confuse_ray",
          "level": 1
        },
        {
          "klass": "LevelLearnableMove",
          "move": "trick",
          "level": 1
        },
        {
          "klass": "LevelLearnableMove",
          "move": "explosion",
          "level": 1
        },
        {
          "klass": "LevelLearnableMove",
          "move": "phantom_force",
          "level": 1
        },
        {
          "klass": "LevelLearnableMove",
          "move": "scary_face",
          "level": 1
        },
        {
          "klass": "LevelLearnableMove",
          "move": "scary_face",
          "level": 4
        },
        {
          "klass": "LevelLearnableMove",
          "move": "trick_or_treat",
          "level": 6
        },
        {
          "klass": "LevelLearnableMove",
          "move": "worry_seed",
          "level": 11
        },
        {
          "klass": "LevelLearnableMove",
          "move": "razor_leaf",
          "level": 16
        },
        {
          "klass": "LevelLearnableMove",
          "move": "leech_seed",
          "level": 20
        },
        {
          "klass": "LevelLearnableMove",
          "move": "trick_or_treat",
          "level": 23
        },
        {
          "klass": "LevelLearnableMove",
          "move": "bullet_seed",
          "level": 26
        },
        {
          "klass": "LevelLearnableMove",
          "move": "shadow_sneak",
          "level": 30
        },
        {
          "klass": "LevelLearnableMove",
          "move": "shadow_ball",
          "level": 36
        },
        {
          "klass": "LevelLearnableMove",
          "move": "trick_or_treat",
          "level": 40
        },
        {
          "klass": "LevelLearnableMove",
          "move": "pain_split",
          "level": 42
        },
        {
          "klass": "LevelLearnableMove",
          "move": "seed_bomb",
          "level": 48
        },
        {
          "klass": "LevelLearnableMove",
          "move": "phantom_force",
          "level": 57
        },
        {
          "klass": "LevelLearnableMove",
          "move": "trick_or_treat",
          "level": 63
        },
        {
          "klass": "LevelLearnableMove",
          "move": "explosion",
          "level": 70
        },
        {
          "klass": "TutorLearnableMove",
          "move": "pain_split"
        },
        {
          "klass": "TutorLearnableMove",
          "move": "seed_bomb"
        },
        {
          "klass": "TutorLearnableMove",
          "move": "spite"
        },
        {
          "klass": "TutorLearnableMove",
          "move": "skill_swap"
        },
        {
          "klass": "TutorLearnableMove",
          "move": "giga_drain"
        },
        {
          "klass": "TutorLearnableMove",
          "move": "role_play"
        },
        {
          "klass": "TutorLearnableMove",
          "move": "ally_switch"
        },
        {
          "klass": "TutorLearnableMove",
          "move": "telekinesis"
        },
        {
          "klass": "TutorLearnableMove",
          "move": "magic_coat"
        },
        {
          "klass": "TutorLearnableMove",
          "move": "synthesis"
        },
        {
          "klass": "TutorLearnableMove",
          "move": "worry_seed"
        },
        {
          "klass": "TutorLearnableMove",
          "move": "trick"
        },
        {
          "klass": "TutorLearnableMove",
          "move": "foul_play"
        },
        {
          "klass": "TechLearnableMove",
          "move": "toxic"
        },
        {
          "klass": "TechLearnableMove",
          "move": "hidden_power"
        },
        {
          "klass": "TechLearnableMove",
          "move": "sunny_day"
        },
        {
          "klass": "TechLearnableMove",
          "move": "hyper_beam"
        },
        {
          "klass": "TechLearnableMove",
          "move": "light_screen"
        },
        {
          "klass": "TechLearnableMove",
          "move": "protect"
        },
        {
          "klass": "TechLearnableMove",
          "move": "safeguard"
        },
        {
          "klass": "TechLearnableMove",
          "move": "frustration"
        },
        {
          "klass": "TechLearnableMove",
          "move": "solar_beam"
        },
        {
          "klass": "TechLearnableMove",
          "move": "return"
        },
        {
          "klass": "TechLearnableMove",
          "move": "psychic"
        },
        {
          "klass": "TechLearnableMove",
          "move": "shadow_ball"
        },
        {
          "klass": "TechLearnableMove",
          "move": "double_team"
        },
        {
          "klass": "TechLearnableMove",
          "move": "flamethrower"
        },
        {
          "klass": "TechLearnableMove",
          "move": "sludge_bomb"
        },
        {
          "klass": "TechLearnableMove",
          "move": "fire_blast"
        },
        {
          "klass": "TechLearnableMove",
          "move": "facade"
        },
        {
          "klass": "TechLearnableMove",
          "move": "flame_charge"
        },
        {
          "klass": "TechLearnableMove",
          "move": "rest"
        },
        {
          "klass": "TechLearnableMove",
          "move": "attract"
        },
        {
          "klass": "TechLearnableMove",
          "move": "thief"
        },
        {
          "klass": "TechLearnableMove",
          "move": "round"
        },
        {
          "klass": "TechLearnableMove",
          "move": "focus_blast"
        },
        {
          "klass": "TechLearnableMove",
          "move": "energy_ball"
        },
        {
          "klass": "TechLearnableMove",
          "move": "charge_beam"
        },
        {
          "klass": "TechLearnableMove",
          "move": "will_o_wisp"
        },
        {
          "klass": "TechLearnableMove",
          "move": "explosion"
        },
        {
          "klass": "TechLearnableMove",
          "move": "giga_impact"
        },
        {
          "klass": "TechLearnableMove",
          "move": "gyro_ball"
        },
        {
          "klass": "TechLearnableMove",
          "move": "rock_slide"
        },
        {
          "klass": "TechLearnableMove",
          "move": "dream_eater"
        },
        {
          "klass": "TechLearnableMove",
          "move": "grass_knot"
        },
        {
          "klass": "TechLearnableMove",
          "move": "swagger"
        },
        {
          "klass": "TechLearnableMove",
          "move": "sleep_talk"
        },
        {
          "klass": "TechLearnableMove",
          "move": "substitute"
        },
        {
          "klass": "TechLearnableMove",
          "move": "trick_room"
        },
        {
          "klass": "TechLearnableMove",
          "move": "nature_power"
        },
        {
          "klass": "TechLearnableMove",
          "move": "dark_pulse"
        },
        {
          "klass": "TechLearnableMove",
          "move": "confide"
        },
        {
          "klass": "TechLearnableMove",
          "move": "secret_power"
        },
        {
          "klass": "TechLearnableMove",
          "move": "rock_smash"
        }
      ],
      "resources": {
        "icon": "711",
        "iconShiny": "",
        "front": "711",
        "frontShiny": "711",
        "back": "711",
        "backShiny": "711",
        "footprint": "",
        "character": "711_0",
        "characterShiny": "711s_0",
        "cry": "711cry.ogg",
        "hasFemale": false
      }
    },
    {
      "form": 1,
      "height": 0.7,
      "weight": 9.5,
      "type1": "ghost",
      "type2": "grass",
      "baseHp": 55,
      "baseAtk": 85,
      "baseDfe": 122,
      "baseSpd": 99,
      "baseAts": 58,
      "baseDfs": 75,
      "evHp": 0,
      "evAtk": 0,
      "evDfe": 2,
      "evSpd": 0,
      "evAts": 0,
      "evDfs": 0,
      "evolutions": [],
      "experienceType": 1,
      "baseExperience": 173,
      "baseLoyalty": 70,
      "catchRate": 60,
      "femaleRate": 50,
      "breedGroups": [
        11,
        11
      ],
      "hatchSteps": 5120,
      "babyDbSymbol": "pumpkaboo",
      "babyForm": 1,
      "itemHeld": [
        {
          "dbSymbol": "none",
          "chance": 0
        },
        {
          "dbSymbol": "none",
          "chance": 0
        }
      ],
      "abilities": [
        "pickup",
        "frisk",
        "insomnia"
      ],
      "frontOffsetY": 0,
      "moveSet": [
        {
          "klass": "LevelLearnableMove",
          "move": "astonish",
          "level": 1
        },
        {
          "klass": "LevelLearnableMove",
          "move": "confuse_ray",
          "level": 1
        },
        {
          "klass": "LevelLearnableMove",
          "move": "trick",
          "level": 1
        },
        {
          "klass": "LevelLearnableMove",
          "move": "scary_face",
          "level": 1
        },
        {
          "klass": "LevelLearnableMove",
          "move": "phantom_force",
          "level": 1
        },
        {
          "klass": "LevelLearnableMove",
          "move": "explosion",
          "level": 1
        },
        {
          "klass": "LevelLearnableMove",
          "move": "scary_face",
          "level": 4
        },
        {
          "klass": "LevelLearnableMove",
          "move": "trick_or_treat",
          "level": 6
        },
        {
          "klass": "LevelLearnableMove",
          "move": "worry_seed",
          "level": 11
        },
        {
          "klass": "LevelLearnableMove",
          "move": "razor_leaf",
          "level": 16
        },
        {
          "klass": "LevelLearnableMove",
          "move": "leech_seed",
          "level": 20
        },
        {
          "klass": "LevelLearnableMove",
          "move": "trick_or_treat",
          "level": 23
        },
        {
          "klass": "LevelLearnableMove",
          "move": "bullet_seed",
          "level": 26
        },
        {
          "klass": "LevelLearnableMove",
          "move": "shadow_sneak",
          "level": 30
        },
        {
          "klass": "LevelLearnableMove",
          "move": "shadow_ball",
          "level": 36
        },
        {
          "klass": "LevelLearnableMove",
          "move": "trick_or_treat",
          "level": 40
        },
        {
          "klass": "LevelLearnableMove",
          "move": "pain_split",
          "level": 42
        },
        {
          "klass": "LevelLearnableMove",
          "move": "seed_bomb",
          "level": 48
        },
        {
          "klass": "LevelLearnableMove",
          "move": "phantom_force",
          "level": 57
        },
        {
          "klass": "LevelLearnableMove",
          "move": "trick_or_treat",
          "level": 63
        },
        {
          "klass": "LevelLearnableMove",
          "move": "explosion",
          "level": 70
        },
        {
          "klass": "TutorLearnableMove",
          "move": "pain_split"
        },
        {
          "klass": "TutorLearnableMove",
          "move": "seed_bomb"
        },
        {
          "klass": "TutorLearnableMove",
          "move": "spite"
        },
        {
          "klass": "TutorLearnableMove",
          "move": "skill_swap"
        },
        {
          "klass": "TutorLearnableMove",
          "move": "giga_drain"
        },
        {
          "klass": "TutorLearnableMove",
          "move": "role_play"
        },
        {
          "klass": "TutorLearnableMove",
          "move": "ally_switch"
        },
        {
          "klass": "TutorLearnableMove",
          "move": "telekinesis"
        },
        {
          "klass": "TutorLearnableMove",
          "move": "magic_coat"
        },
        {
          "klass": "TutorLearnableMove",
          "move": "synthesis"
        },
        {
          "klass": "TutorLearnableMove",
          "move": "worry_seed"
        },
        {
          "klass": "TutorLearnableMove",
          "move": "trick"
        },
        {
          "klass": "TutorLearnableMove",
          "move": "foul_play"
        },
        {
          "klass": "TechLearnableMove",
          "move": "toxic"
        },
        {
          "klass": "TechLearnableMove",
          "move": "hidden_power"
        },
        {
          "klass": "TechLearnableMove",
          "move": "sunny_day"
        },
        {
          "klass": "TechLearnableMove",
          "move": "hyper_beam"
        },
        {
          "klass": "TechLearnableMove",
          "move": "light_screen"
        },
        {
          "klass": "TechLearnableMove",
          "move": "protect"
        },
        {
          "klass": "TechLearnableMove",
          "move": "safeguard"
        },
        {
          "klass": "TechLearnableMove",
          "move": "frustration"
        },
        {
          "klass": "TechLearnableMove",
          "move": "solar_beam"
        },
        {
          "klass": "TechLearnableMove",
          "move": "return"
        },
        {
          "klass": "TechLearnableMove",
          "move": "psychic"
        },
        {
          "klass": "TechLearnableMove",
          "move": "shadow_ball"
        },
        {
          "klass": "TechLearnableMove",
          "move": "double_team"
        },
        {
          "klass": "TechLearnableMove",
          "move": "flamethrower"
        },
        {
          "klass": "TechLearnableMove",
          "move": "sludge_bomb"
        },
        {
          "klass": "TechLearnableMove",
          "move": "fire_blast"
        },
        {
          "klass": "TechLearnableMove",
          "move": "facade"
        },
        {
          "klass": "TechLearnableMove",
          "move": "flame_charge"
        },
        {
          "klass": "TechLearnableMove",
          "move": "rest"
        },
        {
          "klass": "TechLearnableMove",
          "move": "attract"
        },
        {
          "klass": "TechLearnableMove",
          "move": "thief"
        },
        {
          "klass": "TechLearnableMove",
          "move": "round"
        },
        {
          "klass": "TechLearnableMove",
          "move": "focus_blast"
        },
        {
          "klass": "TechLearnableMove",
          "move": "energy_ball"
        },
        {
          "klass": "TechLearnableMove",
          "move": "charge_beam"
        },
        {
          "klass": "TechLearnableMove",
          "move": "will_o_wisp"
        },
        {
          "klass": "TechLearnableMove",
          "move": "explosion"
        },
        {
          "klass": "TechLearnableMove",
          "move": "giga_impact"
        },
        {
          "klass": "TechLearnableMove",
          "move": "gyro_ball"
        },
        {
          "klass": "TechLearnableMove",
          "move": "rock_slide"
        },
        {
          "klass": "TechLearnableMove",
          "move": "dream_eater"
        },
        {
          "klass": "TechLearnableMove",
          "move": "grass_knot"
        },
        {
          "klass": "TechLearnableMove",
          "move": "swagger"
        },
        {
          "klass": "TechLearnableMove",
          "move": "sleep_talk"
        },
        {
          "klass": "TechLearnableMove",
          "move": "substitute"
        },
        {
          "klass": "TechLearnableMove",
          "move": "trick_room"
        },
        {
          "klass": "TechLearnableMove",
          "move": "nature_power"
        },
        {
          "klass": "TechLearnableMove",
          "move": "dark_pulse"
        },
        {
          "klass": "TechLearnableMove",
          "move": "confide"
        },
        {
          "klass": "TechLearnableMove",
          "move": "secret_power"
        },
        {
          "klass": "TechLearnableMove",
          "move": "rock_smash"
        }
      ],
      "resources": {
        "icon": "711",
        "iconShiny": "",
        "front": "711_01",
        "frontShiny": "711",
        "back": "711",
        "backShiny": "711",
        "footprint": "",
        "character": "",
        "characterShiny": "",
        "cry": "711cry.ogg",
        "hasFemale": false
      }
    },
    {
      "form": 2,
      "height": 1.1,
      "weight": 14,
      "type1": "ghost",
      "type2": "grass",
      "baseHp": 75,
      "baseAtk": 95,
      "baseDfe": 122,
      "baseSpd": 69,
      "baseAts": 58,
      "baseDfs": 75,
      "evHp": 0,
      "evAtk": 0,
      "evDfe": 2,
      "evSpd": 0,
      "evAts": 0,
      "evDfs": 0,
      "evolutions": [],
      "experienceType": 1,
      "baseExperience": 173,
      "baseLoyalty": 70,
      "catchRate": 60,
      "femaleRate": 50,
      "breedGroups": [
        11,
        11
      ],
      "hatchSteps": 5120,
      "babyDbSymbol": "pumpkaboo",
      "babyForm": 2,
      "itemHeld": [
        {
          "dbSymbol": "none",
          "chance": 0
        },
        {
          "dbSymbol": "none",
          "chance": 0
        }
      ],
      "abilities": [
        "pickup",
        "frisk",
        "insomnia"
      ],
      "frontOffsetY": 0,
      "moveSet": [
        {
          "klass": "LevelLearnableMove",
          "move": "astonish",
          "level": 1
        },
        {
          "klass": "LevelLearnableMove",
          "move": "confuse_ray",
          "level": 1
        },
        {
          "klass": "LevelLearnableMove",
          "move": "trick",
          "level": 1
        },
        {
          "klass": "LevelLearnableMove",
          "move": "explosion",
          "level": 1
        },
        {
          "klass": "LevelLearnableMove",
          "move": "phantom_force",
          "level": 1
        },
        {
          "klass": "LevelLearnableMove",
          "move": "scary_face",
          "level": 1
        },
        {
          "klass": "LevelLearnableMove",
          "move": "scary_face",
          "level": 4
        },
        {
          "klass": "LevelLearnableMove",
          "move": "trick_or_treat",
          "level": 6
        },
        {
          "klass": "LevelLearnableMove",
          "move": "worry_seed",
          "level": 11
        },
        {
          "klass": "LevelLearnableMove",
          "move": "razor_leaf",
          "level": 16
        },
        {
          "klass": "LevelLearnableMove",
          "move": "leech_seed",
          "level": 20
        },
        {
          "klass": "LevelLearnableMove",
          "move": "trick_or_treat",
          "level": 23
        },
        {
          "klass": "LevelLearnableMove",
          "move": "bullet_seed",
          "level": 26
        },
        {
          "klass": "LevelLearnableMove",
          "move": "shadow_sneak",
          "level": 30
        },
        {
          "klass": "LevelLearnableMove",
          "move": "shadow_ball",
          "level": 36
        },
        {
          "klass": "LevelLearnableMove",
          "move": "trick_or_treat",
          "level": 40
        },
        {
          "klass": "LevelLearnableMove",
          "move": "pain_split",
          "level": 42
        },
        {
          "klass": "LevelLearnableMove",
          "move": "seed_bomb",
          "level": 48
        },
        {
          "klass": "LevelLearnableMove",
          "move": "phantom_force",
          "level": 57
        },
        {
          "klass": "LevelLearnableMove",
          "move": "trick_or_treat",
          "level": 63
        },
        {
          "klass": "LevelLearnableMove",
          "move": "explosion",
          "level": 70
        },
        {
          "klass": "TutorLearnableMove",
          "move": "pain_split"
        },
        {
          "klass": "TutorLearnableMove",
          "move": "seed_bomb"
        },
        {
          "klass": "TutorLearnableMove",
          "move": "spite"
        },
        {
          "klass": "TutorLearnableMove",
          "move": "skill_swap"
        },
        {
          "klass": "TutorLearnableMove",
          "move": "giga_drain"
        },
        {
          "klass": "TutorLearnableMove",
          "move": "role_play"
        },
        {
          "klass": "TutorLearnableMove",
          "move": "ally_switch"
        },
        {
          "klass": "TutorLearnableMove",
          "move": "telekinesis"
        },
        {
          "klass": "TutorLearnableMove",
          "move": "magic_coat"
        },
        {
          "klass": "TutorLearnableMove",
          "move": "synthesis"
        },
        {
          "klass": "TutorLearnableMove",
          "move": "worry_seed"
        },
        {
          "klass": "TutorLearnableMove",
          "move": "trick"
        },
        {
          "klass": "TutorLearnableMove",
          "move": "foul_play"
        },
        {
          "klass": "TechLearnableMove",
          "move": "toxic"
        },
        {
          "klass": "TechLearnableMove",
          "move": "hidden_power"
        },
        {
          "klass": "TechLearnableMove",
          "move": "sunny_day"
        },
        {
          "klass": "TechLearnableMove",
          "move": "hyper_beam"
        },
        {
          "klass": "TechLearnableMove",
          "move": "light_screen"
        },
        {
          "klass": "TechLearnableMove",
          "move": "protect"
        },
        {
          "klass": "TechLearnableMove",
          "move": "safeguard"
        },
        {
          "klass": "TechLearnableMove",
          "move": "frustration"
        },
        {
          "klass": "TechLearnableMove",
          "move": "solar_beam"
        },
        {
          "klass": "TechLearnableMove",
          "move": "return"
        },
        {
          "klass": "TechLearnableMove",
          "move": "psychic"
        },
        {
          "klass": "TechLearnableMove",
          "move": "shadow_ball"
        },
        {
          "klass": "TechLearnableMove",
          "move": "double_team"
        },
        {
          "klass": "TechLearnableMove",
          "move": "flamethrower"
        },
        {
          "klass": "TechLearnableMove",
          "move": "sludge_bomb"
        },
        {
          "klass": "TechLearnableMove",
          "move": "fire_blast"
        },
        {
          "klass": "TechLearnableMove",
          "move": "facade"
        },
        {
          "klass": "TechLearnableMove",
          "move": "flame_charge"
        },
        {
          "klass": "TechLearnableMove",
          "move": "rest"
        },
        {
          "klass": "TechLearnableMove",
          "move": "attract"
        },
        {
          "klass": "TechLearnableMove",
          "move": "thief"
        },
        {
          "klass": "TechLearnableMove",
          "move": "round"
        },
        {
          "klass": "TechLearnableMove",
          "move": "focus_blast"
        },
        {
          "klass": "TechLearnableMove",
          "move": "energy_ball"
        },
        {
          "klass": "TechLearnableMove",
          "move": "charge_beam"
        },
        {
          "klass": "TechLearnableMove",
          "move": "will_o_wisp"
        },
        {
          "klass": "TechLearnableMove",
          "move": "explosion"
        },
        {
          "klass": "TechLearnableMove",
          "move": "giga_impact"
        },
        {
          "klass": "TechLearnableMove",
          "move": "gyro_ball"
        },
        {
          "klass": "TechLearnableMove",
          "move": "rock_slide"
        },
        {
          "klass": "TechLearnableMove",
          "move": "dream_eater"
        },
        {
          "klass": "TechLearnableMove",
          "move": "grass_knot"
        },
        {
          "klass": "TechLearnableMove",
          "move": "swagger"
        },
        {
          "klass": "TechLearnableMove",
          "move": "sleep_talk"
        },
        {
          "klass": "TechLearnableMove",
          "move": "substitute"
        },
        {
          "klass": "TechLearnableMove",
          "move": "trick_room"
        },
        {
          "klass": "TechLearnableMove",
          "move": "nature_power"
        },
        {
          "klass": "TechLearnableMove",
          "move": "dark_pulse"
        },
        {
          "klass": "TechLearnableMove",
          "move": "confide"
        },
        {
          "klass": "TechLearnableMove",
          "move": "secret_power"
        },
        {
          "klass": "TechLearnableMove",
          "move": "rock_smash"
        }
      ],
      "resources": {
        "icon": "711",
        "iconShiny": "",
        "front": "711_02",
        "frontShiny": "711",
        "back": "711",
        "backShiny": "711",
        "footprint": "",
        "character": "",
        "characterShiny": "",
        "cry": "711cry.ogg",
        "hasFemale": false
      }
    },
    {
      "form": 3,
      "height": 1.7,
      "weight": 39,
      "type1": "ghost",
      "type2": "grass",
      "baseHp": 85,
      "baseAtk": 100,
      "baseDfe": 122,
      "baseSpd": 54,
      "baseAts": 58,
      "baseDfs": 75,
      "evHp": 0,
      "evAtk": 0,
      "evDfe": 2,
      "evSpd": 0,
      "evAts": 0,
      "evDfs": 0,
      "evolutions": [],
      "experienceType": 1,
      "baseExperience": 173,
      "baseLoyalty": 70,
      "catchRate": 60,
      "femaleRate": 50,
      "breedGroups": [
        11,
        11
      ],
      "hatchSteps": 5120,
      "babyDbSymbol": "pumpkaboo",
      "babyForm": 3,
      "itemHeld": [
        {
          "dbSymbol": "none",
          "chance": 0
        },
        {
          "dbSymbol": "none",
          "chance": 0
        }
      ],
      "abilities": [
        "pickup",
        "frisk",
        "insomnia"
      ],
      "frontOffsetY": 0,
      "moveSet": [
        {
          "klass": "LevelLearnableMove",
          "move": "astonish",
          "level": 1
        },
        {
          "klass": "LevelLearnableMove",
          "move": "confuse_ray",
          "level": 1
        },
        {
          "klass": "LevelLearnableMove",
          "move": "trick",
          "level": 1
        },
        {
          "klass": "LevelLearnableMove",
          "move": "explosion",
          "level": 1
        },
        {
          "klass": "LevelLearnableMove",
          "move": "phantom_force",
          "level": 1
        },
        {
          "klass": "LevelLearnableMove",
          "move": "scary_face",
          "level": 1
        },
        {
          "klass": "LevelLearnableMove",
          "move": "scary_face",
          "level": 4
        },
        {
          "klass": "LevelLearnableMove",
          "move": "trick_or_treat",
          "level": 6
        },
        {
          "klass": "LevelLearnableMove",
          "move": "worry_seed",
          "level": 11
        },
        {
          "klass": "LevelLearnableMove",
          "move": "razor_leaf",
          "level": 16
        },
        {
          "klass": "LevelLearnableMove",
          "move": "leech_seed",
          "level": 20
        },
        {
          "klass": "LevelLearnableMove",
          "move": "trick_or_treat",
          "level": 23
        },
        {
          "klass": "LevelLearnableMove",
          "move": "bullet_seed",
          "level": 26
        },
        {
          "klass": "LevelLearnableMove",
          "move": "shadow_sneak",
          "level": 30
        },
        {
          "klass": "LevelLearnableMove",
          "move": "shadow_ball",
          "level": 36
        },
        {
          "klass": "LevelLearnableMove",
          "move": "trick_or_treat",
          "level": 40
        },
        {
          "klass": "LevelLearnableMove",
          "move": "pain_split",
          "level": 42
        },
        {
          "klass": "LevelLearnableMove",
          "move": "seed_bomb",
          "level": 48
        },
        {
          "klass": "LevelLearnableMove",
          "move": "phantom_force",
          "level": 57
        },
        {
          "klass": "LevelLearnableMove",
          "move": "trick_or_treat",
          "level": 63
        },
        {
          "klass": "LevelLearnableMove",
          "move": "explosion",
          "level": 70
        },
        {
          "klass": "TutorLearnableMove",
          "move": "pain_split"
        },
        {
          "klass": "TutorLearnableMove",
          "move": "seed_bomb"
        },
        {
          "klass": "TutorLearnableMove",
          "move": "spite"
        },
        {
          "klass": "TutorLearnableMove",
          "move": "skill_swap"
        },
        {
          "klass": "TutorLearnableMove",
          "move": "giga_drain"
        },
        {
          "klass": "TutorLearnableMove",
          "move": "role_play"
        },
        {
          "klass": "TutorLearnableMove",
          "move": "ally_switch"
        },
        {
          "klass": "TutorLearnableMove",
          "move": "telekinesis"
        },
        {
          "klass": "TutorLearnableMove",
          "move": "magic_coat"
        },
        {
          "klass": "TutorLearnableMove",
          "move": "synthesis"
        },
        {
          "klass": "TutorLearnableMove",
          "move": "worry_seed"
        },
        {
          "klass": "TutorLearnableMove",
          "move": "trick"
        },
        {
          "klass": "TutorLearnableMove",
          "move": "foul_play"
        },
        {
          "klass": "TechLearnableMove",
          "move": "toxic"
        },
        {
          "klass": "TechLearnableMove",
          "move": "hidden_power"
        },
        {
          "klass": "TechLearnableMove",
          "move": "sunny_day"
        },
        {
          "klass": "TechLearnableMove",
          "move": "hyper_beam"
        },
        {
          "klass": "TechLearnableMove",
          "move": "light_screen"
        },
        {
          "klass": "TechLearnableMove",
          "move": "protect"
        },
        {
          "klass": "TechLearnableMove",
          "move": "safeguard"
        },
        {
          "klass": "TechLearnableMove",
          "move": "frustration"
        },
        {
          "klass": "TechLearnableMove",
          "move": "solar_beam"
        },
        {
          "klass": "TechLearnableMove",
          "move": "return"
        },
        {
          "klass": "TechLearnableMove",
          "move": "psychic"
        },
        {
          "klass": "TechLearnableMove",
          "move": "shadow_ball"
        },
        {
          "klass": "TechLearnableMove",
          "move": "double_team"
        },
        {
          "klass": "TechLearnableMove",
          "move": "flamethrower"
        },
        {
          "klass": "TechLearnableMove",
          "move": "sludge_bomb"
        },
        {
          "klass": "TechLearnableMove",
          "move": "fire_blast"
        },
        {
          "klass": "TechLearnableMove",
          "move": "facade"
        },
        {
          "klass": "TechLearnableMove",
          "move": "flame_charge"
        },
        {
          "klass": "TechLearnableMove",
          "move": "rest"
        },
        {
          "klass": "TechLearnableMove",
          "move": "attract"
        },
        {
          "klass": "TechLearnableMove",
          "move": "thief"
        },
        {
          "klass": "TechLearnableMove",
          "move": "round"
        },
        {
          "klass": "TechLearnableMove",
          "move": "focus_blast"
        },
        {
          "klass": "TechLearnableMove",
          "move": "energy_ball"
        },
        {
          "klass": "TechLearnableMove",
          "move": "charge_beam"
        },
        {
          "klass": "TechLearnableMove",
          "move": "will_o_wisp"
        },
        {
          "klass": "TechLearnableMove",
          "move": "explosion"
        },
        {
          "klass": "TechLearnableMove",
          "move": "giga_impact"
        },
        {
          "klass": "TechLearnableMove",
          "move": "gyro_ball"
        },
        {
          "klass": "TechLearnableMove",
          "move": "rock_slide"
        },
        {
          "klass": "TechLearnableMove",
          "move": "dream_eater"
        },
        {
          "klass": "TechLearnableMove",
          "move": "grass_knot"
        },
        {
          "klass": "TechLearnableMove",
          "move": "swagger"
        },
        {
          "klass": "TechLearnableMove",
          "move": "sleep_talk"
        },
        {
          "klass": "TechLearnableMove",
          "move": "substitute"
        },
        {
          "klass": "TechLearnableMove",
          "move": "trick_room"
        },
        {
          "klass": "TechLearnableMove",
          "move": "nature_power"
        },
        {
          "klass": "TechLearnableMove",
          "move": "dark_pulse"
        },
        {
          "klass": "TechLearnableMove",
          "move": "confide"
        },
        {
          "klass": "TechLearnableMove",
          "move": "secret_power"
        },
        {
          "klass": "TechLearnableMove",
          "move": "rock_smash"
        }
      ],
      "resources": {
        "icon": "711",
        "iconShiny": "",
        "front": "711_03",
        "frontShiny": "711",
        "back": "711",
        "backShiny": "711",
        "footprint": "",
        "character": "",
        "characterShiny": "",
        "cry": "711cry.ogg",
        "hasFemale": false
      }
    }
  ]
}