{
  "klass": "Specie",
  "id": 658,
  "dbSymbol": "greninja",
  "forms": [
    {
      "form": 0,
      "height": 1.5,
      "weight": 40,
      "type1": "water",
      "type2": "dark",
      "baseHp": 72,
      "baseAtk": 95,
      "baseDfe": 67,
      "baseSpd": 122,
      "baseAts": 103,
      "baseDfs": 71,
      "evHp": 0,
      "evAtk": 0,
      "evDfe": 0,
      "evSpd": 3,
      "evAts": 0,
      "evDfs": 0,
      "evolutions": [],
      "experienceType": 3,
      "baseExperience": 239,
      "baseLoyalty": 70,
      "catchRate": 45,
      "femaleRate": 12.5,
      "breedGroups": [
        2,
        2
      ],
      "hatchSteps": 5120,
      "babyDbSymbol": "froakie",
      "babyForm": 0,
      "itemHeld": [
        {
          "dbSymbol": "none",
          "chance": 0
        },
        {
          "dbSymbol": "none",
          "chance": 0
        }
      ],
      "abilities": [
        "torrent",
        "protean",
        "battle_bond"
      ],
      "frontOffsetY": 0,
      "moveSet": [
        {
          "klass": "LevelLearnableMove",
          "move": "pound",
          "level": 1
        },
        {
          "klass": "LevelLearnableMove",
          "move": "growl",
          "level": 1
        },
        {
          "klass": "LevelLearnableMove",
          "move": "role_play",
          "level": 1
        },
        {
          "klass": "LevelLearnableMove",
          "move": "mat_block",
          "level": 1
        },
        {
          "klass": "LevelLearnableMove",
          "move": "night_slash",
          "level": 1
        },
        {
          "klass": "LevelLearnableMove",
          "move": "bubble",
          "level": 1
        },
        {
          "klass": "LevelLearnableMove",
          "move": "quick_attack",
          "level": 1
        },
        {
          "klass": "LevelLearnableMove",
          "move": "water_shuriken",
          "level": 1
        },
        {
          "klass": "LevelLearnableMove",
          "move": "haze",
          "level": 1
        },
        {
          "klass": "LevelLearnableMove",
          "move": "bubble",
          "level": 5
        },
        {
          "klass": "LevelLearnableMove",
          "move": "quick_attack",
          "level": 8
        },
        {
          "klass": "LevelLearnableMove",
          "move": "lick",
          "level": 10
        },
        {
          "klass": "LevelLearnableMove",
          "move": "water_pulse",
          "level": 14
        },
        {
          "klass": "LevelLearnableMove",
          "move": "smokescreen",
          "level": 19
        },
        {
          "klass": "LevelLearnableMove",
          "move": "shadow_sneak",
          "level": 23
        },
        {
          "klass": "LevelLearnableMove",
          "move": "spikes",
          "level": 28
        },
        {
          "klass": "LevelLearnableMove",
          "move": "feint_attack",
          "level": 33
        },
        {
          "klass": "LevelLearnableMove",
          "move": "substitute",
          "level": 42
        },
        {
          "klass": "LevelLearnableMove",
          "move": "extrasensory",
          "level": 49
        },
        {
          "klass": "LevelLearnableMove",
          "move": "double_team",
          "level": 56
        },
        {
          "klass": "LevelLearnableMove",
          "move": "hydro_pump",
          "level": 68
        },
        {
          "klass": "LevelLearnableMove",
          "move": "haze",
          "level": 70
        },
        {
          "klass": "LevelLearnableMove",
          "move": "night_slash",
          "level": 77
        },
        {
          "klass": "TutorLearnableMove",
          "move": "water_pledge"
        },
        {
          "klass": "TutorLearnableMove",
          "move": "low_kick"
        },
        {
          "klass": "TutorLearnableMove",
          "move": "spite"
        },
        {
          "klass": "TutorLearnableMove",
          "move": "gunk_shot"
        },
        {
          "klass": "TutorLearnableMove",
          "move": "role_play"
        },
        {
          "klass": "TutorLearnableMove",
          "move": "ice_punch"
        },
        {
          "klass": "TutorLearnableMove",
          "move": "bounce"
        },
        {
          "klass": "TutorLearnableMove",
          "move": "snore"
        },
        {
          "klass": "TutorLearnableMove",
          "move": "snatch"
        },
        {
          "klass": "TutorLearnableMove",
          "move": "hydro_cannon"
        },
        {
          "klass": "TutorLearnableMove",
          "move": "icy_wind"
        },
        {
          "klass": "TutorLearnableMove",
          "move": "water_pulse"
        },
        {
          "klass": "TechLearnableMove",
          "move": "work_up"
        },
        {
          "klass": "TechLearnableMove",
          "move": "toxic"
        },
        {
          "klass": "TechLearnableMove",
          "move": "hidden_power"
        },
        {
          "klass": "TechLearnableMove",
          "move": "taunt"
        },
        {
          "klass": "TechLearnableMove",
          "move": "ice_beam"
        },
        {
          "klass": "TechLearnableMove",
          "move": "blizzard"
        },
        {
          "klass": "TechLearnableMove",
          "move": "hyper_beam"
        },
        {
          "klass": "TechLearnableMove",
          "move": "protect"
        },
        {
          "klass": "TechLearnableMove",
          "move": "rain_dance"
        },
        {
          "klass": "TechLearnableMove",
          "move": "frustration"
        },
        {
          "klass": "TechLearnableMove",
          "move": "smack_down"
        },
        {
          "klass": "TechLearnableMove",
          "move": "return"
        },
        {
          "klass": "TechLearnableMove",
          "move": "double_team"
        },
        {
          "klass": "TechLearnableMove",
          "move": "rock_tomb"
        },
        {
          "klass": "TechLearnableMove",
          "move": "aerial_ace"
        },
        {
          "klass": "TechLearnableMove",
          "move": "facade"
        },
        {
          "klass": "TechLearnableMove",
          "move": "rest"
        },
        {
          "klass": "TechLearnableMove",
          "move": "attract"
        },
        {
          "klass": "TechLearnableMove",
          "move": "thief"
        },
        {
          "klass": "TechLearnableMove",
          "move": "round"
        },
        {
          "klass": "TechLearnableMove",
          "move": "echoed_voice"
        },
        {
          "klass": "TechLearnableMove",
          "move": "scald"
        },
        {
          "klass": "TechLearnableMove",
          "move": "fling"
        },
        {
          "klass": "TechLearnableMove",
          "move": "brutal_swing"
        },
        {
          "klass": "TechLearnableMove",
          "move": "acrobatics"
        },
        {
          "klass": "TechLearnableMove",
          "move": "giga_impact"
        },
        {
          "klass": "TechLearnableMove",
          "move": "rock_slide"
        },
        {
          "klass": "TechLearnableMove",
          "move": "grass_knot"
        },
        {
          "klass": "TechLearnableMove",
          "move": "swagger"
        },
        {
          "klass": "TechLearnableMove",
          "move": "sleep_talk"
        },
        {
          "klass": "TechLearnableMove",
          "move": "u_turn"
        },
        {
          "klass": "TechLearnableMove",
          "move": "substitute"
        },
        {
          "klass": "TechLearnableMove",
          "move": "surf"
        },
        {
          "klass": "TechLearnableMove",
          "move": "dark_pulse"
        },
        {
          "klass": "TechLearnableMove",
          "move": "waterfall"
        },
        {
          "klass": "TechLearnableMove",
          "move": "confide"
        },
        {
          "klass": "TechLearnableMove",
          "move": "secret_power"
        },
        {
          "klass": "TechLearnableMove",
          "move": "power_up_punch"
        },
        {
          "klass": "TechLearnableMove",
          "move": "cut"
        },
        {
          "klass": "TechLearnableMove",
          "move": "strength"
        },
        {
          "klass": "TechLearnableMove",
          "move": "rock_smash"
        },
        {
          "klass": "TechLearnableMove",
          "move": "whirlpool"
        },
        {
          "klass": "EvolutionLearnableMove",
          "move": "water_shuriken"
        }
      ],
      "resources": {
        "icon": "658",
        "iconShiny": "",
        "front": "658",
        "frontShiny": "658",
        "back": "658",
        "backShiny": "658",
        "footprint": "",
        "character": "658_0",
        "characterShiny": "658s_0",
        "cry": "658cry.ogg",
        "hasFemale": false
      }
    },
    {
      "form": 1,
      "height": 1.5,
      "weight": 40,
      "type1": "water",
      "type2": "dark",
      "baseHp": 72,
      "baseAtk": 145,
      "baseDfe": 67,
      "baseSpd": 132,
      "baseAts": 153,
      "baseDfs": 71,
      "evHp": 0,
      "evAtk": 0,
      "evDfe": 0,
      "evSpd": 3,
      "evAts": 0,
      "evDfs": 0,
      "evolutions": [],
      "experienceType": 3,
      "baseExperience": 239,
      "baseLoyalty": 70,
      "catchRate": 45,
      "femaleRate": 12.5,
      "breedGroups": [
        2,
        2
      ],
      "hatchSteps": 5355,
      "babyDbSymbol": "froakie",
      "babyForm": 1,
      "itemHeld": [
        {
          "dbSymbol": "none",
          "chance": 0
        },
        {
          "dbSymbol": "none",
          "chance": 0
        }
      ],
      "abilities": [
        "torrent",
        "torrent",
        "battle_bond"
      ],
      "frontOffsetY": 0,
      "moveSet": [
        {
          "klass": "LevelLearnableMove",
          "move": "pound",
          "level": 1
        },
        {
          "klass": "LevelLearnableMove",
          "move": "growl",
          "level": 1
        },
        {
          "klass": "LevelLearnableMove",
          "move": "role_play",
          "level": 1
        },
        {
          "klass": "LevelLearnableMove",
          "move": "mat_block",
          "level": 1
        },
        {
          "klass": "LevelLearnableMove",
          "move": "night_slash",
          "level": 1
        },
        {
          "klass": "LevelLearnableMove",
          "move": "bubble",
          "level": 5
        },
        {
          "klass": "LevelLearnableMove",
          "move": "quick_attack",
          "level": 8
        },
        {
          "klass": "LevelLearnableMove",
          "move": "lick",
          "level": 10
        },
        {
          "klass": "LevelLearnableMove",
          "move": "water_pulse",
          "level": 14
        },
        {
          "klass": "LevelLearnableMove",
          "move": "smokescreen",
          "level": 20
        },
        {
          "klass": "LevelLearnableMove",
          "move": "shadow_sneak",
          "level": 23
        },
        {
          "klass": "LevelLearnableMove",
          "move": "spikes",
          "level": 28
        },
        {
          "klass": "LevelLearnableMove",
          "move": "feint_attack",
          "level": 33
        },
        {
          "klass": "LevelLearnableMove",
          "move": "water_shuriken",
          "level": 36
        },
        {
          "klass": "LevelLearnableMove",
          "move": "substitute",
          "level": 43
        },
        {
          "klass": "LevelLearnableMove",
          "move": "extrasensory",
          "level": 49
        },
        {
          "klass": "LevelLearnableMove",
          "move": "double_team",
          "level": 52
        },
        {
          "klass": "LevelLearnableMove",
          "move": "haze",
          "level": 56
        },
        {
          "klass": "LevelLearnableMove",
          "move": "hydro_pump",
          "level": 60
        },
        {
          "klass": "LevelLearnableMove",
          "move": "night_slash",
          "level": 70
        },
        {
          "klass": "LevelLearnableMove",
          "move": "water_shuriken",
          "level": 75
        },
        {
          "klass": "TechLearnableMove",
          "move": "hone_claws"
        },
        {
          "klass": "TechLearnableMove",
          "move": "dragon_claw"
        },
        {
          "klass": "TechLearnableMove",
          "move": "psyshock"
        },
        {
          "klass": "TechLearnableMove",
          "move": "calm_mind"
        },
        {
          "klass": "TechLearnableMove",
          "move": "roar"
        },
        {
          "klass": "TechLearnableMove",
          "move": "toxic"
        },
        {
          "klass": "TechLearnableMove",
          "move": "hail"
        },
        {
          "klass": "TechLearnableMove",
          "move": "bulk_up"
        },
        {
          "klass": "TechLearnableMove",
          "move": "venoshock"
        },
        {
          "klass": "TechLearnableMove",
          "move": "hidden_power"
        },
        {
          "klass": "TechLearnableMove",
          "move": "sunny_day"
        },
        {
          "klass": "TechLearnableMove",
          "move": "taunt"
        },
        {
          "klass": "TechLearnableMove",
          "move": "ice_beam"
        },
        {
          "klass": "TechLearnableMove",
          "move": "blizzard"
        },
        {
          "klass": "TechLearnableMove",
          "move": "hyper_beam"
        },
        {
          "klass": "TechLearnableMove",
          "move": "light_screen"
        },
        {
          "klass": "TechLearnableMove",
          "move": "protect"
        },
        {
          "klass": "TechLearnableMove",
          "move": "rain_dance"
        },
        {
          "klass": "TechLearnableMove",
          "move": "roost"
        },
        {
          "klass": "TechLearnableMove",
          "move": "safeguard"
        },
        {
          "klass": "TechLearnableMove",
          "move": "frustration"
        },
        {
          "klass": "TechLearnableMove",
          "move": "solar_beam"
        },
        {
          "klass": "TechLearnableMove",
          "move": "smack_down"
        },
        {
          "klass": "TechLearnableMove",
          "move": "thunderbolt"
        },
        {
          "klass": "TechLearnableMove",
          "move": "thunder"
        },
        {
          "klass": "TechLearnableMove",
          "move": "earthquake"
        },
        {
          "klass": "TechLearnableMove",
          "move": "return"
        },
        {
          "klass": "TechLearnableMove",
          "move": "dig"
        },
        {
          "klass": "TechLearnableMove",
          "move": "psychic"
        },
        {
          "klass": "TechLearnableMove",
          "move": "shadow_ball"
        },
        {
          "klass": "TechLearnableMove",
          "move": "brick_break"
        },
        {
          "klass": "TechLearnableMove",
          "move": "double_team"
        },
        {
          "klass": "TechLearnableMove",
          "move": "reflect"
        },
        {
          "klass": "TechLearnableMove",
          "move": "sludge_wave"
        },
        {
          "klass": "TechLearnableMove",
          "move": "flamethrower"
        },
        {
          "klass": "TechLearnableMove",
          "move": "sludge_bomb"
        },
        {
          "klass": "TechLearnableMove",
          "move": "sandstorm"
        },
        {
          "klass": "TechLearnableMove",
          "move": "fire_blast"
        },
        {
          "klass": "TechLearnableMove",
          "move": "rock_tomb"
        },
        {
          "klass": "TechLearnableMove",
          "move": "aerial_ace"
        },
        {
          "klass": "TechLearnableMove",
          "move": "torment"
        },
        {
          "klass": "TechLearnableMove",
          "move": "facade"
        },
        {
          "klass": "TechLearnableMove",
          "move": "flame_charge"
        },
        {
          "klass": "TechLearnableMove",
          "move": "rest"
        },
        {
          "klass": "TechLearnableMove",
          "move": "attract"
        },
        {
          "klass": "TechLearnableMove",
          "move": "thief"
        },
        {
          "klass": "TechLearnableMove",
          "move": "low_sweep"
        },
        {
          "klass": "TechLearnableMove",
          "move": "round"
        },
        {
          "klass": "TechLearnableMove",
          "move": "echoed_voice"
        },
        {
          "klass": "TechLearnableMove",
          "move": "overheat"
        },
        {
          "klass": "TechLearnableMove",
          "move": "steel_wing"
        },
        {
          "klass": "TechLearnableMove",
          "move": "focus_blast"
        },
        {
          "klass": "TechLearnableMove",
          "move": "energy_ball"
        },
        {
          "klass": "TechLearnableMove",
          "move": "false_swipe"
        },
        {
          "klass": "TechLearnableMove",
          "move": "scald"
        },
        {
          "klass": "TechLearnableMove",
          "move": "fling"
        },
        {
          "klass": "TechLearnableMove",
          "move": "charge_beam"
        },
        {
          "klass": "TechLearnableMove",
          "move": "sky_drop"
        },
        {
          "klass": "TechLearnableMove",
          "move": "incinerate"
        },
        {
          "klass": "TechLearnableMove",
          "move": "quash"
        },
        {
          "klass": "TechLearnableMove",
          "move": "will_o_wisp"
        },
        {
          "klass": "TechLearnableMove",
          "move": "acrobatics"
        },
        {
          "klass": "TechLearnableMove",
          "move": "embargo"
        },
        {
          "klass": "TechLearnableMove",
          "move": "explosion"
        },
        {
          "klass": "TechLearnableMove",
          "move": "shadow_claw"
        },
        {
          "klass": "TechLearnableMove",
          "move": "payback"
        },
        {
          "klass": "TechLearnableMove",
          "move": "retaliate"
        },
        {
          "klass": "TechLearnableMove",
          "move": "giga_impact"
        },
        {
          "klass": "TechLearnableMove",
          "move": "rock_polish"
        },
        {
          "klass": "TechLearnableMove",
          "move": "flash"
        },
        {
          "klass": "TechLearnableMove",
          "move": "stone_edge"
        },
        {
          "klass": "TechLearnableMove",
          "move": "volt_switch"
        },
        {
          "klass": "TechLearnableMove",
          "move": "thunder_wave"
        },
        {
          "klass": "TechLearnableMove",
          "move": "gyro_ball"
        },
        {
          "klass": "TechLearnableMove",
          "move": "swords_dance"
        },
        {
          "klass": "TechLearnableMove",
          "move": "struggle_bug"
        },
        {
          "klass": "TechLearnableMove",
          "move": "psych_up"
        },
        {
          "klass": "TechLearnableMove",
          "move": "bulldoze"
        },
        {
          "klass": "TechLearnableMove",
          "move": "frost_breath"
        },
        {
          "klass": "TechLearnableMove",
          "move": "rock_slide"
        },
        {
          "klass": "TechLearnableMove",
          "move": "x_scissor"
        },
        {
          "klass": "TechLearnableMove",
          "move": "dragon_tail"
        },
        {
          "klass": "TechLearnableMove",
          "move": "infestation"
        },
        {
          "klass": "TechLearnableMove",
          "move": "poison_jab"
        },
        {
          "klass": "TechLearnableMove",
          "move": "dream_eater"
        },
        {
          "klass": "TechLearnableMove",
          "move": "grass_knot"
        },
        {
          "klass": "TechLearnableMove",
          "move": "swagger"
        },
        {
          "klass": "TechLearnableMove",
          "move": "sleep_talk"
        },
        {
          "klass": "TechLearnableMove",
          "move": "u_turn"
        },
        {
          "klass": "TechLearnableMove",
          "move": "substitute"
        },
        {
          "klass": "TechLearnableMove",
          "move": "flash_cannon"
        },
        {
          "klass": "TechLearnableMove",
          "move": "trick_room"
        },
        {
          "klass": "TechLearnableMove",
          "move": "cut"
        },
        {
          "klass": "TechLearnableMove",
          "move": "fly"
        },
        {
          "klass": "TechLearnableMove",
          "move": "surf"
        },
        {
          "klass": "TechLearnableMove",
          "move": "strength"
        },
        {
          "klass": "TechLearnableMove",
          "move": "waterfall"
        },
        {
          "klass": "TechLearnableMove",
          "move": "rock_smash"
        },
        {
          "klass": "TechLearnableMove",
          "move": "wild_charge"
        },
        {
          "klass": "TechLearnableMove",
          "move": "secret_power"
        },
        {
          "klass": "TechLearnableMove",
          "move": "snarl"
        },
        {
          "klass": "TechLearnableMove",
          "move": "nature_power"
        },
        {
          "klass": "TechLearnableMove",
          "move": "dark_pulse"
        },
        {
          "klass": "TechLearnableMove",
          "move": "power_up_punch"
        },
        {
          "klass": "TechLearnableMove",
          "move": "dazzling_gleam"
        },
        {
          "klass": "TechLearnableMove",
          "move": "confide"
        },
        {
          "klass": "TechLearnableMove",
          "move": "whirlpool"
        }
      ],
      "resources": {
        "icon": "658_01",
        "iconShiny": "",
        "front": "658_01",
        "frontShiny": "658_01",
        "back": "658_01",
        "backShiny": "658_01",
        "footprint": "",
        "character": "",
        "characterShiny": "",
        "cry": "658cry.ogg",
        "hasFemale": false
      }
    }
  ]
}
