{
  "klass": "Specie",
  "id": 388,
  "dbSymbol": "grotle",
  "forms": [
    {
      "form": 0,
      "height": 1.1,
      "weight": 97,
      "type1": "grass",
      "type2": "__undef__",
      "baseHp": 75,
      "baseAtk": 89,
      "baseDfe": 85,
      "baseSpd": 36,
      "baseAts": 55,
      "baseDfs": 65,
      "evHp": 0,
      "evAtk": 1,
      "evDfe": 1,
      "evSpd": 0,
      "evAts": 0,
      "evDfs": 0,
      "evolutions": [
        {
          "dbSymbol": "torterra",
          "form": 0,
          "conditions": [
            {
              "type": "minLevel",
              "value": 32
            }
          ]
        }
      ],
      "experienceType": 3,
      "baseExperience": 142,
      "baseLoyalty": 70,
      "catchRate": 45,
      "femaleRate": 12.5,
      "breedGroups": [
        1,
        7
      ],
      "hatchSteps": 5120,
      "babyDbSymbol": "turtwig",
      "babyForm": 0,
      "itemHeld": [
        {
          "dbSymbol": "none",
          "chance": 0
        },
        {
          "dbSymbol": "none",
          "chance": 0
        }
      ],
      "abilities": [
        "overgrow",
        "overgrow",
        "shell_armor"
      ],
      "frontOffsetY": 0,
      "moveSet": [
        {
          "klass": "LevelLearnableMove",
          "move": "tackle",
          "level": 1
        },
        {
          "klass": "LevelLearnableMove",
          "move": "withdraw",
          "level": 1
        },
        {
          "klass": "LevelLearnableMove",
          "move": "absorb",
          "level": 1
        },
        {
          "klass": "LevelLearnableMove",
          "move": "withdraw",
          "level": 5
        },
        {
          "klass": "LevelLearnableMove",
          "move": "absorb",
          "level": 9
        },
        {
          "klass": "LevelLearnableMove",
          "move": "razor_leaf",
          "level": 13
        },
        {
          "klass": "LevelLearnableMove",
          "move": "curse",
          "level": 17
        },
        {
          "klass": "LevelLearnableMove",
          "move": "bite",
          "level": 22
        },
        {
          "klass": "LevelLearnableMove",
          "move": "mega_drain",
          "level": 27
        },
        {
          "klass": "LevelLearnableMove",
          "move": "leech_seed",
          "level": 32
        },
        {
          "klass": "LevelLearnableMove",
          "move": "synthesis",
          "level": 37
        },
        {
          "klass": "LevelLearnableMove",
          "move": "crunch",
          "level": 42
        },
        {
          "klass": "LevelLearnableMove",
          "move": "giga_drain",
          "level": 47
        },
        {
          "klass": "LevelLearnableMove",
          "move": "leaf_storm",
          "level": 52
        },
        {
          "klass": "TutorLearnableMove",
          "move": "grass_pledge"
        },
        {
          "klass": "TutorLearnableMove",
          "move": "seed_bomb"
        },
        {
          "klass": "TutorLearnableMove",
          "move": "giga_drain"
        },
        {
          "klass": "TutorLearnableMove",
          "move": "stealth_rock"
        },
        {
          "klass": "TutorLearnableMove",
          "move": "iron_tail"
        },
        {
          "klass": "TutorLearnableMove",
          "move": "snore"
        },
        {
          "klass": "TutorLearnableMove",
          "move": "superpower"
        },
        {
          "klass": "TutorLearnableMove",
          "move": "synthesis"
        },
        {
          "klass": "TutorLearnableMove",
          "move": "earth_power"
        },
        {
          "klass": "TutorLearnableMove",
          "move": "worry_seed"
        },
        {
          "klass": "TechLearnableMove",
          "move": "work_up"
        },
        {
          "klass": "TechLearnableMove",
          "move": "toxic"
        },
        {
          "klass": "TechLearnableMove",
          "move": "hidden_power"
        },
        {
          "klass": "TechLearnableMove",
          "move": "sunny_day"
        },
        {
          "klass": "TechLearnableMove",
          "move": "light_screen"
        },
        {
          "klass": "TechLearnableMove",
          "move": "protect"
        },
        {
          "klass": "TechLearnableMove",
          "move": "safeguard"
        },
        {
          "klass": "TechLearnableMove",
          "move": "frustration"
        },
        {
          "klass": "TechLearnableMove",
          "move": "solar_beam"
        },
        {
          "klass": "TechLearnableMove",
          "move": "return"
        },
        {
          "klass": "TechLearnableMove",
          "move": "double_team"
        },
        {
          "klass": "TechLearnableMove",
          "move": "reflect"
        },
        {
          "klass": "TechLearnableMove",
          "move": "facade"
        },
        {
          "klass": "TechLearnableMove",
          "move": "rest"
        },
        {
          "klass": "TechLearnableMove",
          "move": "attract"
        },
        {
          "klass": "TechLearnableMove",
          "move": "round"
        },
        {
          "klass": "TechLearnableMove",
          "move": "energy_ball"
        },
        {
          "klass": "TechLearnableMove",
          "move": "swords_dance"
        },
        {
          "klass": "TechLearnableMove",
          "move": "grass_knot"
        },
        {
          "klass": "TechLearnableMove",
          "move": "swagger"
        },
        {
          "klass": "TechLearnableMove",
          "move": "sleep_talk"
        },
        {
          "klass": "TechLearnableMove",
          "move": "substitute"
        },
        {
          "klass": "TechLearnableMove",
          "move": "nature_power"
        },
        {
          "klass": "TechLearnableMove",
          "move": "confide"
        },
        {
          "klass": "TechLearnableMove",
          "move": "secret_power"
        },
        {
          "klass": "TechLearnableMove",
          "move": "cut"
        },
        {
          "klass": "TechLearnableMove",
          "move": "strength"
        },
        {
          "klass": "TechLearnableMove",
          "move": "rock_smash"
        },
        {
          "klass": "TechLearnableMove",
          "move": "rock_climb"
        }
      ],
      "resources": {
        "icon": "388",
        "iconShiny": "",
        "front": "388",
        "frontShiny": "388",
        "back": "388",
        "backShiny": "388",
        "footprint": "388",
        "character": "388_0",
        "characterShiny": "388s_0",
        "cry": "388cry.ogg",
        "hasFemale": false
      }
    }
  ]
}