{
  "klass": "Specie",
  "id": 58,
  "dbSymbol": "growlithe",
  "forms": [
    {
      "form": 0,
      "height": 0.7,
      "weight": 19,
      "type1": "fire",
      "type2": "__undef__",
      "baseHp": 55,
      "baseAtk": 70,
      "baseDfe": 45,
      "baseSpd": 60,
      "baseAts": 70,
      "baseDfs": 50,
      "evHp": 0,
      "evAtk": 1,
      "evDfe": 0,
      "evSpd": 0,
      "evAts": 0,
      "evDfs": 0,
      "evolutions": [
        {
          "dbSymbol": "arcanine",
          "form": 0,
          "conditions": [
            {
              "type": "stone",
              "value": "fire_stone"
            }
          ]
        }
      ],
      "experienceType": 2,
      "baseExperience": 70,
      "baseLoyalty": 70,
      "catchRate": 190,
      "femaleRate": 25,
      "breedGroups": [
        5,
        5
      ],
      "hatchSteps": 5120,
      "babyDbSymbol": "growlithe",
      "babyForm": 0,
      "itemHeld": [
        {
          "dbSymbol": "rawst_berry",
          "chance": 50
        },
        {
          "dbSymbol": "none",
          "chance": 0
        }
      ],
      "abilities": [
        "flash_fire",
        "intimidate",
        "justified"
      ],
      "frontOffsetY": 0,
      "moveSet": [
        {
          "klass": "LevelLearnableMove",
          "move": "bite",
          "level": 1
        },
        {
          "klass": "LevelLearnableMove",
          "move": "roar",
          "level": 1
        },
        {
          "klass": "LevelLearnableMove",
          "move": "ember",
          "level": 6
        },
        {
          "klass": "LevelLearnableMove",
          "move": "leer",
          "level": 8
        },
        {
          "klass": "LevelLearnableMove",
          "move": "odor_sleuth",
          "level": 10
        },
        {
          "klass": "LevelLearnableMove",
          "move": "helping_hand",
          "level": 12
        },
        {
          "klass": "LevelLearnableMove",
          "move": "flame_wheel",
          "level": 17
        },
        {
          "klass": "LevelLearnableMove",
          "move": "reversal",
          "level": 19
        },
        {
          "klass": "LevelLearnableMove",
          "move": "fire_fang",
          "level": 21
        },
        {
          "klass": "LevelLearnableMove",
          "move": "take_down",
          "level": 23
        },
        {
          "klass": "LevelLearnableMove",
          "move": "flame_burst",
          "level": 28
        },
        {
          "klass": "LevelLearnableMove",
          "move": "agility",
          "level": 30
        },
        {
          "klass": "LevelLearnableMove",
          "move": "retaliate",
          "level": 32
        },
        {
          "klass": "LevelLearnableMove",
          "move": "flamethrower",
          "level": 34
        },
        {
          "klass": "LevelLearnableMove",
          "move": "crunch",
          "level": 39
        },
        {
          "klass": "LevelLearnableMove",
          "move": "heat_wave",
          "level": 41
        },
        {
          "klass": "LevelLearnableMove",
          "move": "outrage",
          "level": 43
        },
        {
          "klass": "LevelLearnableMove",
          "move": "flare_blitz",
          "level": 45
        },
        {
          "klass": "TutorLearnableMove",
          "move": "heat_wave"
        },
        {
          "klass": "TutorLearnableMove",
          "move": "outrage"
        },
        {
          "klass": "TutorLearnableMove",
          "move": "helping_hand"
        },
        {
          "klass": "TutorLearnableMove",
          "move": "covet"
        },
        {
          "klass": "TutorLearnableMove",
          "move": "iron_tail"
        },
        {
          "klass": "TutorLearnableMove",
          "move": "snore"
        },
        {
          "klass": "TechLearnableMove",
          "move": "roar"
        },
        {
          "klass": "TechLearnableMove",
          "move": "toxic"
        },
        {
          "klass": "TechLearnableMove",
          "move": "hidden_power"
        },
        {
          "klass": "TechLearnableMove",
          "move": "sunny_day"
        },
        {
          "klass": "TechLearnableMove",
          "move": "protect"
        },
        {
          "klass": "TechLearnableMove",
          "move": "safeguard"
        },
        {
          "klass": "TechLearnableMove",
          "move": "frustration"
        },
        {
          "klass": "TechLearnableMove",
          "move": "return"
        },
        {
          "klass": "TechLearnableMove",
          "move": "double_team"
        },
        {
          "klass": "TechLearnableMove",
          "move": "flamethrower"
        },
        {
          "klass": "TechLearnableMove",
          "move": "fire_blast"
        },
        {
          "klass": "TechLearnableMove",
          "move": "aerial_ace"
        },
        {
          "klass": "TechLearnableMove",
          "move": "facade"
        },
        {
          "klass": "TechLearnableMove",
          "move": "flame_charge"
        },
        {
          "klass": "TechLearnableMove",
          "move": "rest"
        },
        {
          "klass": "TechLearnableMove",
          "move": "attract"
        },
        {
          "klass": "TechLearnableMove",
          "move": "thief"
        },
        {
          "klass": "TechLearnableMove",
          "move": "round"
        },
        {
          "klass": "TechLearnableMove",
          "move": "overheat"
        },
        {
          "klass": "TechLearnableMove",
          "move": "will_o_wisp"
        },
        {
          "klass": "TechLearnableMove",
          "move": "swagger"
        },
        {
          "klass": "TechLearnableMove",
          "move": "sleep_talk"
        },
        {
          "klass": "TechLearnableMove",
          "move": "substitute"
        },
        {
          "klass": "TechLearnableMove",
          "move": "wild_charge"
        },
        {
          "klass": "TechLearnableMove",
          "move": "snarl"
        },
        {
          "klass": "TechLearnableMove",
          "move": "confide"
        },
        {
          "klass": "TechLearnableMove",
          "move": "secret_power"
        },
        {
          "klass": "TechLearnableMove",
          "move": "strength"
        },
        {
          "klass": "TechLearnableMove",
          "move": "rock_smash"
        },
        {
          "klass": "BreedLearnableMove",
          "move": "morning_sun"
        },
        {
          "klass": "BreedLearnableMove",
          "move": "flare_blitz"
        },
        {
          "klass": "BreedLearnableMove",
          "move": "heat_wave"
        },
        {
          "klass": "BreedLearnableMove",
          "move": "close_combat"
        },
        {
          "klass": "BreedLearnableMove",
          "move": "double_edge"
        },
        {
          "klass": "BreedLearnableMove",
          "move": "fire_spin"
        },
        {
          "klass": "BreedLearnableMove",
          "move": "double_kick"
        },
        {
          "klass": "BreedLearnableMove",
          "move": "howl"
        },
        {
          "klass": "BreedLearnableMove",
          "move": "covet"
        },
        {
          "klass": "BreedLearnableMove",
          "move": "crunch"
        },
        {
          "klass": "BreedLearnableMove",
          "move": "thrash"
        },
        {
          "klass": "BreedLearnableMove",
          "move": "body_slam"
        },
        {
          "klass": "BreedLearnableMove",
          "move": "iron_tail"
        },
        {
          "klass": "BreedLearnableMove",
          "move": "burn_up"
        }
      ],
      "resources": {
        "icon": "058",
        "iconShiny": "",
        "front": "058",
        "frontShiny": "058",
        "back": "058",
        "backShiny": "058",
        "footprint": "058",
        "character": "058_0",
        "characterShiny": "058s_0",
        "cry": "058cry.ogg",
        "hasFemale": false
      }
    }
  ]
}