{
  "klass": "Specie",
  "id": 326,
  "dbSymbol": "grumpig",
  "forms": [
    {
      "form": 0,
      "height": 0.9,
      "weight": 71.5,
      "type1": "psychic",
      "type2": "__undef__",
      "baseHp": 80,
      "baseAtk": 45,
      "baseDfe": 65,
      "baseSpd": 80,
      "baseAts": 90,
      "baseDfs": 110,
      "evHp": 0,
      "evAtk": 0,
      "evDfe": 0,
      "evSpd": 0,
      "evAts": 0,
      "evDfs": 2,
      "evolutions": [],
      "experienceType": 0,
      "baseExperience": 165,
      "baseLoyalty": 70,
      "catchRate": 60,
      "femaleRate": 50,
      "breedGroups": [
        5,
        5
      ],
      "hatchSteps": 5120,
      "babyDbSymbol": "spoink",
      "babyForm": 0,
      "itemHeld": [
        {
          "dbSymbol": "none",
          "chance": 0
        },
        {
          "dbSymbol": "none",
          "chance": 0
        }
      ],
      "abilities": [
        "own_tempo",
        "thick_fat",
        "gluttony"
      ],
      "frontOffsetY": 0,
      "moveSet": [
        {
          "klass": "LevelLearnableMove",
          "move": "psywave",
          "level": 1
        },
        {
          "klass": "LevelLearnableMove",
          "move": "splash",
          "level": 1
        },
        {
          "klass": "LevelLearnableMove",
          "move": "psybeam",
          "level": 1
        },
        {
          "klass": "LevelLearnableMove",
          "move": "odor_sleuth",
          "level": 1
        },
        {
          "klass": "LevelLearnableMove",
          "move": "teeter_dance",
          "level": 1
        },
        {
          "klass": "LevelLearnableMove",
          "move": "belch",
          "level": 1
        },
        {
          "klass": "LevelLearnableMove",
          "move": "psywave",
          "level": 7
        },
        {
          "klass": "LevelLearnableMove",
          "move": "odor_sleuth",
          "level": 10
        },
        {
          "klass": "LevelLearnableMove",
          "move": "psybeam",
          "level": 14
        },
        {
          "klass": "LevelLearnableMove",
          "move": "psych_up",
          "level": 15
        },
        {
          "klass": "LevelLearnableMove",
          "move": "confuse_ray",
          "level": 18
        },
        {
          "klass": "LevelLearnableMove",
          "move": "magic_coat",
          "level": 21
        },
        {
          "klass": "LevelLearnableMove",
          "move": "zen_headbutt",
          "level": 26
        },
        {
          "klass": "LevelLearnableMove",
          "move": "power_gem",
          "level": 29
        },
        {
          "klass": "LevelLearnableMove",
          "move": "snore",
          "level": 35
        },
        {
          "klass": "LevelLearnableMove",
          "move": "rest",
          "level": 35
        },
        {
          "klass": "LevelLearnableMove",
          "move": "psyshock",
          "level": 42
        },
        {
          "klass": "LevelLearnableMove",
          "move": "payback",
          "level": 46
        },
        {
          "klass": "LevelLearnableMove",
          "move": "psychic",
          "level": 52
        },
        {
          "klass": "LevelLearnableMove",
          "move": "bounce",
          "level": 60
        },
        {
          "klass": "TutorLearnableMove",
          "move": "skill_swap"
        },
        {
          "klass": "TutorLearnableMove",
          "move": "heal_bell"
        },
        {
          "klass": "TutorLearnableMove",
          "move": "role_play"
        },
        {
          "klass": "TutorLearnableMove",
          "move": "covet"
        },
        {
          "klass": "TutorLearnableMove",
          "move": "ally_switch"
        },
        {
          "klass": "TutorLearnableMove",
          "move": "telekinesis"
        },
        {
          "klass": "TutorLearnableMove",
          "move": "focus_punch"
        },
        {
          "klass": "TutorLearnableMove",
          "move": "shock_wave"
        },
        {
          "klass": "TutorLearnableMove",
          "move": "thunder_punch"
        },
        {
          "klass": "TutorLearnableMove",
          "move": "fire_punch"
        },
        {
          "klass": "TutorLearnableMove",
          "move": "ice_punch"
        },
        {
          "klass": "TutorLearnableMove",
          "move": "zen_headbutt"
        },
        {
          "klass": "TutorLearnableMove",
          "move": "iron_tail"
        },
        {
          "klass": "TutorLearnableMove",
          "move": "signal_beam"
        },
        {
          "klass": "TutorLearnableMove",
          "move": "bounce"
        },
        {
          "klass": "TutorLearnableMove",
          "move": "recycle"
        },
        {
          "klass": "TutorLearnableMove",
          "move": "magic_coat"
        },
        {
          "klass": "TutorLearnableMove",
          "move": "snore"
        },
        {
          "klass": "TutorLearnableMove",
          "move": "snatch"
        },
        {
          "klass": "TutorLearnableMove",
          "move": "trick"
        },
        {
          "klass": "TutorLearnableMove",
          "move": "laser_focus"
        },
        {
          "klass": "TutorLearnableMove",
          "move": "drain_punch"
        },
        {
          "klass": "TutorLearnableMove",
          "move": "icy_wind"
        },
        {
          "klass": "TechLearnableMove",
          "move": "psyshock"
        },
        {
          "klass": "TechLearnableMove",
          "move": "calm_mind"
        },
        {
          "klass": "TechLearnableMove",
          "move": "toxic"
        },
        {
          "klass": "TechLearnableMove",
          "move": "hidden_power"
        },
        {
          "klass": "TechLearnableMove",
          "move": "sunny_day"
        },
        {
          "klass": "TechLearnableMove",
          "move": "taunt"
        },
        {
          "klass": "TechLearnableMove",
          "move": "hyper_beam"
        },
        {
          "klass": "TechLearnableMove",
          "move": "light_screen"
        },
        {
          "klass": "TechLearnableMove",
          "move": "protect"
        },
        {
          "klass": "TechLearnableMove",
          "move": "rain_dance"
        },
        {
          "klass": "TechLearnableMove",
          "move": "frustration"
        },
        {
          "klass": "TechLearnableMove",
          "move": "return"
        },
        {
          "klass": "TechLearnableMove",
          "move": "psychic"
        },
        {
          "klass": "TechLearnableMove",
          "move": "shadow_ball"
        },
        {
          "klass": "TechLearnableMove",
          "move": "brick_break"
        },
        {
          "klass": "TechLearnableMove",
          "move": "double_team"
        },
        {
          "klass": "TechLearnableMove",
          "move": "reflect"
        },
        {
          "klass": "TechLearnableMove",
          "move": "torment"
        },
        {
          "klass": "TechLearnableMove",
          "move": "facade"
        },
        {
          "klass": "TechLearnableMove",
          "move": "rest"
        },
        {
          "klass": "TechLearnableMove",
          "move": "attract"
        },
        {
          "klass": "TechLearnableMove",
          "move": "thief"
        },
        {
          "klass": "TechLearnableMove",
          "move": "round"
        },
        {
          "klass": "TechLearnableMove",
          "move": "focus_blast"
        },
        {
          "klass": "TechLearnableMove",
          "move": "energy_ball"
        },
        {
          "klass": "TechLearnableMove",
          "move": "fling"
        },
        {
          "klass": "TechLearnableMove",
          "move": "charge_beam"
        },
        {
          "klass": "TechLearnableMove",
          "move": "payback"
        },
        {
          "klass": "TechLearnableMove",
          "move": "giga_impact"
        },
        {
          "klass": "TechLearnableMove",
          "move": "thunder_wave"
        },
        {
          "klass": "TechLearnableMove",
          "move": "psych_up"
        },
        {
          "klass": "TechLearnableMove",
          "move": "bulldoze"
        },
        {
          "klass": "TechLearnableMove",
          "move": "dream_eater"
        },
        {
          "klass": "TechLearnableMove",
          "move": "grass_knot"
        },
        {
          "klass": "TechLearnableMove",
          "move": "swagger"
        },
        {
          "klass": "TechLearnableMove",
          "move": "sleep_talk"
        },
        {
          "klass": "TechLearnableMove",
          "move": "substitute"
        },
        {
          "klass": "TechLearnableMove",
          "move": "trick_room"
        },
        {
          "klass": "TechLearnableMove",
          "move": "confide"
        },
        {
          "klass": "TechLearnableMove",
          "move": "secret_power"
        },
        {
          "klass": "TechLearnableMove",
          "move": "power_up_punch"
        },
        {
          "klass": "EvolutionLearnableMove",
          "move": "teeter_dance"
        }
      ],
      "resources": {
        "icon": "326",
        "iconShiny": "",
        "front": "326",
        "frontShiny": "326",
        "back": "326",
        "backShiny": "326",
        "footprint": "326",
        "character": "326_0",
        "characterShiny": "326s_0",
        "cry": "326cry.ogg",
        "hasFemale": false
      }
    }
  ]
}