{
  "klass": "Specie",
  "id": 316,
  "dbSymbol": "gulpin",
  "forms": [
    {
      "form": 0,
      "height": 0.4,
      "weight": 10.3,
      "type1": "poison",
      "type2": "__undef__",
      "baseHp": 70,
      "baseAtk": 43,
      "baseDfe": 53,
      "baseSpd": 40,
      "baseAts": 43,
      "baseDfs": 53,
      "evHp": 1,
      "evAtk": 0,
      "evDfe": 0,
      "evSpd": 0,
      "evAts": 0,
      "evDfs": 0,
      "evolutions": [
        {
          "dbSymbol": "swalot",
          "form": 0,
          "conditions": [
            {
              "type": "minLevel",
              "value": 26
            }
          ]
        }
      ],
      "experienceType": 5,
      "baseExperience": 60,
      "baseLoyalty": 70,
      "catchRate": 225,
      "femaleRate": 50,
      "breedGroups": [
        11,
        11
      ],
      "hatchSteps": 5120,
      "babyDbSymbol": "gulpin",
      "babyForm": 0,
      "itemHeld": [
        {
          "dbSymbol": "oran_berry",
          "chance": 5
        },
        {
          "dbSymbol": "none",
          "chance": 0
        }
      ],
      "abilities": [
        "sticky_hold",
        "liquid_ooze",
        "gluttony"
      ],
      "frontOffsetY": 0,
      "moveSet": [
        {
          "klass": "LevelLearnableMove",
          "move": "pound",
          "level": 1
        },
        {
          "klass": "LevelLearnableMove",
          "move": "yawn",
          "level": 5
        },
        {
          "klass": "LevelLearnableMove",
          "move": "poison_gas",
          "level": 8
        },
        {
          "klass": "LevelLearnableMove",
          "move": "sludge",
          "level": 10
        },
        {
          "klass": "LevelLearnableMove",
          "move": "amnesia",
          "level": 12
        },
        {
          "klass": "LevelLearnableMove",
          "move": "acid_spray",
          "level": 17
        },
        {
          "klass": "LevelLearnableMove",
          "move": "encore",
          "level": 20
        },
        {
          "klass": "LevelLearnableMove",
          "move": "toxic",
          "level": 25
        },
        {
          "klass": "LevelLearnableMove",
          "move": "spit_up",
          "level": 28
        },
        {
          "klass": "LevelLearnableMove",
          "move": "swallow",
          "level": 28
        },
        {
          "klass": "LevelLearnableMove",
          "move": "stockpile",
          "level": 28
        },
        {
          "klass": "LevelLearnableMove",
          "move": "sludge_bomb",
          "level": 33
        },
        {
          "klass": "LevelLearnableMove",
          "move": "gastro_acid",
          "level": 36
        },
        {
          "klass": "LevelLearnableMove",
          "move": "belch",
          "level": 41
        },
        {
          "klass": "LevelLearnableMove",
          "move": "wring_out",
          "level": 44
        },
        {
          "klass": "LevelLearnableMove",
          "move": "gunk_shot",
          "level": 49
        },
        {
          "klass": "TutorLearnableMove",
          "move": "pain_split"
        },
        {
          "klass": "TutorLearnableMove",
          "move": "seed_bomb"
        },
        {
          "klass": "TutorLearnableMove",
          "move": "gunk_shot"
        },
        {
          "klass": "TutorLearnableMove",
          "move": "giga_drain"
        },
        {
          "klass": "TutorLearnableMove",
          "move": "shock_wave"
        },
        {
          "klass": "TutorLearnableMove",
          "move": "thunder_punch"
        },
        {
          "klass": "TutorLearnableMove",
          "move": "fire_punch"
        },
        {
          "klass": "TutorLearnableMove",
          "move": "ice_punch"
        },
        {
          "klass": "TutorLearnableMove",
          "move": "snore"
        },
        {
          "klass": "TutorLearnableMove",
          "move": "snatch"
        },
        {
          "klass": "TutorLearnableMove",
          "move": "gastro_acid"
        },
        {
          "klass": "TutorLearnableMove",
          "move": "water_pulse"
        },
        {
          "klass": "TechLearnableMove",
          "move": "toxic"
        },
        {
          "klass": "TechLearnableMove",
          "move": "venoshock"
        },
        {
          "klass": "TechLearnableMove",
          "move": "hidden_power"
        },
        {
          "klass": "TechLearnableMove",
          "move": "sunny_day"
        },
        {
          "klass": "TechLearnableMove",
          "move": "ice_beam"
        },
        {
          "klass": "TechLearnableMove",
          "move": "protect"
        },
        {
          "klass": "TechLearnableMove",
          "move": "rain_dance"
        },
        {
          "klass": "TechLearnableMove",
          "move": "frustration"
        },
        {
          "klass": "TechLearnableMove",
          "move": "solar_beam"
        },
        {
          "klass": "TechLearnableMove",
          "move": "return"
        },
        {
          "klass": "TechLearnableMove",
          "move": "shadow_ball"
        },
        {
          "klass": "TechLearnableMove",
          "move": "double_team"
        },
        {
          "klass": "TechLearnableMove",
          "move": "sludge_wave"
        },
        {
          "klass": "TechLearnableMove",
          "move": "sludge_bomb"
        },
        {
          "klass": "TechLearnableMove",
          "move": "facade"
        },
        {
          "klass": "TechLearnableMove",
          "move": "rest"
        },
        {
          "klass": "TechLearnableMove",
          "move": "attract"
        },
        {
          "klass": "TechLearnableMove",
          "move": "round"
        },
        {
          "klass": "TechLearnableMove",
          "move": "explosion"
        },
        {
          "klass": "TechLearnableMove",
          "move": "infestation"
        },
        {
          "klass": "TechLearnableMove",
          "move": "dream_eater"
        },
        {
          "klass": "TechLearnableMove",
          "move": "swagger"
        },
        {
          "klass": "TechLearnableMove",
          "move": "sleep_talk"
        },
        {
          "klass": "TechLearnableMove",
          "move": "substitute"
        },
        {
          "klass": "TechLearnableMove",
          "move": "confide"
        },
        {
          "klass": "TechLearnableMove",
          "move": "secret_power"
        },
        {
          "klass": "TechLearnableMove",
          "move": "power_up_punch"
        },
        {
          "klass": "TechLearnableMove",
          "move": "strength"
        },
        {
          "klass": "TechLearnableMove",
          "move": "rock_smash"
        },
        {
          "klass": "BreedLearnableMove",
          "move": "acid_armor"
        },
        {
          "klass": "BreedLearnableMove",
          "move": "curse"
        },
        {
          "klass": "BreedLearnableMove",
          "move": "destiny_bond"
        },
        {
          "klass": "BreedLearnableMove",
          "move": "gunk_shot"
        },
        {
          "klass": "BreedLearnableMove",
          "move": "mud_slap"
        },
        {
          "klass": "BreedLearnableMove",
          "move": "pain_split"
        },
        {
          "klass": "BreedLearnableMove",
          "move": "smog"
        },
        {
          "klass": "BreedLearnableMove",
          "move": "venom_drench"
        }
      ],
      "resources": {
        "icon": "316",
        "iconShiny": "",
        "front": "316",
        "frontF": "316f",
        "frontShiny": "316",
        "frontShinyF": "316f",
        "back": "316",
        "backF": "316f",
        "backShiny": "316",
        "backShinyF": "316f",
        "footprint": "316",
        "character": "316_0",
        "characterShiny": "316s_0",
        "cry": "316cry.ogg",
        "hasFemale": true
      }
    }
  ]
}