{
  "klass": "Specie",
  "id": 783,
  "dbSymbol": "hakamo_o",
  "forms": [
    {
      "form": 0,
      "height": 1.2,
      "weight": 47,
      "type1": "dragon",
      "type2": "fighting",
      "baseHp": 55,
      "baseAtk": 75,
      "baseDfe": 90,
      "baseSpd": 65,
      "baseAts": 65,
      "baseDfs": 70,
      "evHp": 0,
      "evAtk": 0,
      "evDfe": 2,
      "evSpd": 0,
      "evAts": 0,
      "evDfs": 0,
      "evolutions": [
        {
          "dbSymbol": "kommo_o",
          "form": 0,
          "conditions": [
            {
              "type": "minLevel",
              "value": 45
            }
          ]
        }
      ],
      "experienceType": 2,
      "baseExperience": 147,
      "baseLoyalty": 70,
      "catchRate": 45,
      "femaleRate": 50,
      "breedGroups": [
        14,
        14
      ],
      "hatchSteps": 10240,
      "babyDbSymbol": "jangmo_o",
      "babyForm": 0,
      "itemHeld": [
        {
          "dbSymbol": "none",
          "chance": 0
        },
        {
          "dbSymbol": "none",
          "chance": 0
        }
      ],
      "abilities": [
        "bulletproof",
        "soundproof",
        "overcoat"
      ],
      "frontOffsetY": 0,
      "moveSet": [
        {
          "klass": "LevelLearnableMove",
          "move": "tackle",
          "level": 1
        },
        {
          "klass": "LevelLearnableMove",
          "move": "autotomize",
          "level": 1
        },
        {
          "klass": "LevelLearnableMove",
          "move": "sky_uppercut",
          "level": 1
        },
        {
          "klass": "LevelLearnableMove",
          "move": "leer",
          "level": 1
        },
        {
          "klass": "LevelLearnableMove",
          "move": "bide",
          "level": 1
        },
        {
          "klass": "LevelLearnableMove",
          "move": "protect",
          "level": 1
        },
        {
          "klass": "LevelLearnableMove",
          "move": "leer",
          "level": 5
        },
        {
          "klass": "LevelLearnableMove",
          "move": "bide",
          "level": 9
        },
        {
          "klass": "LevelLearnableMove",
          "move": "protect",
          "level": 13
        },
        {
          "klass": "LevelLearnableMove",
          "move": "dragon_tail",
          "level": 17
        },
        {
          "klass": "LevelLearnableMove",
          "move": "scary_face",
          "level": 21
        },
        {
          "klass": "LevelLearnableMove",
          "move": "headbutt",
          "level": 25
        },
        {
          "klass": "LevelLearnableMove",
          "move": "work_up",
          "level": 29
        },
        {
          "klass": "LevelLearnableMove",
          "move": "screech",
          "level": 33
        },
        {
          "klass": "LevelLearnableMove",
          "move": "iron_defense",
          "level": 38
        },
        {
          "klass": "LevelLearnableMove",
          "move": "dragon_claw",
          "level": 43
        },
        {
          "klass": "LevelLearnableMove",
          "move": "noble_roar",
          "level": 48
        },
        {
          "klass": "LevelLearnableMove",
          "move": "dragon_dance",
          "level": 53
        },
        {
          "klass": "LevelLearnableMove",
          "move": "outrage",
          "level": 58
        },
        {
          "klass": "LevelLearnableMove",
          "move": "close_combat",
          "level": 63
        },
        {
          "klass": "TutorLearnableMove",
          "move": "low_kick"
        },
        {
          "klass": "TutorLearnableMove",
          "move": "uproar"
        },
        {
          "klass": "TutorLearnableMove",
          "move": "outrage"
        },
        {
          "klass": "TutorLearnableMove",
          "move": "dual_chop"
        },
        {
          "klass": "TutorLearnableMove",
          "move": "dragon_pulse"
        },
        {
          "klass": "TutorLearnableMove",
          "move": "draco_meteor"
        },
        {
          "klass": "TutorLearnableMove",
          "move": "aqua_tail"
        },
        {
          "klass": "TutorLearnableMove",
          "move": "iron_defense"
        },
        {
          "klass": "TutorLearnableMove",
          "move": "iron_tail"
        },
        {
          "klass": "TutorLearnableMove",
          "move": "snore"
        },
        {
          "klass": "TutorLearnableMove",
          "move": "iron_head"
        },
        {
          "klass": "TutorLearnableMove",
          "move": "drain_punch"
        },
        {
          "klass": "TechLearnableMove",
          "move": "work_up"
        },
        {
          "klass": "TechLearnableMove",
          "move": "dragon_claw"
        },
        {
          "klass": "TechLearnableMove",
          "move": "roar"
        },
        {
          "klass": "TechLearnableMove",
          "move": "toxic"
        },
        {
          "klass": "TechLearnableMove",
          "move": "bulk_up"
        },
        {
          "klass": "TechLearnableMove",
          "move": "hidden_power"
        },
        {
          "klass": "TechLearnableMove",
          "move": "taunt"
        },
        {
          "klass": "TechLearnableMove",
          "move": "protect"
        },
        {
          "klass": "TechLearnableMove",
          "move": "safeguard"
        },
        {
          "klass": "TechLearnableMove",
          "move": "frustration"
        },
        {
          "klass": "TechLearnableMove",
          "move": "earthquake"
        },
        {
          "klass": "TechLearnableMove",
          "move": "return"
        },
        {
          "klass": "TechLearnableMove",
          "move": "brick_break"
        },
        {
          "klass": "TechLearnableMove",
          "move": "double_team"
        },
        {
          "klass": "TechLearnableMove",
          "move": "sandstorm"
        },
        {
          "klass": "TechLearnableMove",
          "move": "rock_tomb"
        },
        {
          "klass": "TechLearnableMove",
          "move": "aerial_ace"
        },
        {
          "klass": "TechLearnableMove",
          "move": "facade"
        },
        {
          "klass": "TechLearnableMove",
          "move": "rest"
        },
        {
          "klass": "TechLearnableMove",
          "move": "attract"
        },
        {
          "klass": "TechLearnableMove",
          "move": "round"
        },
        {
          "klass": "TechLearnableMove",
          "move": "echoed_voice"
        },
        {
          "klass": "TechLearnableMove",
          "move": "focus_blast"
        },
        {
          "klass": "TechLearnableMove",
          "move": "false_swipe"
        },
        {
          "klass": "TechLearnableMove",
          "move": "fling"
        },
        {
          "klass": "TechLearnableMove",
          "move": "brutal_swing"
        },
        {
          "klass": "TechLearnableMove",
          "move": "shadow_claw"
        },
        {
          "klass": "TechLearnableMove",
          "move": "payback"
        },
        {
          "klass": "TechLearnableMove",
          "move": "swords_dance"
        },
        {
          "klass": "TechLearnableMove",
          "move": "bulldoze"
        },
        {
          "klass": "TechLearnableMove",
          "move": "rock_slide"
        },
        {
          "klass": "TechLearnableMove",
          "move": "x_scissor"
        },
        {
          "klass": "TechLearnableMove",
          "move": "dragon_tail"
        },
        {
          "klass": "TechLearnableMove",
          "move": "swagger"
        },
        {
          "klass": "TechLearnableMove",
          "move": "sleep_talk"
        },
        {
          "klass": "TechLearnableMove",
          "move": "substitute"
        },
        {
          "klass": "TechLearnableMove",
          "move": "confide"
        },
        {
          "klass": "TechLearnableMove",
          "move": "secret_power"
        },
        {
          "klass": "TechLearnableMove",
          "move": "power_up_punch"
        },
        {
          "klass": "TechLearnableMove",
          "move": "strength"
        },
        {
          "klass": "TechLearnableMove",
          "move": "rock_smash"
        },
        {
          "klass": "EvolutionLearnableMove",
          "move": "sky_uppercut"
        }
      ],
      "resources": {
        "icon": "783",
        "iconShiny": "",
        "front": "783",
        "frontShiny": "783",
        "back": "783",
        "backShiny": "783",
        "footprint": "",
        "character": "783_0",
        "characterShiny": "783s_0",
        "cry": "783cry.ogg",
        "hasFemale": false
      }
    }
  ]
}