{
  "klass": "Specie",
  "id": 485,
  "dbSymbol": "heatran",
  "forms": [
    {
      "form": 0,
      "height": 1.7,
      "weight": 430,
      "type1": "fire",
      "type2": "steel",
      "baseHp": 91,
      "baseAtk": 90,
      "baseDfe": 106,
      "baseSpd": 77,
      "baseAts": 130,
      "baseDfs": 106,
      "evHp": 0,
      "evAtk": 0,
      "evDfe": 0,
      "evSpd": 0,
      "evAts": 3,
      "evDfs": 0,
      "evolutions": [],
      "experienceType": 2,
      "baseExperience": 270,
      "baseLoyalty": 100,
      "catchRate": 3,
      "femaleRate": 50,
      "breedGroups": [
        15,
        15
      ],
      "hatchSteps": 2560,
      "babyDbSymbol": "__undef__",
      "babyForm": 0,
      "itemHeld": [
        {
          "dbSymbol": "none",
          "chance": 0
        },
        {
          "dbSymbol": "none",
          "chance": 0
        }
      ],
      "abilities": [
        "flash_fire",
        "flash_fire",
        "flame_body"
      ],
      "frontOffsetY": 0,
      "moveSet": [
        {
          "klass": "LevelLearnableMove",
          "move": "heat_wave",
          "level": 1
        },
        {
          "klass": "LevelLearnableMove",
          "move": "fire_spin",
          "level": 1
        },
        {
          "klass": "LevelLearnableMove",
          "move": "ancient_power",
          "level": 1
        },
        {
          "klass": "LevelLearnableMove",
          "move": "magma_storm",
          "level": 1
        },
        {
          "klass": "LevelLearnableMove",
          "move": "earth_power",
          "level": 1
        },
        {
          "klass": "LevelLearnableMove",
          "move": "iron_head",
          "level": 1
        },
        {
          "klass": "LevelLearnableMove",
          "move": "leer",
          "level": 9
        },
        {
          "klass": "LevelLearnableMove",
          "move": "fire_fang",
          "level": 17
        },
        {
          "klass": "LevelLearnableMove",
          "move": "metal_sound",
          "level": 25
        },
        {
          "klass": "LevelLearnableMove",
          "move": "crunch",
          "level": 33
        },
        {
          "klass": "LevelLearnableMove",
          "move": "scary_face",
          "level": 41
        },
        {
          "klass": "LevelLearnableMove",
          "move": "lava_plume",
          "level": 49
        },
        {
          "klass": "LevelLearnableMove",
          "move": "fire_spin",
          "level": 57
        },
        {
          "klass": "LevelLearnableMove",
          "move": "iron_head",
          "level": 65
        },
        {
          "klass": "LevelLearnableMove",
          "move": "earth_power",
          "level": 73
        },
        {
          "klass": "LevelLearnableMove",
          "move": "heat_wave",
          "level": 81
        },
        {
          "klass": "LevelLearnableMove",
          "move": "stone_edge",
          "level": 88
        },
        {
          "klass": "LevelLearnableMove",
          "move": "magma_storm",
          "level": 96
        },
        {
          "klass": "TutorLearnableMove",
          "move": "uproar"
        },
        {
          "klass": "TutorLearnableMove",
          "move": "heat_wave"
        },
        {
          "klass": "TutorLearnableMove",
          "move": "dragon_pulse"
        },
        {
          "klass": "TutorLearnableMove",
          "move": "iron_defense"
        },
        {
          "klass": "TutorLearnableMove",
          "move": "stealth_rock"
        },
        {
          "klass": "TutorLearnableMove",
          "move": "bug_bite"
        },
        {
          "klass": "TutorLearnableMove",
          "move": "snore"
        },
        {
          "klass": "TutorLearnableMove",
          "move": "earth_power"
        },
        {
          "klass": "TutorLearnableMove",
          "move": "iron_head"
        },
        {
          "klass": "TutorLearnableMove",
          "move": "stomping_tantrum"
        },
        {
          "klass": "TechLearnableMove",
          "move": "roar"
        },
        {
          "klass": "TechLearnableMove",
          "move": "toxic"
        },
        {
          "klass": "TechLearnableMove",
          "move": "hidden_power"
        },
        {
          "klass": "TechLearnableMove",
          "move": "sunny_day"
        },
        {
          "klass": "TechLearnableMove",
          "move": "taunt"
        },
        {
          "klass": "TechLearnableMove",
          "move": "hyper_beam"
        },
        {
          "klass": "TechLearnableMove",
          "move": "protect"
        },
        {
          "klass": "TechLearnableMove",
          "move": "frustration"
        },
        {
          "klass": "TechLearnableMove",
          "move": "solar_beam"
        },
        {
          "klass": "TechLearnableMove",
          "move": "earthquake"
        },
        {
          "klass": "TechLearnableMove",
          "move": "return"
        },
        {
          "klass": "TechLearnableMove",
          "move": "double_team"
        },
        {
          "klass": "TechLearnableMove",
          "move": "flamethrower"
        },
        {
          "klass": "TechLearnableMove",
          "move": "fire_blast"
        },
        {
          "klass": "TechLearnableMove",
          "move": "rock_tomb"
        },
        {
          "klass": "TechLearnableMove",
          "move": "torment"
        },
        {
          "klass": "TechLearnableMove",
          "move": "facade"
        },
        {
          "klass": "TechLearnableMove",
          "move": "flame_charge"
        },
        {
          "klass": "TechLearnableMove",
          "move": "rest"
        },
        {
          "klass": "TechLearnableMove",
          "move": "attract"
        },
        {
          "klass": "TechLearnableMove",
          "move": "round"
        },
        {
          "klass": "TechLearnableMove",
          "move": "overheat"
        },
        {
          "klass": "TechLearnableMove",
          "move": "will_o_wisp"
        },
        {
          "klass": "TechLearnableMove",
          "move": "explosion"
        },
        {
          "klass": "TechLearnableMove",
          "move": "payback"
        },
        {
          "klass": "TechLearnableMove",
          "move": "giga_impact"
        },
        {
          "klass": "TechLearnableMove",
          "move": "stone_edge"
        },
        {
          "klass": "TechLearnableMove",
          "move": "bulldoze"
        },
        {
          "klass": "TechLearnableMove",
          "move": "rock_slide"
        },
        {
          "klass": "TechLearnableMove",
          "move": "swagger"
        },
        {
          "klass": "TechLearnableMove",
          "move": "sleep_talk"
        },
        {
          "klass": "TechLearnableMove",
          "move": "substitute"
        },
        {
          "klass": "TechLearnableMove",
          "move": "flash_cannon"
        },
        {
          "klass": "TechLearnableMove",
          "move": "nature_power"
        },
        {
          "klass": "TechLearnableMove",
          "move": "dark_pulse"
        },
        {
          "klass": "TechLearnableMove",
          "move": "confide"
        },
        {
          "klass": "TechLearnableMove",
          "move": "secret_power"
        },
        {
          "klass": "TechLearnableMove",
          "move": "strength"
        },
        {
          "klass": "TechLearnableMove",
          "move": "rock_smash"
        },
        {
          "klass": "TechLearnableMove",
          "move": "rock_climb"
        }
      ],
      "resources": {
        "icon": "485",
        "iconShiny": "",
        "front": "485",
        "frontShiny": "485",
        "back": "485",
        "backShiny": "485",
        "footprint": "485",
        "character": "485_0",
        "characterShiny": "485s_0",
        "cry": "485cry.ogg",
        "hasFemale": false
      }
    }
  ]
}