{
  "klass": "Specie",
  "id": 507,
  "dbSymbol": "herdier",
  "forms": [
    {
      "form": 0,
      "height": 0.9,
      "weight": 14.7,
      "type1": "normal",
      "type2": "__undef__",
      "baseHp": 65,
      "baseAtk": 80,
      "baseDfe": 65,
      "baseSpd": 60,
      "baseAts": 35,
      "baseDfs": 65,
      "evHp": 0,
      "evAtk": 2,
      "evDfe": 0,
      "evSpd": 0,
      "evAts": 0,
      "evDfs": 0,
      "evolutions": [
        {
          "dbSymbol": "stoutland",
          "form": 0,
          "conditions": [
            {
              "type": "minLevel",
              "value": 32
            }
          ]
        }
      ],
      "experienceType": 3,
      "baseExperience": 130,
      "baseLoyalty": 70,
      "catchRate": 120,
      "femaleRate": 50,
      "breedGroups": [
        5,
        5
      ],
      "hatchSteps": 3840,
      "babyDbSymbol": "lillipup",
      "babyForm": 0,
      "itemHeld": [
        {
          "dbSymbol": "none",
          "chance": 0
        },
        {
          "dbSymbol": "none",
          "chance": 0
        }
      ],
      "abilities": [
        "intimidate",
        "sand_rush",
        "scrappy"
      ],
      "frontOffsetY": 0,
      "moveSet": [
        {
          "klass": "LevelLearnableMove",
          "move": "tackle",
          "level": 1
        },
        {
          "klass": "LevelLearnableMove",
          "move": "leer",
          "level": 1
        },
        {
          "klass": "LevelLearnableMove",
          "move": "odor_sleuth",
          "level": 1
        },
        {
          "klass": "LevelLearnableMove",
          "move": "bite",
          "level": 1
        },
        {
          "klass": "LevelLearnableMove",
          "move": "odor_sleuth",
          "level": 5
        },
        {
          "klass": "LevelLearnableMove",
          "move": "bite",
          "level": 8
        },
        {
          "klass": "LevelLearnableMove",
          "move": "helping_hand",
          "level": 12
        },
        {
          "klass": "LevelLearnableMove",
          "move": "take_down",
          "level": 15
        },
        {
          "klass": "LevelLearnableMove",
          "move": "work_up",
          "level": 20
        },
        {
          "klass": "LevelLearnableMove",
          "move": "crunch",
          "level": 24
        },
        {
          "klass": "LevelLearnableMove",
          "move": "roar",
          "level": 29
        },
        {
          "klass": "LevelLearnableMove",
          "move": "retaliate",
          "level": 33
        },
        {
          "klass": "LevelLearnableMove",
          "move": "reversal",
          "level": 38
        },
        {
          "klass": "LevelLearnableMove",
          "move": "last_resort",
          "level": 42
        },
        {
          "klass": "LevelLearnableMove",
          "move": "giga_impact",
          "level": 47
        },
        {
          "klass": "LevelLearnableMove",
          "move": "play_rough",
          "level": 52
        },
        {
          "klass": "TutorLearnableMove",
          "move": "after_you"
        },
        {
          "klass": "TutorLearnableMove",
          "move": "helping_hand"
        },
        {
          "klass": "TutorLearnableMove",
          "move": "last_resort"
        },
        {
          "klass": "TutorLearnableMove",
          "move": "covet"
        },
        {
          "klass": "TutorLearnableMove",
          "move": "hyper_voice"
        },
        {
          "klass": "TutorLearnableMove",
          "move": "shock_wave"
        },
        {
          "klass": "TutorLearnableMove",
          "move": "snore"
        },
        {
          "klass": "TutorLearnableMove",
          "move": "uproar"
        },
        {
          "klass": "TechLearnableMove",
          "move": "work_up"
        },
        {
          "klass": "TechLearnableMove",
          "move": "roar"
        },
        {
          "klass": "TechLearnableMove",
          "move": "toxic"
        },
        {
          "klass": "TechLearnableMove",
          "move": "hidden_power"
        },
        {
          "klass": "TechLearnableMove",
          "move": "sunny_day"
        },
        {
          "klass": "TechLearnableMove",
          "move": "protect"
        },
        {
          "klass": "TechLearnableMove",
          "move": "rain_dance"
        },
        {
          "klass": "TechLearnableMove",
          "move": "frustration"
        },
        {
          "klass": "TechLearnableMove",
          "move": "thunderbolt"
        },
        {
          "klass": "TechLearnableMove",
          "move": "return"
        },
        {
          "klass": "TechLearnableMove",
          "move": "shadow_ball"
        },
        {
          "klass": "TechLearnableMove",
          "move": "double_team"
        },
        {
          "klass": "TechLearnableMove",
          "move": "rock_tomb"
        },
        {
          "klass": "TechLearnableMove",
          "move": "aerial_ace"
        },
        {
          "klass": "TechLearnableMove",
          "move": "facade"
        },
        {
          "klass": "TechLearnableMove",
          "move": "rest"
        },
        {
          "klass": "TechLearnableMove",
          "move": "attract"
        },
        {
          "klass": "TechLearnableMove",
          "move": "round"
        },
        {
          "klass": "TechLearnableMove",
          "move": "payback"
        },
        {
          "klass": "TechLearnableMove",
          "move": "giga_impact"
        },
        {
          "klass": "TechLearnableMove",
          "move": "thunder_wave"
        },
        {
          "klass": "TechLearnableMove",
          "move": "swagger"
        },
        {
          "klass": "TechLearnableMove",
          "move": "sleep_talk"
        },
        {
          "klass": "TechLearnableMove",
          "move": "substitute"
        },
        {
          "klass": "TechLearnableMove",
          "move": "wild_charge"
        },
        {
          "klass": "TechLearnableMove",
          "move": "surf"
        },
        {
          "klass": "TechLearnableMove",
          "move": "snarl"
        },
        {
          "klass": "TechLearnableMove",
          "move": "confide"
        },
        {
          "klass": "TechLearnableMove",
          "move": "secret_power"
        },
        {
          "klass": "TechLearnableMove",
          "move": "strength"
        },
        {
          "klass": "TechLearnableMove",
          "move": "rock_smash"
        }
      ],
      "resources": {
        "icon": "507",
        "iconShiny": "",
        "front": "507",
        "frontShiny": "507",
        "back": "507",
        "backShiny": "507",
        "footprint": "507",
        "character": "507_0",
        "characterShiny": "507s_0",
        "cry": "507cry.ogg",
        "hasFemale": false
      }
    }
  ]
}