{
  "klass": "Specie",
  "id": 449,
  "dbSymbol": "hippopotas",
  "forms": [
    {
      "form": 0,
      "height": 0.8,
      "weight": 49.5,
      "type1": "ground",
      "type2": "__undef__",
      "baseHp": 68,
      "baseAtk": 72,
      "baseDfe": 78,
      "baseSpd": 32,
      "baseAts": 38,
      "baseDfs": 42,
      "evHp": 0,
      "evAtk": 0,
      "evDfe": 1,
      "evSpd": 0,
      "evAts": 0,
      "evDfs": 0,
      "evolutions": [
        {
          "dbSymbol": "hippowdon",
          "form": 0,
          "conditions": [
            {
              "type": "minLevel",
              "value": 34
            }
          ]
        }
      ],
      "experienceType": 2,
      "baseExperience": 66,
      "baseLoyalty": 70,
      "catchRate": 140,
      "femaleRate": 50,
      "breedGroups": [
        5,
        5
      ],
      "hatchSteps": 7680,
      "babyDbSymbol": "hippopotas",
      "babyForm": 0,
      "itemHeld": [
        {
          "dbSymbol": "none",
          "chance": 0
        },
        {
          "dbSymbol": "none",
          "chance": 0
        }
      ],
      "abilities": [
        "sand_stream",
        "sand_stream",
        "sand_force"
      ],
      "frontOffsetY": 0,
      "moveSet": [
        {
          "klass": "LevelLearnableMove",
          "move": "tackle",
          "level": 1
        },
        {
          "klass": "LevelLearnableMove",
          "move": "sand_attack",
          "level": 1
        },
        {
          "klass": "LevelLearnableMove",
          "move": "bite",
          "level": 7
        },
        {
          "klass": "LevelLearnableMove",
          "move": "yawn",
          "level": 13
        },
        {
          "klass": "LevelLearnableMove",
          "move": "take_down",
          "level": 19
        },
        {
          "klass": "LevelLearnableMove",
          "move": "dig",
          "level": 19
        },
        {
          "klass": "LevelLearnableMove",
          "move": "sand_tomb",
          "level": 25
        },
        {
          "klass": "LevelLearnableMove",
          "move": "crunch",
          "level": 31
        },
        {
          "klass": "LevelLearnableMove",
          "move": "earthquake",
          "level": 37
        },
        {
          "klass": "LevelLearnableMove",
          "move": "double_edge",
          "level": 44
        },
        {
          "klass": "LevelLearnableMove",
          "move": "fissure",
          "level": 50
        },
        {
          "klass": "TutorLearnableMove",
          "move": "stealth_rock"
        },
        {
          "klass": "TutorLearnableMove",
          "move": "iron_tail"
        },
        {
          "klass": "TutorLearnableMove",
          "move": "snore"
        },
        {
          "klass": "TutorLearnableMove",
          "move": "superpower"
        },
        {
          "klass": "TutorLearnableMove",
          "move": "earth_power"
        },
        {
          "klass": "TutorLearnableMove",
          "move": "water_pulse"
        },
        {
          "klass": "TutorLearnableMove",
          "move": "stomping_tantrum"
        },
        {
          "klass": "TechLearnableMove",
          "move": "roar"
        },
        {
          "klass": "TechLearnableMove",
          "move": "toxic"
        },
        {
          "klass": "TechLearnableMove",
          "move": "hidden_power"
        },
        {
          "klass": "TechLearnableMove",
          "move": "sunny_day"
        },
        {
          "klass": "TechLearnableMove",
          "move": "protect"
        },
        {
          "klass": "TechLearnableMove",
          "move": "frustration"
        },
        {
          "klass": "TechLearnableMove",
          "move": "earthquake"
        },
        {
          "klass": "TechLearnableMove",
          "move": "return"
        },
        {
          "klass": "TechLearnableMove",
          "move": "double_team"
        },
        {
          "klass": "TechLearnableMove",
          "move": "sandstorm"
        },
        {
          "klass": "TechLearnableMove",
          "move": "rock_tomb"
        },
        {
          "klass": "TechLearnableMove",
          "move": "facade"
        },
        {
          "klass": "TechLearnableMove",
          "move": "rest"
        },
        {
          "klass": "TechLearnableMove",
          "move": "attract"
        },
        {
          "klass": "TechLearnableMove",
          "move": "round"
        },
        {
          "klass": "TechLearnableMove",
          "move": "bulldoze"
        },
        {
          "klass": "TechLearnableMove",
          "move": "rock_slide"
        },
        {
          "klass": "TechLearnableMove",
          "move": "swagger"
        },
        {
          "klass": "TechLearnableMove",
          "move": "sleep_talk"
        },
        {
          "klass": "TechLearnableMove",
          "move": "substitute"
        },
        {
          "klass": "TechLearnableMove",
          "move": "confide"
        },
        {
          "klass": "TechLearnableMove",
          "move": "secret_power"
        },
        {
          "klass": "TechLearnableMove",
          "move": "strength"
        },
        {
          "klass": "TechLearnableMove",
          "move": "rock_smash"
        },
        {
          "klass": "BreedLearnableMove",
          "move": "body_slam"
        },
        {
          "klass": "BreedLearnableMove",
          "move": "curse"
        },
        {
          "klass": "BreedLearnableMove",
          "move": "revenge"
        },
        {
          "klass": "BreedLearnableMove",
          "move": "sand_tomb"
        },
        {
          "klass": "BreedLearnableMove",
          "move": "slack_off"
        },
        {
          "klass": "BreedLearnableMove",
          "move": "sleep_talk"
        },
        {
          "klass": "BreedLearnableMove",
          "move": "stockpile"
        },
        {
          "klass": "BreedLearnableMove",
          "move": "spit_up"
        },
        {
          "klass": "BreedLearnableMove",
          "move": "swallow"
        },
        {
          "klass": "BreedLearnableMove",
          "move": "whirlwind"
        }
      ],
      "resources": {
        "icon": "449",
        "iconShiny": "",
        "front": "449",
        "frontF": "449f",
        "frontShiny": "449",
        "frontShinyF": "449f",
        "back": "449",
        "backF": "449f",
        "backShiny": "449",
        "backShinyF": "449f",
        "footprint": "449",
        "character": "449_0",
        "characterF": "449f_0",
        "characterShiny": "449s_0",
        "characterShinyF": "449fs_0",
        "cry": "449cry.ogg",
        "hasFemale": true
      }
    }
  ]
}