{
  "klass": "Specie",
  "id": 450,
  "dbSymbol": "hippowdon",
  "forms": [
    {
      "form": 0,
      "height": 2,
      "weight": 300,
      "type1": "ground",
      "type2": "__undef__",
      "baseHp": 108,
      "baseAtk": 112,
      "baseDfe": 118,
      "baseSpd": 47,
      "baseAts": 68,
      "baseDfs": 72,
      "evHp": 0,
      "evAtk": 0,
      "evDfe": 2,
      "evSpd": 0,
      "evAts": 0,
      "evDfs": 0,
      "evolutions": [],
      "experienceType": 2,
      "baseExperience": 184,
      "baseLoyalty": 70,
      "catchRate": 60,
      "femaleRate": 50,
      "breedGroups": [
        5,
        5
      ],
      "hatchSteps": 7680,
      "babyDbSymbol": "hippopotas",
      "babyForm": 0,
      "itemHeld": [
        {
          "dbSymbol": "none",
          "chance": 0
        },
        {
          "dbSymbol": "none",
          "chance": 0
        }
      ],
      "abilities": [
        "sand_stream",
        "sand_stream",
        "sand_force"
      ],
      "frontOffsetY": 0,
      "moveSet": [
        {
          "klass": "LevelLearnableMove",
          "move": "tackle",
          "level": 1
        },
        {
          "klass": "LevelLearnableMove",
          "move": "sand_attack",
          "level": 1
        },
        {
          "klass": "LevelLearnableMove",
          "move": "yawn",
          "level": 1
        },
        {
          "klass": "LevelLearnableMove",
          "move": "bite",
          "level": 1
        },
        {
          "klass": "LevelLearnableMove",
          "move": "thunder_fang",
          "level": 1
        },
        {
          "klass": "LevelLearnableMove",
          "move": "ice_fang",
          "level": 1
        },
        {
          "klass": "LevelLearnableMove",
          "move": "fire_fang",
          "level": 1
        },
        {
          "klass": "LevelLearnableMove",
          "move": "bite",
          "level": 7
        },
        {
          "klass": "LevelLearnableMove",
          "move": "yawn",
          "level": 13
        },
        {
          "klass": "LevelLearnableMove",
          "move": "take_down",
          "level": 19
        },
        {
          "klass": "LevelLearnableMove",
          "move": "dig",
          "level": 19
        },
        {
          "klass": "LevelLearnableMove",
          "move": "sand_tomb",
          "level": 25
        },
        {
          "klass": "LevelLearnableMove",
          "move": "crunch",
          "level": 31
        },
        {
          "klass": "LevelLearnableMove",
          "move": "earthquake",
          "level": 40
        },
        {
          "klass": "LevelLearnableMove",
          "move": "double_edge",
          "level": 50
        },
        {
          "klass": "LevelLearnableMove",
          "move": "fissure",
          "level": 60
        },
        {
          "klass": "TutorLearnableMove",
          "move": "stealth_rock"
        },
        {
          "klass": "TutorLearnableMove",
          "move": "iron_tail"
        },
        {
          "klass": "TutorLearnableMove",
          "move": "snore"
        },
        {
          "klass": "TutorLearnableMove",
          "move": "superpower"
        },
        {
          "klass": "TutorLearnableMove",
          "move": "earth_power"
        },
        {
          "klass": "TutorLearnableMove",
          "move": "iron_head"
        },
        {
          "klass": "TutorLearnableMove",
          "move": "stomping_tantrum"
        },
        {
          "klass": "TutorLearnableMove",
          "move": "water_pulse"
        },
        {
          "klass": "TechLearnableMove",
          "move": "roar"
        },
        {
          "klass": "TechLearnableMove",
          "move": "toxic"
        },
        {
          "klass": "TechLearnableMove",
          "move": "hidden_power"
        },
        {
          "klass": "TechLearnableMove",
          "move": "sunny_day"
        },
        {
          "klass": "TechLearnableMove",
          "move": "hyper_beam"
        },
        {
          "klass": "TechLearnableMove",
          "move": "protect"
        },
        {
          "klass": "TechLearnableMove",
          "move": "frustration"
        },
        {
          "klass": "TechLearnableMove",
          "move": "earthquake"
        },
        {
          "klass": "TechLearnableMove",
          "move": "return"
        },
        {
          "klass": "TechLearnableMove",
          "move": "double_team"
        },
        {
          "klass": "TechLearnableMove",
          "move": "sandstorm"
        },
        {
          "klass": "TechLearnableMove",
          "move": "rock_tomb"
        },
        {
          "klass": "TechLearnableMove",
          "move": "facade"
        },
        {
          "klass": "TechLearnableMove",
          "move": "rest"
        },
        {
          "klass": "TechLearnableMove",
          "move": "attract"
        },
        {
          "klass": "TechLearnableMove",
          "move": "round"
        },
        {
          "klass": "TechLearnableMove",
          "move": "giga_impact"
        },
        {
          "klass": "TechLearnableMove",
          "move": "stone_edge"
        },
        {
          "klass": "TechLearnableMove",
          "move": "bulldoze"
        },
        {
          "klass": "TechLearnableMove",
          "move": "rock_slide"
        },
        {
          "klass": "TechLearnableMove",
          "move": "swagger"
        },
        {
          "klass": "TechLearnableMove",
          "move": "sleep_talk"
        },
        {
          "klass": "TechLearnableMove",
          "move": "substitute"
        },
        {
          "klass": "TechLearnableMove",
          "move": "confide"
        },
        {
          "klass": "TechLearnableMove",
          "move": "secret_power"
        },
        {
          "klass": "TechLearnableMove",
          "move": "strength"
        },
        {
          "klass": "TechLearnableMove",
          "move": "rock_smash"
        }
      ],
      "resources": {
        "icon": "450",
        "iconShiny": "",
        "front": "450",
        "frontF": "450f",
        "frontShiny": "450",
        "frontShinyF": "450f",
        "back": "450",
        "backF": "450f",
        "backShiny": "450",
        "backShinyF": "450f",
        "footprint": "450",
        "character": "450_0",
        "characterF": "450f_0",
        "characterShiny": "450s_0",
        "characterShinyF": "450fs_0",
        "cry": "450cry.ogg",
        "hasFemale": true
      }
    }
  ]
}