{
  "klass": "Specie",
  "id": 163,
  "dbSymbol": "hoothoot",
  "forms": [
    {
      "form": 0,
      "height": 0.7,
      "weight": 21.2,
      "type1": "normal",
      "type2": "flying",
      "baseHp": 60,
      "baseAtk": 30,
      "baseDfe": 30,
      "baseSpd": 50,
      "baseAts": 36,
      "baseDfs": 56,
      "evHp": 1,
      "evAtk": 0,
      "evDfe": 0,
      "evSpd": 0,
      "evAts": 0,
      "evDfs": 0,
      "evolutions": [
        {
          "dbSymbol": "noctowl",
          "form": 0,
          "conditions": [
            {
              "type": "minLevel",
              "value": 20
            }
          ]
        }
      ],
      "experienceType": 1,
      "baseExperience": 52,
      "baseLoyalty": 70,
      "catchRate": 255,
      "femaleRate": 50,
      "breedGroups": [
        4,
        4
      ],
      "hatchSteps": 3840,
      "babyDbSymbol": "hoothoot",
      "babyForm": 0,
      "itemHeld": [
        {
          "dbSymbol": "none",
          "chance": 0
        },
        {
          "dbSymbol": "none",
          "chance": 0
        }
      ],
      "abilities": [
        "insomnia",
        "keen_eye",
        "tinted_lens"
      ],
      "frontOffsetY": 0,
      "moveSet": [
        {
          "klass": "LevelLearnableMove",
          "move": "tackle",
          "level": 1
        },
        {
          "klass": "LevelLearnableMove",
          "move": "foresight",
          "level": 1
        },
        {
          "klass": "LevelLearnableMove",
          "move": "growl",
          "level": 1
        },
        {
          "klass": "LevelLearnableMove",
          "move": "hypnosis",
          "level": 4
        },
        {
          "klass": "LevelLearnableMove",
          "move": "peck",
          "level": 7
        },
        {
          "klass": "LevelLearnableMove",
          "move": "confusion",
          "level": 10
        },
        {
          "klass": "LevelLearnableMove",
          "move": "echoed_voice",
          "level": 13
        },
        {
          "klass": "LevelLearnableMove",
          "move": "zen_headbutt",
          "level": 16
        },
        {
          "klass": "LevelLearnableMove",
          "move": "psycho_shift",
          "level": 19
        },
        {
          "klass": "LevelLearnableMove",
          "move": "extrasensory",
          "level": 22
        },
        {
          "klass": "LevelLearnableMove",
          "move": "take_down",
          "level": 25
        },
        {
          "klass": "LevelLearnableMove",
          "move": "reflect",
          "level": 28
        },
        {
          "klass": "LevelLearnableMove",
          "move": "air_slash",
          "level": 31
        },
        {
          "klass": "LevelLearnableMove",
          "move": "uproar",
          "level": 34
        },
        {
          "klass": "LevelLearnableMove",
          "move": "roost",
          "level": 37
        },
        {
          "klass": "LevelLearnableMove",
          "move": "moonblast",
          "level": 40
        },
        {
          "klass": "LevelLearnableMove",
          "move": "synchronoise",
          "level": 43
        },
        {
          "klass": "LevelLearnableMove",
          "move": "dream_eater",
          "level": 46
        },
        {
          "klass": "TutorLearnableMove",
          "move": "defog"
        },
        {
          "klass": "TutorLearnableMove",
          "move": "uproar"
        },
        {
          "klass": "TutorLearnableMove",
          "move": "heat_wave"
        },
        {
          "klass": "TutorLearnableMove",
          "move": "hyper_voice"
        },
        {
          "klass": "TutorLearnableMove",
          "move": "sky_attack"
        },
        {
          "klass": "TutorLearnableMove",
          "move": "recycle"
        },
        {
          "klass": "TutorLearnableMove",
          "move": "magic_coat"
        },
        {
          "klass": "TutorLearnableMove",
          "move": "snore"
        },
        {
          "klass": "TutorLearnableMove",
          "move": "zen_headbutt"
        },
        {
          "klass": "TutorLearnableMove",
          "move": "tailwind"
        },
        {
          "klass": "TechLearnableMove",
          "move": "work_up"
        },
        {
          "klass": "TechLearnableMove",
          "move": "toxic"
        },
        {
          "klass": "TechLearnableMove",
          "move": "hidden_power"
        },
        {
          "klass": "TechLearnableMove",
          "move": "sunny_day"
        },
        {
          "klass": "TechLearnableMove",
          "move": "protect"
        },
        {
          "klass": "TechLearnableMove",
          "move": "rain_dance"
        },
        {
          "klass": "TechLearnableMove",
          "move": "roost"
        },
        {
          "klass": "TechLearnableMove",
          "move": "frustration"
        },
        {
          "klass": "TechLearnableMove",
          "move": "return"
        },
        {
          "klass": "TechLearnableMove",
          "move": "psychic"
        },
        {
          "klass": "TechLearnableMove",
          "move": "shadow_ball"
        },
        {
          "klass": "TechLearnableMove",
          "move": "double_team"
        },
        {
          "klass": "TechLearnableMove",
          "move": "reflect"
        },
        {
          "klass": "TechLearnableMove",
          "move": "aerial_ace"
        },
        {
          "klass": "TechLearnableMove",
          "move": "facade"
        },
        {
          "klass": "TechLearnableMove",
          "move": "rest"
        },
        {
          "klass": "TechLearnableMove",
          "move": "attract"
        },
        {
          "klass": "TechLearnableMove",
          "move": "thief"
        },
        {
          "klass": "TechLearnableMove",
          "move": "round"
        },
        {
          "klass": "TechLearnableMove",
          "move": "echoed_voice"
        },
        {
          "klass": "TechLearnableMove",
          "move": "steel_wing"
        },
        {
          "klass": "TechLearnableMove",
          "move": "fly"
        },
        {
          "klass": "TechLearnableMove",
          "move": "psych_up"
        },
        {
          "klass": "TechLearnableMove",
          "move": "dream_eater"
        },
        {
          "klass": "TechLearnableMove",
          "move": "swagger"
        },
        {
          "klass": "TechLearnableMove",
          "move": "sleep_talk"
        },
        {
          "klass": "TechLearnableMove",
          "move": "substitute"
        },
        {
          "klass": "TechLearnableMove",
          "move": "confide"
        },
        {
          "klass": "TechLearnableMove",
          "move": "secret_power"
        },
        {
          "klass": "BreedLearnableMove",
          "move": "agility"
        },
        {
          "klass": "BreedLearnableMove",
          "move": "defog"
        },
        {
          "klass": "BreedLearnableMove",
          "move": "feather_dance"
        },
        {
          "klass": "BreedLearnableMove",
          "move": "feint_attack"
        },
        {
          "klass": "BreedLearnableMove",
          "move": "hurricane"
        },
        {
          "klass": "BreedLearnableMove",
          "move": "mean_look"
        },
        {
          "klass": "BreedLearnableMove",
          "move": "mirror_move"
        },
        {
          "klass": "BreedLearnableMove",
          "move": "night_shade"
        },
        {
          "klass": "BreedLearnableMove",
          "move": "sky_attack"
        },
        {
          "klass": "BreedLearnableMove",
          "move": "supersonic"
        },
        {
          "klass": "BreedLearnableMove",
          "move": "whirlwind"
        },
        {
          "klass": "BreedLearnableMove",
          "move": "wing_attack"
        }
      ],
      "resources": {
        "icon": "163",
        "iconShiny": "",
        "front": "163",
        "frontShiny": "163",
        "back": "163",
        "backShiny": "163",
        "footprint": "163",
        "character": "163_0",
        "characterShiny": "163s_0",
        "cry": "163cry.ogg",
        "hasFemale": false
      }
    }
  ]
}