{
  "klass": "Specie",
  "id": 228,
  "dbSymbol": "houndour",
  "forms": [
    {
      "form": 0,
      "height": 0.6,
      "weight": 10.8,
      "type1": "dark",
      "type2": "fire",
      "baseHp": 45,
      "baseAtk": 60,
      "baseDfe": 30,
      "baseSpd": 65,
      "baseAts": 80,
      "baseDfs": 50,
      "evHp": 0,
      "evAtk": 0,
      "evDfe": 0,
      "evSpd": 0,
      "evAts": 1,
      "evDfs": 0,
      "evolutions": [
        {
          "dbSymbol": "houndoom",
          "form": 0,
          "conditions": [
            {
              "type": "minLevel",
              "value": 24
            }
          ]
        }
      ],
      "experienceType": 2,
      "baseExperience": 66,
      "baseLoyalty": 35,
      "catchRate": 120,
      "femaleRate": 50,
      "breedGroups": [
        5,
        5
      ],
      "hatchSteps": 5120,
      "babyDbSymbol": "houndour",
      "babyForm": 0,
      "itemHeld": [
        {
          "dbSymbol": "none",
          "chance": 0
        },
        {
          "dbSymbol": "none",
          "chance": 0
        }
      ],
      "abilities": [
        "flash_fire",
        "early_bird",
        "unnerve"
      ],
      "frontOffsetY": 0,
      "moveSet": [
        {
          "klass": "LevelLearnableMove",
          "move": "ember",
          "level": 1
        },
        {
          "klass": "LevelLearnableMove",
          "move": "leer",
          "level": 1
        },
        {
          "klass": "LevelLearnableMove",
          "move": "howl",
          "level": 4
        },
        {
          "klass": "LevelLearnableMove",
          "move": "smog",
          "level": 8
        },
        {
          "klass": "LevelLearnableMove",
          "move": "roar",
          "level": 13
        },
        {
          "klass": "LevelLearnableMove",
          "move": "bite",
          "level": 16
        },
        {
          "klass": "LevelLearnableMove",
          "move": "odor_sleuth",
          "level": 20
        },
        {
          "klass": "LevelLearnableMove",
          "move": "beat_up",
          "level": 25
        },
        {
          "klass": "LevelLearnableMove",
          "move": "fire_fang",
          "level": 28
        },
        {
          "klass": "LevelLearnableMove",
          "move": "feint_attack",
          "level": 32
        },
        {
          "klass": "LevelLearnableMove",
          "move": "embargo",
          "level": 37
        },
        {
          "klass": "LevelLearnableMove",
          "move": "foul_play",
          "level": 40
        },
        {
          "klass": "LevelLearnableMove",
          "move": "flamethrower",
          "level": 44
        },
        {
          "klass": "LevelLearnableMove",
          "move": "crunch",
          "level": 49
        },
        {
          "klass": "LevelLearnableMove",
          "move": "nasty_plot",
          "level": 52
        },
        {
          "klass": "LevelLearnableMove",
          "move": "inferno",
          "level": 56
        },
        {
          "klass": "TutorLearnableMove",
          "move": "heat_wave"
        },
        {
          "klass": "TutorLearnableMove",
          "move": "super_fang"
        },
        {
          "klass": "TutorLearnableMove",
          "move": "spite"
        },
        {
          "klass": "TutorLearnableMove",
          "move": "role_play"
        },
        {
          "klass": "TutorLearnableMove",
          "move": "hyper_voice"
        },
        {
          "klass": "TutorLearnableMove",
          "move": "iron_tail"
        },
        {
          "klass": "TutorLearnableMove",
          "move": "snore"
        },
        {
          "klass": "TutorLearnableMove",
          "move": "snatch"
        },
        {
          "klass": "TutorLearnableMove",
          "move": "uproar"
        },
        {
          "klass": "TutorLearnableMove",
          "move": "foul_play"
        },
        {
          "klass": "TechLearnableMove",
          "move": "roar"
        },
        {
          "klass": "TechLearnableMove",
          "move": "toxic"
        },
        {
          "klass": "TechLearnableMove",
          "move": "hidden_power"
        },
        {
          "klass": "TechLearnableMove",
          "move": "sunny_day"
        },
        {
          "klass": "TechLearnableMove",
          "move": "taunt"
        },
        {
          "klass": "TechLearnableMove",
          "move": "protect"
        },
        {
          "klass": "TechLearnableMove",
          "move": "frustration"
        },
        {
          "klass": "TechLearnableMove",
          "move": "solar_beam"
        },
        {
          "klass": "TechLearnableMove",
          "move": "return"
        },
        {
          "klass": "TechLearnableMove",
          "move": "shadow_ball"
        },
        {
          "klass": "TechLearnableMove",
          "move": "double_team"
        },
        {
          "klass": "TechLearnableMove",
          "move": "flamethrower"
        },
        {
          "klass": "TechLearnableMove",
          "move": "sludge_bomb"
        },
        {
          "klass": "TechLearnableMove",
          "move": "fire_blast"
        },
        {
          "klass": "TechLearnableMove",
          "move": "torment"
        },
        {
          "klass": "TechLearnableMove",
          "move": "facade"
        },
        {
          "klass": "TechLearnableMove",
          "move": "flame_charge"
        },
        {
          "klass": "TechLearnableMove",
          "move": "rest"
        },
        {
          "klass": "TechLearnableMove",
          "move": "attract"
        },
        {
          "klass": "TechLearnableMove",
          "move": "thief"
        },
        {
          "klass": "TechLearnableMove",
          "move": "round"
        },
        {
          "klass": "TechLearnableMove",
          "move": "overheat"
        },
        {
          "klass": "TechLearnableMove",
          "move": "will_o_wisp"
        },
        {
          "klass": "TechLearnableMove",
          "move": "embargo"
        },
        {
          "klass": "TechLearnableMove",
          "move": "payback"
        },
        {
          "klass": "TechLearnableMove",
          "move": "dream_eater"
        },
        {
          "klass": "TechLearnableMove",
          "move": "swagger"
        },
        {
          "klass": "TechLearnableMove",
          "move": "sleep_talk"
        },
        {
          "klass": "TechLearnableMove",
          "move": "substitute"
        },
        {
          "klass": "TechLearnableMove",
          "move": "snarl"
        },
        {
          "klass": "TechLearnableMove",
          "move": "dark_pulse"
        },
        {
          "klass": "TechLearnableMove",
          "move": "confide"
        },
        {
          "klass": "TechLearnableMove",
          "move": "secret_power"
        },
        {
          "klass": "TechLearnableMove",
          "move": "rock_smash"
        },
        {
          "klass": "BreedLearnableMove",
          "move": "beat_up"
        },
        {
          "klass": "BreedLearnableMove",
          "move": "counter"
        },
        {
          "klass": "BreedLearnableMove",
          "move": "destiny_bond"
        },
        {
          "klass": "BreedLearnableMove",
          "move": "feint"
        },
        {
          "klass": "BreedLearnableMove",
          "move": "fire_fang"
        },
        {
          "klass": "BreedLearnableMove",
          "move": "fire_spin"
        },
        {
          "klass": "BreedLearnableMove",
          "move": "nasty_plot"
        },
        {
          "klass": "BreedLearnableMove",
          "move": "punishment"
        },
        {
          "klass": "BreedLearnableMove",
          "move": "pursuit"
        },
        {
          "klass": "BreedLearnableMove",
          "move": "rage"
        },
        {
          "klass": "BreedLearnableMove",
          "move": "reversal"
        },
        {
          "klass": "BreedLearnableMove",
          "move": "curse"
        },
        {
          "klass": "BreedLearnableMove",
          "move": "sucker_punch"
        },
        {
          "klass": "BreedLearnableMove",
          "move": "thunder_fang"
        }
      ],
      "resources": {
        "icon": "228",
        "iconShiny": "",
        "front": "228",
        "frontShiny": "228",
        "back": "228",
        "backShiny": "228",
        "footprint": "228",
        "character": "228_0",
        "characterShiny": "228s_0",
        "cry": "228cry.ogg",
        "hasFemale": false
      }
    }
  ]
}