{
  "klass": "Specie",
  "id": 314,
  "dbSymbol": "illumise",
  "forms": [
    {
      "form": 0,
      "height": 0.6,
      "weight": 17.7,
      "type1": "bug",
      "type2": "__undef__",
      "baseHp": 65,
      "baseAtk": 47,
      "baseDfe": 75,
      "baseSpd": 85,
      "baseAts": 73,
      "baseDfs": 85,
      "evHp": 0,
      "evAtk": 0,
      "evDfe": 0,
      "evSpd": 1,
      "evAts": 0,
      "evDfs": 0,
      "evolutions": [],
      "experienceType": 5,
      "baseExperience": 151,
      "baseLoyalty": 70,
      "catchRate": 150,
      "femaleRate": 100,
      "breedGroups": [
        3,
        8
      ],
      "hatchSteps": 3840,
      "babyDbSymbol": "illumise",
      "babyForm": 0,
      "itemHeld": [
        {
          "dbSymbol": "none",
          "chance": 0
        },
        {
          "dbSymbol": "none",
          "chance": 0
        }
      ],
      "abilities": [
        "oblivious",
        "tinted_lens",
        "prankster"
      ],
      "frontOffsetY": 0,
      "moveSet": [
        {
          "klass": "LevelLearnableMove",
          "move": "tackle",
          "level": 1
        },
        {
          "klass": "LevelLearnableMove",
          "move": "play_nice",
          "level": 1
        },
        {
          "klass": "LevelLearnableMove",
          "move": "sweet_scent",
          "level": 5
        },
        {
          "klass": "LevelLearnableMove",
          "move": "charm",
          "level": 9
        },
        {
          "klass": "LevelLearnableMove",
          "move": "quick_attack",
          "level": 12
        },
        {
          "klass": "LevelLearnableMove",
          "move": "struggle_bug",
          "level": 15
        },
        {
          "klass": "LevelLearnableMove",
          "move": "moonlight",
          "level": 19
        },
        {
          "klass": "LevelLearnableMove",
          "move": "wish",
          "level": 22
        },
        {
          "klass": "LevelLearnableMove",
          "move": "encore",
          "level": 26
        },
        {
          "klass": "LevelLearnableMove",
          "move": "flatter",
          "level": 29
        },
        {
          "klass": "LevelLearnableMove",
          "move": "zen_headbutt",
          "level": 33
        },
        {
          "klass": "LevelLearnableMove",
          "move": "helping_hand",
          "level": 36
        },
        {
          "klass": "LevelLearnableMove",
          "move": "bug_buzz",
          "level": 40
        },
        {
          "klass": "LevelLearnableMove",
          "move": "play_rough",
          "level": 43
        },
        {
          "klass": "LevelLearnableMove",
          "move": "covet",
          "level": 47
        },
        {
          "klass": "LevelLearnableMove",
          "move": "infestation",
          "level": 50
        },
        {
          "klass": "TutorLearnableMove",
          "move": "defog"
        },
        {
          "klass": "TutorLearnableMove",
          "move": "helping_hand"
        },
        {
          "klass": "TutorLearnableMove",
          "move": "giga_drain"
        },
        {
          "klass": "TutorLearnableMove",
          "move": "covet"
        },
        {
          "klass": "TutorLearnableMove",
          "move": "focus_punch"
        },
        {
          "klass": "TutorLearnableMove",
          "move": "shock_wave"
        },
        {
          "klass": "TutorLearnableMove",
          "move": "bug_bite"
        },
        {
          "klass": "TutorLearnableMove",
          "move": "thunder_punch"
        },
        {
          "klass": "TutorLearnableMove",
          "move": "ice_punch"
        },
        {
          "klass": "TutorLearnableMove",
          "move": "zen_headbutt"
        },
        {
          "klass": "TutorLearnableMove",
          "move": "snore"
        },
        {
          "klass": "TutorLearnableMove",
          "move": "tailwind"
        },
        {
          "klass": "TutorLearnableMove",
          "move": "water_pulse"
        },
        {
          "klass": "TechLearnableMove",
          "move": "toxic"
        },
        {
          "klass": "TechLearnableMove",
          "move": "hidden_power"
        },
        {
          "klass": "TechLearnableMove",
          "move": "sunny_day"
        },
        {
          "klass": "TechLearnableMove",
          "move": "light_screen"
        },
        {
          "klass": "TechLearnableMove",
          "move": "protect"
        },
        {
          "klass": "TechLearnableMove",
          "move": "rain_dance"
        },
        {
          "klass": "TechLearnableMove",
          "move": "roost"
        },
        {
          "klass": "TechLearnableMove",
          "move": "frustration"
        },
        {
          "klass": "TechLearnableMove",
          "move": "solar_beam"
        },
        {
          "klass": "TechLearnableMove",
          "move": "thunderbolt"
        },
        {
          "klass": "TechLearnableMove",
          "move": "thunder"
        },
        {
          "klass": "TechLearnableMove",
          "move": "return"
        },
        {
          "klass": "TechLearnableMove",
          "move": "shadow_ball"
        },
        {
          "klass": "TechLearnableMove",
          "move": "brick_break"
        },
        {
          "klass": "TechLearnableMove",
          "move": "double_team"
        },
        {
          "klass": "TechLearnableMove",
          "move": "aerial_ace"
        },
        {
          "klass": "TechLearnableMove",
          "move": "facade"
        },
        {
          "klass": "TechLearnableMove",
          "move": "rest"
        },
        {
          "klass": "TechLearnableMove",
          "move": "attract"
        },
        {
          "klass": "TechLearnableMove",
          "move": "thief"
        },
        {
          "klass": "TechLearnableMove",
          "move": "round"
        },
        {
          "klass": "TechLearnableMove",
          "move": "fling"
        },
        {
          "klass": "TechLearnableMove",
          "move": "charge_beam"
        },
        {
          "klass": "TechLearnableMove",
          "move": "acrobatics"
        },
        {
          "klass": "TechLearnableMove",
          "move": "thunder_wave"
        },
        {
          "klass": "TechLearnableMove",
          "move": "psych_up"
        },
        {
          "klass": "TechLearnableMove",
          "move": "infestation"
        },
        {
          "klass": "TechLearnableMove",
          "move": "swagger"
        },
        {
          "klass": "TechLearnableMove",
          "move": "sleep_talk"
        },
        {
          "klass": "TechLearnableMove",
          "move": "u_turn"
        },
        {
          "klass": "TechLearnableMove",
          "move": "substitute"
        },
        {
          "klass": "TechLearnableMove",
          "move": "dazzling_gleam"
        },
        {
          "klass": "TechLearnableMove",
          "move": "confide"
        },
        {
          "klass": "TechLearnableMove",
          "move": "struggle_bug"
        },
        {
          "klass": "TechLearnableMove",
          "move": "secret_power"
        },
        {
          "klass": "TechLearnableMove",
          "move": "power_up_punch"
        },
        {
          "klass": "BreedLearnableMove",
          "move": "aromatherapy"
        },
        {
          "klass": "BreedLearnableMove",
          "move": "baton_pass"
        },
        {
          "klass": "BreedLearnableMove",
          "move": "bug_buzz"
        },
        {
          "klass": "BreedLearnableMove",
          "move": "captivate"
        },
        {
          "klass": "BreedLearnableMove",
          "move": "confuse_ray"
        },
        {
          "klass": "BreedLearnableMove",
          "move": "encore"
        },
        {
          "klass": "BreedLearnableMove",
          "move": "fake_tears"
        },
        {
          "klass": "BreedLearnableMove",
          "move": "growth"
        },
        {
          "klass": "BreedLearnableMove",
          "move": "silver_wind"
        }
      ],
      "resources": {
        "icon": "314",
        "iconF": "314",
        "iconShiny": "",
        "front": "314",
        "frontF": "314",
        "frontShiny": "314",
        "frontShinyF": "314",
        "back": "314",
        "backF": "314",
        "backShiny": "314",
        "backShinyF": "314",
        "footprint": "314",
        "character": "314_0",
        "characterF": "314_0",
        "characterShiny": "314s_0",
        "characterShinyF": "314s_0",
        "cry": "314cry.ogg",
        "hasFemale": true
      }
    }
  ]
}