{
  "klass": "Specie",
  "id": 686,
  "dbSymbol": "inkay",
  "forms": [
    {
      "form": 0,
      "height": 0.4,
      "weight": 3.5,
      "type1": "dark",
      "type2": "psychic",
      "baseHp": 53,
      "baseAtk": 54,
      "baseDfe": 53,
      "baseSpd": 45,
      "baseAts": 37,
      "baseDfs": 46,
      "evHp": 0,
      "evAtk": 1,
      "evDfe": 0,
      "evSpd": 0,
      "evAts": 0,
      "evDfs": 0,
      "evolutions": [
        {
          "dbSymbol": "malamar",
          "form": 0,
          "conditions": [
            {
              "type": "minLevel",
              "value": 30
            }
          ]
        },
        {
          "dbSymbol": "malamar",
          "form": 0,
          "conditions": [
            {
              "type": "minLevel",
              "value": 30
            },
            {
              "type": "func",
              "value": "elv_sepiatroce"
            }
          ]
        }
      ],
      "experienceType": 1,
      "baseExperience": 58,
      "baseLoyalty": 70,
      "catchRate": 190,
      "femaleRate": 50,
      "breedGroups": [
        2,
        12
      ],
      "hatchSteps": 5120,
      "babyDbSymbol": "inkay",
      "babyForm": 0,
      "itemHeld": [
        {
          "dbSymbol": "none",
          "chance": 0
        },
        {
          "dbSymbol": "none",
          "chance": 0
        }
      ],
      "abilities": [
        "contrary",
        "suction_cups",
        "infiltrator"
      ],
      "frontOffsetY": 0,
      "moveSet": [
        {
          "klass": "LevelLearnableMove",
          "move": "tackle",
          "level": 1
        },
        {
          "klass": "LevelLearnableMove",
          "move": "constrict",
          "level": 1
        },
        {
          "klass": "LevelLearnableMove",
          "move": "peck",
          "level": 1
        },
        {
          "klass": "LevelLearnableMove",
          "move": "reflect",
          "level": 4
        },
        {
          "klass": "LevelLearnableMove",
          "move": "foul_play",
          "level": 8
        },
        {
          "klass": "LevelLearnableMove",
          "move": "swagger",
          "level": 12
        },
        {
          "klass": "LevelLearnableMove",
          "move": "psywave",
          "level": 13
        },
        {
          "klass": "LevelLearnableMove",
          "move": "topsy_turvy",
          "level": 15
        },
        {
          "klass": "LevelLearnableMove",
          "move": "hypnosis",
          "level": 18
        },
        {
          "klass": "LevelLearnableMove",
          "move": "psybeam",
          "level": 21
        },
        {
          "klass": "LevelLearnableMove",
          "move": "switcheroo",
          "level": 23
        },
        {
          "klass": "LevelLearnableMove",
          "move": "payback",
          "level": 27
        },
        {
          "klass": "LevelLearnableMove",
          "move": "light_screen",
          "level": 31
        },
        {
          "klass": "LevelLearnableMove",
          "move": "pluck",
          "level": 35
        },
        {
          "klass": "LevelLearnableMove",
          "move": "psycho_cut",
          "level": 39
        },
        {
          "klass": "LevelLearnableMove",
          "move": "slash",
          "level": 43
        },
        {
          "klass": "LevelLearnableMove",
          "move": "night_slash",
          "level": 46
        },
        {
          "klass": "LevelLearnableMove",
          "move": "superpower",
          "level": 48
        },
        {
          "klass": "TutorLearnableMove",
          "move": "spite"
        },
        {
          "klass": "TutorLearnableMove",
          "move": "bind"
        },
        {
          "klass": "TutorLearnableMove",
          "move": "role_play"
        },
        {
          "klass": "TutorLearnableMove",
          "move": "ally_switch"
        },
        {
          "klass": "TutorLearnableMove",
          "move": "snore"
        },
        {
          "klass": "TutorLearnableMove",
          "move": "knock_off"
        },
        {
          "klass": "TutorLearnableMove",
          "move": "snatch"
        },
        {
          "klass": "TutorLearnableMove",
          "move": "superpower"
        },
        {
          "klass": "TutorLearnableMove",
          "move": "telekinesis"
        },
        {
          "klass": "TutorLearnableMove",
          "move": "foul_play"
        },
        {
          "klass": "TechLearnableMove",
          "move": "calm_mind"
        },
        {
          "klass": "TechLearnableMove",
          "move": "toxic"
        },
        {
          "klass": "TechLearnableMove",
          "move": "hidden_power"
        },
        {
          "klass": "TechLearnableMove",
          "move": "sunny_day"
        },
        {
          "klass": "TechLearnableMove",
          "move": "taunt"
        },
        {
          "klass": "TechLearnableMove",
          "move": "light_screen"
        },
        {
          "klass": "TechLearnableMove",
          "move": "protect"
        },
        {
          "klass": "TechLearnableMove",
          "move": "rain_dance"
        },
        {
          "klass": "TechLearnableMove",
          "move": "frustration"
        },
        {
          "klass": "TechLearnableMove",
          "move": "thunderbolt"
        },
        {
          "klass": "TechLearnableMove",
          "move": "return"
        },
        {
          "klass": "TechLearnableMove",
          "move": "psychic"
        },
        {
          "klass": "TechLearnableMove",
          "move": "double_team"
        },
        {
          "klass": "TechLearnableMove",
          "move": "reflect"
        },
        {
          "klass": "TechLearnableMove",
          "move": "flamethrower"
        },
        {
          "klass": "TechLearnableMove",
          "move": "aerial_ace"
        },
        {
          "klass": "TechLearnableMove",
          "move": "torment"
        },
        {
          "klass": "TechLearnableMove",
          "move": "facade"
        },
        {
          "klass": "TechLearnableMove",
          "move": "rest"
        },
        {
          "klass": "TechLearnableMove",
          "move": "attract"
        },
        {
          "klass": "TechLearnableMove",
          "move": "thief"
        },
        {
          "klass": "TechLearnableMove",
          "move": "round"
        },
        {
          "klass": "TechLearnableMove",
          "move": "fling"
        },
        {
          "klass": "TechLearnableMove",
          "move": "embargo"
        },
        {
          "klass": "TechLearnableMove",
          "move": "payback"
        },
        {
          "klass": "TechLearnableMove",
          "move": "psych_up"
        },
        {
          "klass": "TechLearnableMove",
          "move": "rock_slide"
        },
        {
          "klass": "TechLearnableMove",
          "move": "swagger"
        },
        {
          "klass": "TechLearnableMove",
          "move": "sleep_talk"
        },
        {
          "klass": "TechLearnableMove",
          "move": "substitute"
        },
        {
          "klass": "TechLearnableMove",
          "move": "trick_room"
        },
        {
          "klass": "TechLearnableMove",
          "move": "dark_pulse"
        },
        {
          "klass": "TechLearnableMove",
          "move": "confide"
        },
        {
          "klass": "TechLearnableMove",
          "move": "secret_power"
        },
        {
          "klass": "TechLearnableMove",
          "move": "cut"
        },
        {
          "klass": "BreedLearnableMove",
          "move": "camouflage"
        },
        {
          "klass": "BreedLearnableMove",
          "move": "destiny_bond"
        },
        {
          "klass": "BreedLearnableMove",
          "move": "flatter"
        },
        {
          "klass": "BreedLearnableMove",
          "move": "guard_swap"
        },
        {
          "klass": "BreedLearnableMove",
          "move": "power_split"
        },
        {
          "klass": "BreedLearnableMove",
          "move": "simple_beam"
        }
      ],
      "resources": {
        "icon": "686",
        "iconShiny": "",
        "front": "686",
        "frontShiny": "686",
        "back": "686",
        "backShiny": "686",
        "footprint": "",
        "character": "686_0",
        "characterShiny": "686s_0",
        "cry": "686cry.ogg",
        "hasFemale": false
      }
    }
  ]
}