{
    "klass": "Specie",
    "id": 991,
    "dbSymbol": "ironbundle",
    "forms": [
        {
            "form": 0,
            "height": 0.0,
            "weight": 0,
            "type1": "__undef__",
            "type2": "__undef__",
            "baseHp": 100,
            "baseAtk": 100,
            "baseDfe": 100,
            "baseSpd": 100,
            "baseAts": 100,
            "baseDfs": 100,
            "evHp": 0,
            "evAtk": 0,
            "evDfe": 0,
            "evSpd": 0,
            "evAts": 0,
            "evDfs": 0,
            "evolutions": [],
            "experienceType": 0,
            "baseExperience": 100,
            "baseLoyalty": 100,
            "catchRate": 100,
            "femaleRate": 50,
            "breedGroups": [
                8,
                8
            ],
            "hatchSteps": 1000,
            "babyDbSymbol": "ironbundle",
            "babyForm": 0,
            "itemHeld": [
                {
                    "dbSymbol": "none",
                    "chance": 0
                },
                {
                    "dbSymbol": "none",
                    "chance": 0
                }
            ],
            "abilities": [
                "intimidate",
                "intimidate",
                "intimidate"
            ],
            "frontOffsetY": 0,
            "moveSet": [],
            "resources": {
                "icon": "0991",
                "iconShiny": "",
                "front": "0991",
                "frontShiny": "0991",
                "back": "0991",
                "backShiny": "0991",
                "footprint": "0991",
                "character": "0991_0",
                "characterShiny": "0991s_0",
                "cry": "0991cry.ogg",
                "hasFemale": false
            }
        }
    ]
}