{
  "klass": "Specie",
  "id": 2,
  "dbSymbol": "ivysaur",
  "forms": [
    {
      "form": 0,
      "height": 1,
      "weight": 13,
      "type1": "grass",
      "type2": "poison",
      "baseHp": 60,
      "baseAtk": 62,
      "baseDfe": 63,
      "baseSpd": 60,
      "baseAts": 80,
      "baseDfs": 80,
      "evHp": 0,
      "evAtk": 0,
      "evDfe": 0,
      "evSpd": 0,
      "evAts": 1,
      "evDfs": 1,
      "evolutions": [
        {
          "dbSymbol": "venusaur",
          "form": 0,
          "conditions": [
            {
              "type": "minLevel",
              "value": 32
            }
          ]
        }
      ],
      "experienceType": 3,
      "baseExperience": 142,
      "baseLoyalty": 70,
      "catchRate": 45,
      "femaleRate": 12.5,
      "breedGroups": [
        1,
        7
      ],
      "hatchSteps": 5120,
      "babyDbSymbol": "bulbasaur",
      "babyForm": 0,
      "itemHeld": [
        {
          "dbSymbol": "none",
          "chance": 0
        },
        {
          "dbSymbol": "none",
          "chance": 0
        }
      ],
      "abilities": [
        "overgrow",
        "overgrow",
        "chlorophyll"
      ],
      "frontOffsetY": 0,
      "moveSet": [
        {
          "klass": "LevelLearnableMove",
          "move": "growl",
          "level": 1
        },
        {
          "klass": "LevelLearnableMove",
          "move": "leech_seed",
          "level": 1
        },
        {
          "klass": "LevelLearnableMove",
          "move": "tackle",
          "level": 1
        },
        {
          "klass": "LevelLearnableMove",
          "move": "growl",
          "level": 3
        },
        {
          "klass": "LevelLearnableMove",
          "move": "leech_seed",
          "level": 7
        },
        {
          "klass": "LevelLearnableMove",
          "move": "vine_whip",
          "level": 9
        },
        {
          "klass": "LevelLearnableMove",
          "move": "poison_powder",
          "level": 13
        },
        {
          "klass": "LevelLearnableMove",
          "move": "sleep_powder",
          "level": 13
        },
        {
          "klass": "LevelLearnableMove",
          "move": "take_down",
          "level": 15
        },
        {
          "klass": "LevelLearnableMove",
          "move": "razor_leaf",
          "level": 20
        },
        {
          "klass": "LevelLearnableMove",
          "move": "sweet_scent",
          "level": 23
        },
        {
          "klass": "LevelLearnableMove",
          "move": "growth",
          "level": 28
        },
        {
          "klass": "LevelLearnableMove",
          "move": "double_edge",
          "level": 31
        },
        {
          "klass": "LevelLearnableMove",
          "move": "worry_seed",
          "level": 36
        },
        {
          "klass": "LevelLearnableMove",
          "move": "synthesis",
          "level": 39
        },
        {
          "klass": "LevelLearnableMove",
          "move": "solar_beam",
          "level": 44
        },
        {
          "klass": "TutorLearnableMove",
          "move": "grass_pledge"
        },
        {
          "klass": "TutorLearnableMove",
          "move": "seed_bomb"
        },
        {
          "klass": "TutorLearnableMove",
          "move": "bind"
        },
        {
          "klass": "TutorLearnableMove",
          "move": "giga_drain"
        },
        {
          "klass": "TutorLearnableMove",
          "move": "snore"
        },
        {
          "klass": "TutorLearnableMove",
          "move": "knock_off"
        },
        {
          "klass": "TutorLearnableMove",
          "move": "worry_seed"
        },
        {
          "klass": "TutorLearnableMove",
          "move": "synthesis"
        },
        {
          "klass": "TechLearnableMove",
          "move": "work_up"
        },
        {
          "klass": "TechLearnableMove",
          "move": "toxic"
        },
        {
          "klass": "TechLearnableMove",
          "move": "venoshock"
        },
        {
          "klass": "TechLearnableMove",
          "move": "hidden_power"
        },
        {
          "klass": "TechLearnableMove",
          "move": "sunny_day"
        },
        {
          "klass": "TechLearnableMove",
          "move": "light_screen"
        },
        {
          "klass": "TechLearnableMove",
          "move": "protect"
        },
        {
          "klass": "TechLearnableMove",
          "move": "safeguard"
        },
        {
          "klass": "TechLearnableMove",
          "move": "frustration"
        },
        {
          "klass": "TechLearnableMove",
          "move": "solar_beam"
        },
        {
          "klass": "TechLearnableMove",
          "move": "return"
        },
        {
          "klass": "TechLearnableMove",
          "move": "double_team"
        },
        {
          "klass": "TechLearnableMove",
          "move": "sludge_bomb"
        },
        {
          "klass": "TechLearnableMove",
          "move": "facade"
        },
        {
          "klass": "TechLearnableMove",
          "move": "rest"
        },
        {
          "klass": "TechLearnableMove",
          "move": "attract"
        },
        {
          "klass": "TechLearnableMove",
          "move": "round"
        },
        {
          "klass": "TechLearnableMove",
          "move": "echoed_voice"
        },
        {
          "klass": "TechLearnableMove",
          "move": "energy_ball"
        },
        {
          "klass": "TechLearnableMove",
          "move": "swords_dance"
        },
        {
          "klass": "TechLearnableMove",
          "move": "grass_knot"
        },
        {
          "klass": "TechLearnableMove",
          "move": "swagger"
        },
        {
          "klass": "TechLearnableMove",
          "move": "sleep_talk"
        },
        {
          "klass": "TechLearnableMove",
          "move": "substitute"
        },
        {
          "klass": "TechLearnableMove",
          "move": "nature_power"
        },
        {
          "klass": "TechLearnableMove",
          "move": "confide"
        },
        {
          "klass": "TechLearnableMove",
          "move": "secret_power"
        },
        {
          "klass": "TechLearnableMove",
          "move": "cut"
        },
        {
          "klass": "TechLearnableMove",
          "move": "strength"
        },
        {
          "klass": "TechLearnableMove",
          "move": "rock_smash"
        }
      ],
      "resources": {
        "icon": "002",
        "iconShiny": "",
        "front": "002",
        "frontShiny": "002",
        "back": "002",
        "backShiny": "002",
        "footprint": "002",
        "character": "002_0",
        "characterShiny": "002s_0",
        "cry": "002cry.ogg",
        "hasFemale": false
      }
    }
  ]
}