{
  "klass": "Specie",
  "id": 124,
  "dbSymbol": "jynx",
  "forms": [
    {
      "form": 0,
      "height": 1.4,
      "weight": 40.6,
      "type1": "ice",
      "type2": "psychic",
      "baseHp": 65,
      "baseAtk": 50,
      "baseDfe": 35,
      "baseSpd": 95,
      "baseAts": 115,
      "baseDfs": 95,
      "evHp": 0,
      "evAtk": 0,
      "evDfe": 0,
      "evSpd": 0,
      "evAts": 2,
      "evDfs": 0,
      "evolutions": [],
      "experienceType": 1,
      "baseExperience": 159,
      "baseLoyalty": 70,
      "catchRate": 45,
      "femaleRate": 100,
      "breedGroups": [
        8,
        8
      ],
      "hatchSteps": 6400,
      "babyDbSymbol": "smoochum",
      "babyForm": 0,
      "itemHeld": [
        {
          "dbSymbol": "aspear_berry",
          "chance": 5
        },
        {
          "dbSymbol": "none",
          "chance": 0
        }
      ],
      "abilities": [
        "oblivious",
        "forewarn",
        "dry_skin"
      ],
      "frontOffsetY": 0,
      "moveSet": [
        {
          "klass": "LevelLearnableMove",
          "move": "pound",
          "level": 1
        },
        {
          "klass": "LevelLearnableMove",
          "move": "lovely_kiss",
          "level": 1
        },
        {
          "klass": "LevelLearnableMove",
          "move": "lick",
          "level": 1
        },
        {
          "klass": "LevelLearnableMove",
          "move": "draining_kiss",
          "level": 1
        },
        {
          "klass": "LevelLearnableMove",
          "move": "perish_song",
          "level": 1
        },
        {
          "klass": "LevelLearnableMove",
          "move": "powder_snow",
          "level": 1
        },
        {
          "klass": "LevelLearnableMove",
          "move": "lick",
          "level": 5
        },
        {
          "klass": "LevelLearnableMove",
          "move": "lovely_kiss",
          "level": 8
        },
        {
          "klass": "LevelLearnableMove",
          "move": "powder_snow",
          "level": 11
        },
        {
          "klass": "LevelLearnableMove",
          "move": "double_slap",
          "level": 15
        },
        {
          "klass": "LevelLearnableMove",
          "move": "ice_punch",
          "level": 18
        },
        {
          "klass": "LevelLearnableMove",
          "move": "heart_stamp",
          "level": 21
        },
        {
          "klass": "LevelLearnableMove",
          "move": "mean_look",
          "level": 25
        },
        {
          "klass": "LevelLearnableMove",
          "move": "fake_tears",
          "level": 28
        },
        {
          "klass": "LevelLearnableMove",
          "move": "wake_up_slap",
          "level": 33
        },
        {
          "klass": "LevelLearnableMove",
          "move": "avalanche",
          "level": 39
        },
        {
          "klass": "LevelLearnableMove",
          "move": "body_slam",
          "level": 44
        },
        {
          "klass": "LevelLearnableMove",
          "move": "wring_out",
          "level": 49
        },
        {
          "klass": "LevelLearnableMove",
          "move": "perish_song",
          "level": 55
        },
        {
          "klass": "LevelLearnableMove",
          "move": "blizzard",
          "level": 60
        },
        {
          "klass": "TutorLearnableMove",
          "move": "helping_hand"
        },
        {
          "klass": "TutorLearnableMove",
          "move": "skill_swap"
        },
        {
          "klass": "TutorLearnableMove",
          "move": "heal_bell"
        },
        {
          "klass": "TutorLearnableMove",
          "move": "role_play"
        },
        {
          "klass": "TutorLearnableMove",
          "move": "covet"
        },
        {
          "klass": "TutorLearnableMove",
          "move": "ally_switch"
        },
        {
          "klass": "TutorLearnableMove",
          "move": "telekinesis"
        },
        {
          "klass": "TutorLearnableMove",
          "move": "hyper_voice"
        },
        {
          "klass": "TutorLearnableMove",
          "move": "focus_punch"
        },
        {
          "klass": "TutorLearnableMove",
          "move": "ice_punch"
        },
        {
          "klass": "TutorLearnableMove",
          "move": "signal_beam"
        },
        {
          "klass": "TutorLearnableMove",
          "move": "recycle"
        },
        {
          "klass": "TutorLearnableMove",
          "move": "magic_coat"
        },
        {
          "klass": "TutorLearnableMove",
          "move": "snore"
        },
        {
          "klass": "TutorLearnableMove",
          "move": "trick"
        },
        {
          "klass": "TutorLearnableMove",
          "move": "zen_headbutt"
        },
        {
          "klass": "TutorLearnableMove",
          "move": "drain_punch"
        },
        {
          "klass": "TutorLearnableMove",
          "move": "icy_wind"
        },
        {
          "klass": "TutorLearnableMove",
          "move": "water_pulse"
        },
        {
          "klass": "TutorLearnableMove",
          "move": "wonder_room"
        },
        {
          "klass": "TutorLearnableMove",
          "move": "magic_room"
        },
        {
          "klass": "TechLearnableMove",
          "move": "psyshock"
        },
        {
          "klass": "TechLearnableMove",
          "move": "calm_mind"
        },
        {
          "klass": "TechLearnableMove",
          "move": "toxic"
        },
        {
          "klass": "TechLearnableMove",
          "move": "hail"
        },
        {
          "klass": "TechLearnableMove",
          "move": "hidden_power"
        },
        {
          "klass": "TechLearnableMove",
          "move": "taunt"
        },
        {
          "klass": "TechLearnableMove",
          "move": "ice_beam"
        },
        {
          "klass": "TechLearnableMove",
          "move": "blizzard"
        },
        {
          "klass": "TechLearnableMove",
          "move": "hyper_beam"
        },
        {
          "klass": "TechLearnableMove",
          "move": "light_screen"
        },
        {
          "klass": "TechLearnableMove",
          "move": "protect"
        },
        {
          "klass": "TechLearnableMove",
          "move": "rain_dance"
        },
        {
          "klass": "TechLearnableMove",
          "move": "frustration"
        },
        {
          "klass": "TechLearnableMove",
          "move": "return"
        },
        {
          "klass": "TechLearnableMove",
          "move": "psychic"
        },
        {
          "klass": "TechLearnableMove",
          "move": "shadow_ball"
        },
        {
          "klass": "TechLearnableMove",
          "move": "brick_break"
        },
        {
          "klass": "TechLearnableMove",
          "move": "double_team"
        },
        {
          "klass": "TechLearnableMove",
          "move": "reflect"
        },
        {
          "klass": "TechLearnableMove",
          "move": "torment"
        },
        {
          "klass": "TechLearnableMove",
          "move": "facade"
        },
        {
          "klass": "TechLearnableMove",
          "move": "rest"
        },
        {
          "klass": "TechLearnableMove",
          "move": "attract"
        },
        {
          "klass": "TechLearnableMove",
          "move": "thief"
        },
        {
          "klass": "TechLearnableMove",
          "move": "round"
        },
        {
          "klass": "TechLearnableMove",
          "move": "echoed_voice"
        },
        {
          "klass": "TechLearnableMove",
          "move": "focus_blast"
        },
        {
          "klass": "TechLearnableMove",
          "move": "energy_ball"
        },
        {
          "klass": "TechLearnableMove",
          "move": "fling"
        },
        {
          "klass": "TechLearnableMove",
          "move": "payback"
        },
        {
          "klass": "TechLearnableMove",
          "move": "giga_impact"
        },
        {
          "klass": "TechLearnableMove",
          "move": "aurora_veil"
        },
        {
          "klass": "TechLearnableMove",
          "move": "psych_up"
        },
        {
          "klass": "TechLearnableMove",
          "move": "frost_breath"
        },
        {
          "klass": "TechLearnableMove",
          "move": "dream_eater"
        },
        {
          "klass": "TechLearnableMove",
          "move": "grass_knot"
        },
        {
          "klass": "TechLearnableMove",
          "move": "swagger"
        },
        {
          "klass": "TechLearnableMove",
          "move": "sleep_talk"
        },
        {
          "klass": "TechLearnableMove",
          "move": "substitute"
        },
        {
          "klass": "TechLearnableMove",
          "move": "trick_room"
        },
        {
          "klass": "TechLearnableMove",
          "move": "confide"
        },
        {
          "klass": "TechLearnableMove",
          "move": "secret_power"
        },
        {
          "klass": "TechLearnableMove",
          "move": "power_up_punch"
        }
      ],
      "resources": {
        "icon": "124",
        "iconF": "124",
        "iconShiny": "",
        "front": "124",
        "frontF": "124",
        "frontShiny": "124",
        "frontShinyF": "124",
        "back": "124",
        "backF": "124",
        "backShiny": "124",
        "backShinyF": "124",
        "footprint": "124",
        "character": "124_0",
        "characterF": "124_0",
        "characterShiny": "124s_0",
        "characterShinyF": "124s_0",
        "cry": "124cry.ogg",
        "hasFemale": true
      }
    }
  ]
}