{
  "klass": "Specie",
  "id": 140,
  "dbSymbol": "kabuto",
  "forms": [
    {
      "form": 0,
      "height": 0.5,
      "weight": 11.5,
      "type1": "rock",
      "type2": "water",
      "baseHp": 30,
      "baseAtk": 80,
      "baseDfe": 90,
      "baseSpd": 55,
      "baseAts": 55,
      "baseDfs": 45,
      "evHp": 0,
      "evAtk": 0,
      "evDfe": 1,
      "evSpd": 0,
      "evAts": 0,
      "evDfs": 0,
      "evolutions": [
        {
          "dbSymbol": "kabutops",
          "form": 0,
          "conditions": [
            {
              "type": "minLevel",
              "value": 40
            }
          ]
        }
      ],
      "experienceType": 1,
      "baseExperience": 71,
      "baseLoyalty": 70,
      "catchRate": 45,
      "femaleRate": 12.5,
      "breedGroups": [
        2,
        9
      ],
      "hatchSteps": 7680,
      "babyDbSymbol": "kabuto",
      "babyForm": 0,
      "itemHeld": [
        {
          "dbSymbol": "none",
          "chance": 0
        },
        {
          "dbSymbol": "none",
          "chance": 0
        }
      ],
      "abilities": [
        "battle_armor",
        "swift_swim",
        "weak_armor"
      ],
      "frontOffsetY": 0,
      "moveSet": [
        {
          "klass": "LevelLearnableMove",
          "move": "scratch",
          "level": 1
        },
        {
          "klass": "LevelLearnableMove",
          "move": "harden",
          "level": 1
        },
        {
          "klass": "LevelLearnableMove",
          "move": "absorb",
          "level": 6
        },
        {
          "klass": "LevelLearnableMove",
          "move": "leer",
          "level": 11
        },
        {
          "klass": "LevelLearnableMove",
          "move": "mud_shot",
          "level": 16
        },
        {
          "klass": "LevelLearnableMove",
          "move": "sand_attack",
          "level": 21
        },
        {
          "klass": "LevelLearnableMove",
          "move": "endure",
          "level": 26
        },
        {
          "klass": "LevelLearnableMove",
          "move": "aqua_jet",
          "level": 31
        },
        {
          "klass": "LevelLearnableMove",
          "move": "mega_drain",
          "level": 36
        },
        {
          "klass": "LevelLearnableMove",
          "move": "metal_sound",
          "level": 41
        },
        {
          "klass": "LevelLearnableMove",
          "move": "ancient_power",
          "level": 46
        },
        {
          "klass": "LevelLearnableMove",
          "move": "wring_out",
          "level": 50
        },
        {
          "klass": "TutorLearnableMove",
          "move": "giga_drain"
        },
        {
          "klass": "TutorLearnableMove",
          "move": "iron_defense"
        },
        {
          "klass": "TutorLearnableMove",
          "move": "stealth_rock"
        },
        {
          "klass": "TutorLearnableMove",
          "move": "snore"
        },
        {
          "klass": "TutorLearnableMove",
          "move": "knock_off"
        },
        {
          "klass": "TutorLearnableMove",
          "move": "earth_power"
        },
        {
          "klass": "TutorLearnableMove",
          "move": "water_pulse"
        },
        {
          "klass": "TutorLearnableMove",
          "move": "icy_wind"
        },
        {
          "klass": "TechLearnableMove",
          "move": "toxic"
        },
        {
          "klass": "TechLearnableMove",
          "move": "hail"
        },
        {
          "klass": "TechLearnableMove",
          "move": "hidden_power"
        },
        {
          "klass": "TechLearnableMove",
          "move": "ice_beam"
        },
        {
          "klass": "TechLearnableMove",
          "move": "blizzard"
        },
        {
          "klass": "TechLearnableMove",
          "move": "protect"
        },
        {
          "klass": "TechLearnableMove",
          "move": "rain_dance"
        },
        {
          "klass": "TechLearnableMove",
          "move": "frustration"
        },
        {
          "klass": "TechLearnableMove",
          "move": "smack_down"
        },
        {
          "klass": "TechLearnableMove",
          "move": "return"
        },
        {
          "klass": "TechLearnableMove",
          "move": "double_team"
        },
        {
          "klass": "TechLearnableMove",
          "move": "sandstorm"
        },
        {
          "klass": "TechLearnableMove",
          "move": "rock_tomb"
        },
        {
          "klass": "TechLearnableMove",
          "move": "aerial_ace"
        },
        {
          "klass": "TechLearnableMove",
          "move": "facade"
        },
        {
          "klass": "TechLearnableMove",
          "move": "rest"
        },
        {
          "klass": "TechLearnableMove",
          "move": "attract"
        },
        {
          "klass": "TechLearnableMove",
          "move": "thief"
        },
        {
          "klass": "TechLearnableMove",
          "move": "round"
        },
        {
          "klass": "TechLearnableMove",
          "move": "scald"
        },
        {
          "klass": "TechLearnableMove",
          "move": "rock_polish"
        },
        {
          "klass": "TechLearnableMove",
          "move": "rock_slide"
        },
        {
          "klass": "TechLearnableMove",
          "move": "swagger"
        },
        {
          "klass": "TechLearnableMove",
          "move": "sleep_talk"
        },
        {
          "klass": "TechLearnableMove",
          "move": "substitute"
        },
        {
          "klass": "TechLearnableMove",
          "move": "surf"
        },
        {
          "klass": "TechLearnableMove",
          "move": "waterfall"
        },
        {
          "klass": "TechLearnableMove",
          "move": "confide"
        },
        {
          "klass": "TechLearnableMove",
          "move": "secret_power"
        },
        {
          "klass": "TechLearnableMove",
          "move": "rock_smash"
        },
        {
          "klass": "BreedLearnableMove",
          "move": "aurora_beam"
        },
        {
          "klass": "BreedLearnableMove",
          "move": "bubble_beam"
        },
        {
          "klass": "BreedLearnableMove",
          "move": "confuse_ray"
        },
        {
          "klass": "BreedLearnableMove",
          "move": "flail"
        },
        {
          "klass": "BreedLearnableMove",
          "move": "foresight"
        },
        {
          "klass": "BreedLearnableMove",
          "move": "giga_drain"
        },
        {
          "klass": "BreedLearnableMove",
          "move": "icy_wind"
        },
        {
          "klass": "BreedLearnableMove",
          "move": "knock_off"
        },
        {
          "klass": "BreedLearnableMove",
          "move": "mud_shot"
        },
        {
          "klass": "BreedLearnableMove",
          "move": "rapid_spin"
        },
        {
          "klass": "BreedLearnableMove",
          "move": "screech"
        },
        {
          "klass": "BreedLearnableMove",
          "move": "take_down"
        }
      ],
      "resources": {
        "icon": "140",
        "iconShiny": "",
        "front": "140",
        "frontShiny": "140",
        "back": "140",
        "backShiny": "140",
        "footprint": "140",
        "character": "140_0",
        "characterShiny": "140s_0",
        "cry": "140cry.ogg",
        "hasFemale": false
      }
    }
  ]
}