{
  "klass": "Specie",
  "id": 141,
  "dbSymbol": "kabutops",
  "forms": [
    {
      "form": 0,
      "height": 1.3,
      "weight": 40.5,
      "type1": "rock",
      "type2": "water",
      "baseHp": 60,
      "baseAtk": 115,
      "baseDfe": 105,
      "baseSpd": 80,
      "baseAts": 65,
      "baseDfs": 70,
      "evHp": 0,
      "evAtk": 2,
      "evDfe": 0,
      "evSpd": 0,
      "evAts": 0,
      "evDfs": 0,
      "evolutions": [],
      "experienceType": 1,
      "baseExperience": 173,
      "baseLoyalty": 70,
      "catchRate": 45,
      "femaleRate": 12.5,
      "breedGroups": [
        2,
        9
      ],
      "hatchSteps": 7680,
      "babyDbSymbol": "kabuto",
      "babyForm": 0,
      "itemHeld": [
        {
          "dbSymbol": "none",
          "chance": 0
        },
        {
          "dbSymbol": "none",
          "chance": 0
        }
      ],
      "abilities": [
        "battle_armor",
        "swift_swim",
        "weak_armor"
      ],
      "frontOffsetY": 0,
      "moveSet": [
        {
          "klass": "LevelLearnableMove",
          "move": "scratch",
          "level": 1
        },
        {
          "klass": "LevelLearnableMove",
          "move": "harden",
          "level": 1
        },
        {
          "klass": "LevelLearnableMove",
          "move": "feint",
          "level": 1
        },
        {
          "klass": "LevelLearnableMove",
          "move": "night_slash",
          "level": 1
        },
        {
          "klass": "LevelLearnableMove",
          "move": "leer",
          "level": 1
        },
        {
          "klass": "LevelLearnableMove",
          "move": "slash",
          "level": 1
        },
        {
          "klass": "LevelLearnableMove",
          "move": "absorb",
          "level": 1
        },
        {
          "klass": "LevelLearnableMove",
          "move": "absorb",
          "level": 6
        },
        {
          "klass": "LevelLearnableMove",
          "move": "leer",
          "level": 11
        },
        {
          "klass": "LevelLearnableMove",
          "move": "mud_shot",
          "level": 16
        },
        {
          "klass": "LevelLearnableMove",
          "move": "sand_attack",
          "level": 21
        },
        {
          "klass": "LevelLearnableMove",
          "move": "endure",
          "level": 26
        },
        {
          "klass": "LevelLearnableMove",
          "move": "aqua_jet",
          "level": 31
        },
        {
          "klass": "LevelLearnableMove",
          "move": "mega_drain",
          "level": 36
        },
        {
          "klass": "LevelLearnableMove",
          "move": "metal_sound",
          "level": 45
        },
        {
          "klass": "LevelLearnableMove",
          "move": "ancient_power",
          "level": 54
        },
        {
          "klass": "LevelLearnableMove",
          "move": "wring_out",
          "level": 63
        },
        {
          "klass": "LevelLearnableMove",
          "move": "night_slash",
          "level": 72
        },
        {
          "klass": "TutorLearnableMove",
          "move": "liquidation"
        },
        {
          "klass": "TutorLearnableMove",
          "move": "giga_drain"
        },
        {
          "klass": "TutorLearnableMove",
          "move": "aqua_tail"
        },
        {
          "klass": "TutorLearnableMove",
          "move": "iron_defense"
        },
        {
          "klass": "TutorLearnableMove",
          "move": "stealth_rock"
        },
        {
          "klass": "TutorLearnableMove",
          "move": "snore"
        },
        {
          "klass": "TutorLearnableMove",
          "move": "knock_off"
        },
        {
          "klass": "TutorLearnableMove",
          "move": "superpower"
        },
        {
          "klass": "TutorLearnableMove",
          "move": "earth_power"
        },
        {
          "klass": "TutorLearnableMove",
          "move": "low_kick"
        },
        {
          "klass": "TutorLearnableMove",
          "move": "icy_wind"
        },
        {
          "klass": "TutorLearnableMove",
          "move": "water_pulse"
        },
        {
          "klass": "TechLearnableMove",
          "move": "toxic"
        },
        {
          "klass": "TechLearnableMove",
          "move": "hail"
        },
        {
          "klass": "TechLearnableMove",
          "move": "hidden_power"
        },
        {
          "klass": "TechLearnableMove",
          "move": "ice_beam"
        },
        {
          "klass": "TechLearnableMove",
          "move": "blizzard"
        },
        {
          "klass": "TechLearnableMove",
          "move": "hyper_beam"
        },
        {
          "klass": "TechLearnableMove",
          "move": "protect"
        },
        {
          "klass": "TechLearnableMove",
          "move": "rain_dance"
        },
        {
          "klass": "TechLearnableMove",
          "move": "frustration"
        },
        {
          "klass": "TechLearnableMove",
          "move": "smack_down"
        },
        {
          "klass": "TechLearnableMove",
          "move": "return"
        },
        {
          "klass": "TechLearnableMove",
          "move": "brick_break"
        },
        {
          "klass": "TechLearnableMove",
          "move": "double_team"
        },
        {
          "klass": "TechLearnableMove",
          "move": "sandstorm"
        },
        {
          "klass": "TechLearnableMove",
          "move": "rock_tomb"
        },
        {
          "klass": "TechLearnableMove",
          "move": "aerial_ace"
        },
        {
          "klass": "TechLearnableMove",
          "move": "facade"
        },
        {
          "klass": "TechLearnableMove",
          "move": "rest"
        },
        {
          "klass": "TechLearnableMove",
          "move": "attract"
        },
        {
          "klass": "TechLearnableMove",
          "move": "thief"
        },
        {
          "klass": "TechLearnableMove",
          "move": "round"
        },
        {
          "klass": "TechLearnableMove",
          "move": "scald"
        },
        {
          "klass": "TechLearnableMove",
          "move": "giga_impact"
        },
        {
          "klass": "TechLearnableMove",
          "move": "rock_polish"
        },
        {
          "klass": "TechLearnableMove",
          "move": "stone_edge"
        },
        {
          "klass": "TechLearnableMove",
          "move": "swords_dance"
        },
        {
          "klass": "TechLearnableMove",
          "move": "rock_slide"
        },
        {
          "klass": "TechLearnableMove",
          "move": "x_scissor"
        },
        {
          "klass": "TechLearnableMove",
          "move": "swagger"
        },
        {
          "klass": "TechLearnableMove",
          "move": "sleep_talk"
        },
        {
          "klass": "TechLearnableMove",
          "move": "substitute"
        },
        {
          "klass": "TechLearnableMove",
          "move": "surf"
        },
        {
          "klass": "TechLearnableMove",
          "move": "nature_power"
        },
        {
          "klass": "TechLearnableMove",
          "move": "waterfall"
        },
        {
          "klass": "TechLearnableMove",
          "move": "confide"
        },
        {
          "klass": "TechLearnableMove",
          "move": "secret_power"
        },
        {
          "klass": "TechLearnableMove",
          "move": "cut"
        },
        {
          "klass": "TechLearnableMove",
          "move": "rock_smash"
        },
        {
          "klass": "TechLearnableMove",
          "move": "rock_climb"
        },
        {
          "klass": "TechLearnableMove",
          "move": "whirlpool"
        },
        {
          "klass": "EvolutionLearnableMove",
          "move": "slash"
        }
      ],
      "resources": {
        "icon": "141",
        "iconShiny": "",
        "front": "141",
        "frontShiny": "141",
        "back": "141",
        "backShiny": "141",
        "footprint": "141",
        "character": "141_0",
        "characterShiny": "141s_0",
        "cry": "141cry.ogg",
        "hasFemale": false
      }
    }
  ]
}
