{
  "klass": "Specie",
  "id": 64,
  "dbSymbol": "kadabra",
  "forms": [
    {
      "form": 0,
      "height": 1.3,
      "weight": 56.5,
      "type1": "psychic",
      "type2": "__undef__",
      "baseHp": 40,
      "baseAtk": 35,
      "baseDfe": 30,
      "baseSpd": 105,
      "baseAts": 120,
      "baseDfs": 70,
      "evHp": 0,
      "evAtk": 0,
      "evDfe": 0,
      "evSpd": 0,
      "evAts": 2,
      "evDfs": 0,
      "evolutions": [
        {
          "dbSymbol": "alakazam",
          "form": 0,
          "conditions": [
            {
              "type": "trade",
              "value": true
            }
          ]
        }
      ],
      "experienceType": 3,
      "baseExperience": 140,
      "baseLoyalty": 70,
      "catchRate": 100,
      "femaleRate": 25,
      "breedGroups": [
        8,
        8
      ],
      "hatchSteps": 5120,
      "babyDbSymbol": "abra",
      "babyForm": 0,
      "itemHeld": [
        {
          "dbSymbol": "none",
          "chance": 0
        },
        {
          "dbSymbol": "none",
          "chance": 0
        }
      ],
      "abilities": [
        "synchronize",
        "inner_focus",
        "magic_guard"
      ],
      "frontOffsetY": 0,
      "moveSet": [
        {
          "klass": "LevelLearnableMove",
          "move": "teleport",
          "level": 1
        },
        {
          "klass": "LevelLearnableMove",
          "move": "kinesis",
          "level": 1
        },
        {
          "klass": "LevelLearnableMove",
          "move": "confusion",
          "level": 1
        },
        {
          "klass": "LevelLearnableMove",
          "move": "confusion",
          "level": 16
        },
        {
          "klass": "LevelLearnableMove",
          "move": "disable",
          "level": 18
        },
        {
          "klass": "LevelLearnableMove",
          "move": "psybeam",
          "level": 21
        },
        {
          "klass": "LevelLearnableMove",
          "move": "miracle_eye",
          "level": 23
        },
        {
          "klass": "LevelLearnableMove",
          "move": "reflect",
          "level": 26
        },
        {
          "klass": "LevelLearnableMove",
          "move": "psycho_cut",
          "level": 28
        },
        {
          "klass": "LevelLearnableMove",
          "move": "recover",
          "level": 31
        },
        {
          "klass": "LevelLearnableMove",
          "move": "telekinesis",
          "level": 33
        },
        {
          "klass": "LevelLearnableMove",
          "move": "ally_switch",
          "level": 36
        },
        {
          "klass": "LevelLearnableMove",
          "move": "psychic",
          "level": 38
        },
        {
          "klass": "LevelLearnableMove",
          "move": "role_play",
          "level": 41
        },
        {
          "klass": "LevelLearnableMove",
          "move": "future_sight",
          "level": 43
        },
        {
          "klass": "LevelLearnableMove",
          "move": "trick",
          "level": 46
        },
        {
          "klass": "TutorLearnableMove",
          "move": "skill_swap"
        },
        {
          "klass": "TutorLearnableMove",
          "move": "gravity"
        },
        {
          "klass": "TutorLearnableMove",
          "move": "role_play"
        },
        {
          "klass": "TutorLearnableMove",
          "move": "ally_switch"
        },
        {
          "klass": "TutorLearnableMove",
          "move": "telekinesis"
        },
        {
          "klass": "TutorLearnableMove",
          "move": "focus_punch"
        },
        {
          "klass": "TutorLearnableMove",
          "move": "shock_wave"
        },
        {
          "klass": "TutorLearnableMove",
          "move": "thunder_punch"
        },
        {
          "klass": "TutorLearnableMove",
          "move": "fire_punch"
        },
        {
          "klass": "TutorLearnableMove",
          "move": "ice_punch"
        },
        {
          "klass": "TutorLearnableMove",
          "move": "iron_tail"
        },
        {
          "klass": "TutorLearnableMove",
          "move": "signal_beam"
        },
        {
          "klass": "TutorLearnableMove",
          "move": "recycle"
        },
        {
          "klass": "TutorLearnableMove",
          "move": "magic_coat"
        },
        {
          "klass": "TutorLearnableMove",
          "move": "snore"
        },
        {
          "klass": "TutorLearnableMove",
          "move": "knock_off"
        },
        {
          "klass": "TutorLearnableMove",
          "move": "snatch"
        },
        {
          "klass": "TutorLearnableMove",
          "move": "trick"
        },
        {
          "klass": "TutorLearnableMove",
          "move": "zen_headbutt"
        },
        {
          "klass": "TutorLearnableMove",
          "move": "foul_play"
        },
        {
          "klass": "TutorLearnableMove",
          "move": "drain_punch"
        },
        {
          "klass": "TutorLearnableMove",
          "move": "wonder_room"
        },
        {
          "klass": "TutorLearnableMove",
          "move": "magic_room"
        },
        {
          "klass": "TechLearnableMove",
          "move": "psyshock"
        },
        {
          "klass": "TechLearnableMove",
          "move": "calm_mind"
        },
        {
          "klass": "TechLearnableMove",
          "move": "toxic"
        },
        {
          "klass": "TechLearnableMove",
          "move": "hidden_power"
        },
        {
          "klass": "TechLearnableMove",
          "move": "sunny_day"
        },
        {
          "klass": "TechLearnableMove",
          "move": "taunt"
        },
        {
          "klass": "TechLearnableMove",
          "move": "light_screen"
        },
        {
          "klass": "TechLearnableMove",
          "move": "protect"
        },
        {
          "klass": "TechLearnableMove",
          "move": "rain_dance"
        },
        {
          "klass": "TechLearnableMove",
          "move": "safeguard"
        },
        {
          "klass": "TechLearnableMove",
          "move": "frustration"
        },
        {
          "klass": "TechLearnableMove",
          "move": "return"
        },
        {
          "klass": "TechLearnableMove",
          "move": "psychic"
        },
        {
          "klass": "TechLearnableMove",
          "move": "shadow_ball"
        },
        {
          "klass": "TechLearnableMove",
          "move": "double_team"
        },
        {
          "klass": "TechLearnableMove",
          "move": "reflect"
        },
        {
          "klass": "TechLearnableMove",
          "move": "torment"
        },
        {
          "klass": "TechLearnableMove",
          "move": "facade"
        },
        {
          "klass": "TechLearnableMove",
          "move": "rest"
        },
        {
          "klass": "TechLearnableMove",
          "move": "attract"
        },
        {
          "klass": "TechLearnableMove",
          "move": "thief"
        },
        {
          "klass": "TechLearnableMove",
          "move": "round"
        },
        {
          "klass": "TechLearnableMove",
          "move": "energy_ball"
        },
        {
          "klass": "TechLearnableMove",
          "move": "fling"
        },
        {
          "klass": "TechLearnableMove",
          "move": "charge_beam"
        },
        {
          "klass": "TechLearnableMove",
          "move": "embargo"
        },
        {
          "klass": "TechLearnableMove",
          "move": "thunder_wave"
        },
        {
          "klass": "TechLearnableMove",
          "move": "psych_up"
        },
        {
          "klass": "TechLearnableMove",
          "move": "dream_eater"
        },
        {
          "klass": "TechLearnableMove",
          "move": "grass_knot"
        },
        {
          "klass": "TechLearnableMove",
          "move": "swagger"
        },
        {
          "klass": "TechLearnableMove",
          "move": "sleep_talk"
        },
        {
          "klass": "TechLearnableMove",
          "move": "substitute"
        },
        {
          "klass": "TechLearnableMove",
          "move": "trick_room"
        },
        {
          "klass": "TechLearnableMove",
          "move": "dazzling_gleam"
        },
        {
          "klass": "TechLearnableMove",
          "move": "confide"
        },
        {
          "klass": "TechLearnableMove",
          "move": "secret_power"
        },
        {
          "klass": "EvolutionLearnableMove",
          "move": "kinesis"
        }
      ],
      "resources": {
        "icon": "064",
        "iconShiny": "",
        "front": "064",
        "frontF": "064f",
        "frontShiny": "064",
        "frontShinyF": "064f",
        "back": "064",
        "backF": "064f",
        "backShiny": "064",
        "backShinyF": "064f",
        "footprint": "064",
        "character": "064_0",
        "characterShiny": "064s_0",
        "cry": "064cry.ogg",
        "hasFemale": true
      }
    }
  ]
}