{
  "klass": "Specie",
  "id": 115,
  "dbSymbol": "kangaskhan",
  "forms": [
    {
      "form": 0,
      "height": 2.2,
      "weight": 80,
      "type1": "normal",
      "type2": "__undef__",
      "baseHp": 105,
      "baseAtk": 95,
      "baseDfe": 80,
      "baseSpd": 90,
      "baseAts": 40,
      "baseDfs": 80,
      "evHp": 2,
      "evAtk": 0,
      "evDfe": 0,
      "evSpd": 0,
      "evAts": 0,
      "evDfs": 0,
      "evolutions": [
        {
          "form": 30,
          "conditions": [
            {
              "type": "gemme",
              "value": "kangaskhanite"
            }
          ]
        }
      ],
      "experienceType": 1,
      "baseExperience": 172,
      "baseLoyalty": 70,
      "catchRate": 45,
      "femaleRate": 100,
      "breedGroups": [
        1,
        1
      ],
      "hatchSteps": 5120,
      "babyDbSymbol": "kangaskhan",
      "babyForm": 0,
      "itemHeld": [
        {
          "dbSymbol": "none",
          "chance": 0
        },
        {
          "dbSymbol": "none",
          "chance": 0
        }
      ],
      "abilities": [
        "early_bird",
        "scrappy",
        "inner_focus"
      ],
      "frontOffsetY": 0,
      "resources": {
        "icon": "115",
        "iconF": "115",
        "iconShiny": "",
        "front": "115",
        "frontF": "115f",
        "frontShiny": "115",
        "frontShinyF": "115",
        "back": "115",
        "backF": "115",
        "backShiny": "115",
        "backShinyF": "115",
        "footprint": "115",
        "character": "115_0",
        "characterF": "115_0",
        "characterShiny": "115s_0",
        "characterShinyF": "115s_0",
        "cry": "115cry.ogg",
        "hasFemale": true
      },
      "moveSet": [
        {
          "klass": "LevelLearnableMove",
          "move": "leer",
          "level": 1
        },
        {
          "klass": "LevelLearnableMove",
          "move": "comet_punch",
          "level": 1
        },
        {
          "klass": "LevelLearnableMove",
          "move": "fake_out",
          "level": 7
        },
        {
          "klass": "LevelLearnableMove",
          "move": "tail_whip",
          "level": 10
        },
        {
          "klass": "LevelLearnableMove",
          "move": "bite",
          "level": 13
        },
        {
          "klass": "LevelLearnableMove",
          "move": "double_hit",
          "level": 19
        },
        {
          "klass": "LevelLearnableMove",
          "move": "rage",
          "level": 22
        },
        {
          "klass": "LevelLearnableMove",
          "move": "mega_punch",
          "level": 25
        },
        {
          "klass": "LevelLearnableMove",
          "move": "chip_away",
          "level": 31
        },
        {
          "klass": "LevelLearnableMove",
          "move": "dizzy_punch",
          "level": 34
        },
        {
          "klass": "LevelLearnableMove",
          "move": "crunch",
          "level": 37
        },
        {
          "klass": "LevelLearnableMove",
          "move": "endure",
          "level": 43
        },
        {
          "klass": "LevelLearnableMove",
          "move": "outrage",
          "level": 46
        },
        {
          "klass": "LevelLearnableMove",
          "move": "sucker_punch",
          "level": 49
        },
        {
          "klass": "LevelLearnableMove",
          "move": "reversal",
          "level": 50
        },
        {
          "klass": "TutorLearnableMove",
          "move": "low_kick"
        },
        {
          "klass": "TutorLearnableMove",
          "move": "uproar"
        },
        {
          "klass": "TutorLearnableMove",
          "move": "outrage"
        },
        {
          "klass": "TutorLearnableMove",
          "move": "helping_hand"
        },
        {
          "klass": "TutorLearnableMove",
          "move": "spite"
        },
        {
          "klass": "TutorLearnableMove",
          "move": "endeavor"
        },
        {
          "klass": "TutorLearnableMove",
          "move": "aqua_tail"
        },
        {
          "klass": "TutorLearnableMove",
          "move": "covet"
        },
        {
          "klass": "TutorLearnableMove",
          "move": "focus_punch"
        },
        {
          "klass": "TutorLearnableMove",
          "move": "shock_wave"
        },
        {
          "klass": "TutorLearnableMove",
          "move": "thunder_punch"
        },
        {
          "klass": "TutorLearnableMove",
          "move": "fire_punch"
        },
        {
          "klass": "TutorLearnableMove",
          "move": "ice_punch"
        },
        {
          "klass": "TutorLearnableMove",
          "move": "iron_tail"
        },
        {
          "klass": "TutorLearnableMove",
          "move": "snore"
        },
        {
          "klass": "TutorLearnableMove",
          "move": "water_pulse"
        },
        {
          "klass": "TutorLearnableMove",
          "move": "drain_punch"
        },
        {
          "klass": "TutorLearnableMove",
          "move": "icy_wind"
        },
        {
          "klass": "TechLearnableMove",
          "move": "work_up"
        },
        {
          "klass": "TechLearnableMove",
          "move": "roar"
        },
        {
          "klass": "TechLearnableMove",
          "move": "toxic"
        },
        {
          "klass": "TechLearnableMove",
          "move": "hail"
        },
        {
          "klass": "TechLearnableMove",
          "move": "hidden_power"
        },
        {
          "klass": "TechLearnableMove",
          "move": "sunny_day"
        },
        {
          "klass": "TechLearnableMove",
          "move": "ice_beam"
        },
        {
          "klass": "TechLearnableMove",
          "move": "blizzard"
        },
        {
          "klass": "TechLearnableMove",
          "move": "hyper_beam"
        },
        {
          "klass": "TechLearnableMove",
          "move": "protect"
        },
        {
          "klass": "TechLearnableMove",
          "move": "rain_dance"
        },
        {
          "klass": "TechLearnableMove",
          "move": "safeguard"
        },
        {
          "klass": "TechLearnableMove",
          "move": "frustration"
        },
        {
          "klass": "TechLearnableMove",
          "move": "solar_beam"
        },
        {
          "klass": "TechLearnableMove",
          "move": "thunderbolt"
        },
        {
          "klass": "TechLearnableMove",
          "move": "thunder"
        },
        {
          "klass": "TechLearnableMove",
          "move": "earthquake"
        },
        {
          "klass": "TechLearnableMove",
          "move": "return"
        },
        {
          "klass": "TechLearnableMove",
          "move": "shadow_ball"
        },
        {
          "klass": "TechLearnableMove",
          "move": "brick_break"
        },
        {
          "klass": "TechLearnableMove",
          "move": "double_team"
        },
        {
          "klass": "TechLearnableMove",
          "move": "flamethrower"
        },
        {
          "klass": "TechLearnableMove",
          "move": "sandstorm"
        },
        {
          "klass": "TechLearnableMove",
          "move": "fire_blast"
        },
        {
          "klass": "TechLearnableMove",
          "move": "rock_tomb"
        },
        {
          "klass": "TechLearnableMove",
          "move": "aerial_ace"
        },
        {
          "klass": "TechLearnableMove",
          "move": "facade"
        },
        {
          "klass": "TechLearnableMove",
          "move": "rest"
        },
        {
          "klass": "TechLearnableMove",
          "move": "attract"
        },
        {
          "klass": "TechLearnableMove",
          "move": "thief"
        },
        {
          "klass": "TechLearnableMove",
          "move": "round"
        },
        {
          "klass": "TechLearnableMove",
          "move": "focus_blast"
        },
        {
          "klass": "TechLearnableMove",
          "move": "fling"
        },
        {
          "klass": "TechLearnableMove",
          "move": "shadow_claw"
        },
        {
          "klass": "TechLearnableMove",
          "move": "giga_impact"
        },
        {
          "klass": "TechLearnableMove",
          "move": "bulldoze"
        },
        {
          "klass": "TechLearnableMove",
          "move": "rock_slide"
        },
        {
          "klass": "TechLearnableMove",
          "move": "swagger"
        },
        {
          "klass": "TechLearnableMove",
          "move": "sleep_talk"
        },
        {
          "klass": "TechLearnableMove",
          "move": "substitute"
        },
        {
          "klass": "TechLearnableMove",
          "move": "surf"
        },
        {
          "klass": "TechLearnableMove",
          "move": "confide"
        },
        {
          "klass": "TechLearnableMove",
          "move": "secret_power"
        },
        {
          "klass": "TechLearnableMove",
          "move": "power_up_punch"
        },
        {
          "klass": "TechLearnableMove",
          "move": "cut"
        },
        {
          "klass": "TechLearnableMove",
          "move": "strength"
        },
        {
          "klass": "TechLearnableMove",
          "move": "rock_smash"
        },
        {
          "klass": "TechLearnableMove",
          "move": "rock_climb"
        },
        {
          "klass": "BreedLearnableMove",
          "move": "trump_card"
        },
        {
          "klass": "BreedLearnableMove",
          "move": "uproar"
        },
        {
          "klass": "BreedLearnableMove",
          "move": "foresight"
        },
        {
          "klass": "BreedLearnableMove",
          "move": "crush_claw"
        },
        {
          "klass": "BreedLearnableMove",
          "move": "stomp"
        },
        {
          "klass": "BreedLearnableMove",
          "move": "endeavor"
        },
        {
          "klass": "BreedLearnableMove",
          "move": "disable"
        },
        {
          "klass": "BreedLearnableMove",
          "move": "hammer_arm"
        },
        {
          "klass": "BreedLearnableMove",
          "move": "focus_punch"
        },
        {
          "klass": "BreedLearnableMove",
          "move": "circle_throw"
        },
        {
          "klass": "BreedLearnableMove",
          "move": "focus_energy"
        },
        {
          "klass": "BreedLearnableMove",
          "move": "counter"
        },
        {
          "klass": "BreedLearnableMove",
          "move": "double_edge"
        }
      ]
    },
    {
      "form": 30,
      "height": 2.2,
      "weight": 100,
      "type1": "normal",
      "type2": "__undef__",
      "baseHp": 105,
      "baseAtk": 125,
      "baseDfe": 100,
      "baseSpd": 100,
      "baseAts": 60,
      "baseDfs": 100,
      "evHp": 2,
      "evAtk": 0,
      "evDfe": 0,
      "evSpd": 0,
      "evAts": 0,
      "evDfs": 0,
      "evolutions": [],
      "experienceType": 1,
      "baseExperience": 207,
      "baseLoyalty": 70,
      "catchRate": 45,
      "femaleRate": 100,
      "breedGroups": [
        1,
        1
      ],
      "hatchSteps": 5120,
      "babyDbSymbol": "kangaskhan",
      "babyForm": 0,
      "itemHeld": [
        {
          "dbSymbol": "none",
          "chance": 0
        },
        {
          "dbSymbol": "none",
          "chance": 0
        }
      ],
      "abilities": [
        "parental_bond",
        "parental_bond",
        "parental_bond"
      ],
      "frontOffsetY": 0,
      "resources": {
        "icon": "115_30",
        "iconF": "115_30",
        "iconShiny": "",
        "front": "115_30",
        "frontF": "115_30",
        "frontShiny": "115_30",
        "frontShinyF": "115_30",
        "back": "115",
        "backF": "115_30",
        "backShiny": "115",
        "backShinyF": "115_30",
        "footprint": "115",
        "character": "115_30",
        "characterF": "115_30",
        "characterShiny": "115s_30",
        "characterShinyF": "115s_30",
        "cry": "115_30cry.ogg",
        "hasFemale": true
      },
      "moveSet": [
        {
          "klass": "LevelLearnableMove",
          "move": "leer",
          "level": 1
        },
        {
          "klass": "LevelLearnableMove",
          "move": "comet_punch",
          "level": 1
        },
        {
          "klass": "LevelLearnableMove",
          "move": "fake_out",
          "level": 7
        },
        {
          "klass": "LevelLearnableMove",
          "move": "tail_whip",
          "level": 10
        },
        {
          "klass": "LevelLearnableMove",
          "move": "bite",
          "level": 13
        },
        {
          "klass": "LevelLearnableMove",
          "move": "double_hit",
          "level": 19
        },
        {
          "klass": "LevelLearnableMove",
          "move": "rage",
          "level": 22
        },
        {
          "klass": "LevelLearnableMove",
          "move": "mega_punch",
          "level": 25
        },
        {
          "klass": "LevelLearnableMove",
          "move": "chip_away",
          "level": 31
        },
        {
          "klass": "LevelLearnableMove",
          "move": "dizzy_punch",
          "level": 34
        },
        {
          "klass": "LevelLearnableMove",
          "move": "crunch",
          "level": 37
        },
        {
          "klass": "LevelLearnableMove",
          "move": "endure",
          "level": 43
        },
        {
          "klass": "LevelLearnableMove",
          "move": "outrage",
          "level": 46
        },
        {
          "klass": "LevelLearnableMove",
          "move": "sucker_punch",
          "level": 49
        },
        {
          "klass": "LevelLearnableMove",
          "move": "reversal",
          "level": 50
        },
        {
          "klass": "TechLearnableMove",
          "move": "roar"
        },
        {
          "klass": "TechLearnableMove",
          "move": "toxic"
        },
        {
          "klass": "TechLearnableMove",
          "move": "hail"
        },
        {
          "klass": "TechLearnableMove",
          "move": "hidden_power"
        },
        {
          "klass": "TechLearnableMove",
          "move": "sunny_day"
        },
        {
          "klass": "TechLearnableMove",
          "move": "ice_beam"
        },
        {
          "klass": "TechLearnableMove",
          "move": "blizzard"
        },
        {
          "klass": "TechLearnableMove",
          "move": "hyper_beam"
        },
        {
          "klass": "TechLearnableMove",
          "move": "protect"
        },
        {
          "klass": "TechLearnableMove",
          "move": "rain_dance"
        },
        {
          "klass": "TechLearnableMove",
          "move": "safeguard"
        },
        {
          "klass": "TechLearnableMove",
          "move": "frustration"
        },
        {
          "klass": "TechLearnableMove",
          "move": "solar_beam"
        },
        {
          "klass": "TechLearnableMove",
          "move": "thunderbolt"
        },
        {
          "klass": "TechLearnableMove",
          "move": "thunder"
        },
        {
          "klass": "TechLearnableMove",
          "move": "earthquake"
        },
        {
          "klass": "TechLearnableMove",
          "move": "return"
        },
        {
          "klass": "TechLearnableMove",
          "move": "dig"
        },
        {
          "klass": "TechLearnableMove",
          "move": "shadow_ball"
        },
        {
          "klass": "TechLearnableMove",
          "move": "brick_break"
        },
        {
          "klass": "TechLearnableMove",
          "move": "double_team"
        },
        {
          "klass": "TechLearnableMove",
          "move": "flamethrower"
        },
        {
          "klass": "TechLearnableMove",
          "move": "sandstorm"
        },
        {
          "klass": "TechLearnableMove",
          "move": "fire_blast"
        },
        {
          "klass": "TechLearnableMove",
          "move": "rock_tomb"
        },
        {
          "klass": "TechLearnableMove",
          "move": "aerial_ace"
        },
        {
          "klass": "TechLearnableMove",
          "move": "facade"
        },
        {
          "klass": "TechLearnableMove",
          "move": "rest"
        },
        {
          "klass": "TechLearnableMove",
          "move": "attract"
        },
        {
          "klass": "TechLearnableMove",
          "move": "thief"
        },
        {
          "klass": "TechLearnableMove",
          "move": "round"
        },
        {
          "klass": "TechLearnableMove",
          "move": "focus_blast"
        },
        {
          "klass": "TechLearnableMove",
          "move": "fling"
        },
        {
          "klass": "TechLearnableMove",
          "move": "incinerate"
        },
        {
          "klass": "TechLearnableMove",
          "move": "shadow_claw"
        },
        {
          "klass": "TechLearnableMove",
          "move": "retaliate"
        },
        {
          "klass": "TechLearnableMove",
          "move": "giga_impact"
        },
        {
          "klass": "TechLearnableMove",
          "move": "bulldoze"
        },
        {
          "klass": "TechLearnableMove",
          "move": "rock_slide"
        },
        {
          "klass": "TechLearnableMove",
          "move": "swagger"
        },
        {
          "klass": "TechLearnableMove",
          "move": "sleep_talk"
        },
        {
          "klass": "TechLearnableMove",
          "move": "substitute"
        },
        {
          "klass": "TechLearnableMove",
          "move": "secret_power"
        },
        {
          "klass": "TechLearnableMove",
          "move": "power_up_punch"
        },
        {
          "klass": "TechLearnableMove",
          "move": "confide"
        },
        {
          "klass": "TechLearnableMove",
          "move": "cut"
        },
        {
          "klass": "TechLearnableMove",
          "move": "surf"
        },
        {
          "klass": "TechLearnableMove",
          "move": "strength"
        },
        {
          "klass": "TechLearnableMove",
          "move": "rock_smash"
        },
        {
          "klass": "BreedLearnableMove",
          "move": "trump_card"
        },
        {
          "klass": "BreedLearnableMove",
          "move": "uproar"
        },
        {
          "klass": "BreedLearnableMove",
          "move": "foresight"
        },
        {
          "klass": "BreedLearnableMove",
          "move": "crush_claw"
        },
        {
          "klass": "BreedLearnableMove",
          "move": "stomp"
        },
        {
          "klass": "BreedLearnableMove",
          "move": "endeavor"
        },
        {
          "klass": "BreedLearnableMove",
          "move": "disable"
        },
        {
          "klass": "BreedLearnableMove",
          "move": "hammer_arm"
        },
        {
          "klass": "BreedLearnableMove",
          "move": "focus_punch"
        },
        {
          "klass": "BreedLearnableMove",
          "move": "circle_throw"
        },
        {
          "klass": "BreedLearnableMove",
          "move": "focus_energy"
        },
        {
          "klass": "BreedLearnableMove",
          "move": "counter"
        }
      ]
    }
  ]
}