{
  "klass": "Specie",
  "id": 798,
  "dbSymbol": "kartana",
  "forms": [
    {
      "form": 0,
      "height": 0.3,
      "weight": 0.1,
      "type1": "grass",
      "type2": "steel",
      "baseHp": 59,
      "baseAtk": 181,
      "baseDfe": 131,
      "baseSpd": 109,
      "baseAts": 59,
      "baseDfs": 31,
      "evHp": 0,
      "evAtk": 3,
      "evDfe": 0,
      "evSpd": 0,
      "evAts": 0,
      "evDfs": 0,
      "evolutions": [],
      "experienceType": 2,
      "baseExperience": 257,
      "baseLoyalty": 0,
      "catchRate": 45,
      "femaleRate": -1,
      "breedGroups": [
        15,
        15
      ],
      "hatchSteps": 30720,
      "babyDbSymbol": "__undef__",
      "babyForm": 0,
      "itemHeld": [
        {
          "dbSymbol": "none",
          "chance": 0
        },
        {
          "dbSymbol": "none",
          "chance": 0
        }
      ],
      "abilities": [
        "beast_boost",
        "beast_boost",
        "beast_boost"
      ],
      "frontOffsetY": 0,
      "resources": {
        "icon": "798",
        "iconShiny": "",
        "front": "798",
        "frontShiny": "798",
        "back": "798",
        "backShiny": "798",
        "footprint": "",
        "character": "798_0",
        "characterShiny": "798s_0",
        "cry": "798cry.ogg",
        "hasFemale": false
      },
      "moveSet": [
        {
          "klass": "LevelLearnableMove",
          "move": "sacred_sword",
          "level": 1
        },
        {
          "klass": "LevelLearnableMove",
          "move": "defog",
          "level": 1
        },
        {
          "klass": "LevelLearnableMove",
          "move": "vacuum_wave",
          "level": 1
        },
        {
          "klass": "LevelLearnableMove",
          "move": "cut",
          "level": 1
        },
        {
          "klass": "LevelLearnableMove",
          "move": "fury_cutter",
          "level": 1
        },
        {
          "klass": "LevelLearnableMove",
          "move": "air_cutter",
          "level": 1
        },
        {
          "klass": "LevelLearnableMove",
          "move": "false_swipe",
          "level": 7
        },
        {
          "klass": "LevelLearnableMove",
          "move": "razor_leaf",
          "level": 13
        },
        {
          "klass": "LevelLearnableMove",
          "move": "synthesis",
          "level": 19
        },
        {
          "klass": "LevelLearnableMove",
          "move": "aerial_ace",
          "level": 23
        },
        {
          "klass": "LevelLearnableMove",
          "move": "laser_focus",
          "level": 29
        },
        {
          "klass": "LevelLearnableMove",
          "move": "night_slash",
          "level": 31
        },
        {
          "klass": "LevelLearnableMove",
          "move": "swords_dance",
          "level": 37
        },
        {
          "klass": "LevelLearnableMove",
          "move": "leaf_blade",
          "level": 43
        },
        {
          "klass": "LevelLearnableMove",
          "move": "x_scissor",
          "level": 47
        },
        {
          "klass": "LevelLearnableMove",
          "move": "detect",
          "level": 53
        },
        {
          "klass": "LevelLearnableMove",
          "move": "air_slash",
          "level": 59
        },
        {
          "klass": "LevelLearnableMove",
          "move": "psycho_cut",
          "level": 67
        },
        {
          "klass": "LevelLearnableMove",
          "move": "guillotine",
          "level": 73
        },
        {
          "klass": "TutorLearnableMove",
          "move": "laser_focus"
        },
        {
          "klass": "TutorLearnableMove",
          "move": "defog"
        },
        {
          "klass": "TutorLearnableMove",
          "move": "last_resort"
        },
        {
          "klass": "TutorLearnableMove",
          "move": "giga_drain"
        },
        {
          "klass": "TutorLearnableMove",
          "move": "iron_defense"
        },
        {
          "klass": "TutorLearnableMove",
          "move": "snore"
        },
        {
          "klass": "TutorLearnableMove",
          "move": "knock_off"
        },
        {
          "klass": "TutorLearnableMove",
          "move": "synthesis"
        },
        {
          "klass": "TutorLearnableMove",
          "move": "tailwind"
        },
        {
          "klass": "TechLearnableMove",
          "move": "calm_mind"
        },
        {
          "klass": "TechLearnableMove",
          "move": "toxic"
        },
        {
          "klass": "TechLearnableMove",
          "move": "hidden_power"
        },
        {
          "klass": "TechLearnableMove",
          "move": "protect"
        },
        {
          "klass": "TechLearnableMove",
          "move": "frustration"
        },
        {
          "klass": "TechLearnableMove",
          "move": "return"
        },
        {
          "klass": "TechLearnableMove",
          "move": "brick_break"
        },
        {
          "klass": "TechLearnableMove",
          "move": "double_team"
        },
        {
          "klass": "TechLearnableMove",
          "move": "aerial_ace"
        },
        {
          "klass": "TechLearnableMove",
          "move": "rest"
        },
        {
          "klass": "TechLearnableMove",
          "move": "round"
        },
        {
          "klass": "TechLearnableMove",
          "move": "false_swipe"
        },
        {
          "klass": "TechLearnableMove",
          "move": "smart_strike"
        },
        {
          "klass": "TechLearnableMove",
          "move": "giga_impact"
        },
        {
          "klass": "TechLearnableMove",
          "move": "swords_dance"
        },
        {
          "klass": "TechLearnableMove",
          "move": "x_scissor"
        },
        {
          "klass": "TechLearnableMove",
          "move": "swagger"
        },
        {
          "klass": "TechLearnableMove",
          "move": "sleep_talk"
        },
        {
          "klass": "TechLearnableMove",
          "move": "substitute"
        },
        {
          "klass": "TechLearnableMove",
          "move": "confide"
        },
        {
          "klass": "TechLearnableMove",
          "move": "secret_power"
        },
        {
          "klass": "TechLearnableMove",
          "move": "cut"
        }
      ]
    }
  ]
}