{
  "klass": "Specie",
  "id": 599,
  "dbSymbol": "klink",
  "forms": [
    {
      "form": 0,
      "height": 0.3,
      "weight": 21,
      "type1": "steel",
      "type2": "__undef__",
      "baseHp": 40,
      "baseAtk": 55,
      "baseDfe": 70,
      "baseSpd": 30,
      "baseAts": 45,
      "baseDfs": 60,
      "evHp": 0,
      "evAtk": 0,
      "evDfe": 1,
      "evSpd": 0,
      "evAts": 0,
      "evDfs": 0,
      "evolutions": [
        {
          "dbSymbol": "klang",
          "form": 0,
          "conditions": [
            {
              "type": "minLevel",
              "value": 38
            }
          ]
        }
      ],
      "experienceType": 3,
      "baseExperience": 60,
      "baseLoyalty": 70,
      "catchRate": 130,
      "femaleRate": -1,
      "breedGroups": [
        10,
        10
      ],
      "hatchSteps": 5120,
      "babyDbSymbol": "klink",
      "babyForm": 0,
      "itemHeld": [
        {
          "dbSymbol": "none",
          "chance": 0
        },
        {
          "dbSymbol": "none",
          "chance": 0
        }
      ],
      "abilities": [
        "plus",
        "minus",
        "clear_body"
      ],
      "frontOffsetY": 0,
      "moveSet": [
        {
          "klass": "LevelLearnableMove",
          "move": "vise_grip",
          "level": 1
        },
        {
          "klass": "LevelLearnableMove",
          "move": "charge",
          "level": 6
        },
        {
          "klass": "LevelLearnableMove",
          "move": "thunder_shock",
          "level": 11
        },
        {
          "klass": "LevelLearnableMove",
          "move": "gear_grind",
          "level": 16
        },
        {
          "klass": "LevelLearnableMove",
          "move": "bind",
          "level": 21
        },
        {
          "klass": "LevelLearnableMove",
          "move": "charge_beam",
          "level": 26
        },
        {
          "klass": "LevelLearnableMove",
          "move": "autotomize",
          "level": 31
        },
        {
          "klass": "LevelLearnableMove",
          "move": "mirror_shot",
          "level": 36
        },
        {
          "klass": "LevelLearnableMove",
          "move": "screech",
          "level": 39
        },
        {
          "klass": "LevelLearnableMove",
          "move": "discharge",
          "level": 42
        },
        {
          "klass": "LevelLearnableMove",
          "move": "metal_sound",
          "level": 45
        },
        {
          "klass": "LevelLearnableMove",
          "move": "shift_gear",
          "level": 48
        },
        {
          "klass": "LevelLearnableMove",
          "move": "lock_on",
          "level": 50
        },
        {
          "klass": "LevelLearnableMove",
          "move": "zap_cannon",
          "level": 54
        },
        {
          "klass": "LevelLearnableMove",
          "move": "hyper_beam",
          "level": 57
        },
        {
          "klass": "TutorLearnableMove",
          "move": "bind"
        },
        {
          "klass": "TutorLearnableMove",
          "move": "gravity"
        },
        {
          "klass": "TutorLearnableMove",
          "move": "telekinesis"
        },
        {
          "klass": "TutorLearnableMove",
          "move": "iron_defense"
        },
        {
          "klass": "TutorLearnableMove",
          "move": "shock_wave"
        },
        {
          "klass": "TutorLearnableMove",
          "move": "signal_beam"
        },
        {
          "klass": "TutorLearnableMove",
          "move": "recycle"
        },
        {
          "klass": "TutorLearnableMove",
          "move": "magic_coat"
        },
        {
          "klass": "TutorLearnableMove",
          "move": "snore"
        },
        {
          "klass": "TutorLearnableMove",
          "move": "uproar"
        },
        {
          "klass": "TutorLearnableMove",
          "move": "magnet_rise"
        },
        {
          "klass": "TechLearnableMove",
          "move": "toxic"
        },
        {
          "klass": "TechLearnableMove",
          "move": "hidden_power"
        },
        {
          "klass": "TechLearnableMove",
          "move": "hyper_beam"
        },
        {
          "klass": "TechLearnableMove",
          "move": "protect"
        },
        {
          "klass": "TechLearnableMove",
          "move": "frustration"
        },
        {
          "klass": "TechLearnableMove",
          "move": "thunderbolt"
        },
        {
          "klass": "TechLearnableMove",
          "move": "return"
        },
        {
          "klass": "TechLearnableMove",
          "move": "double_team"
        },
        {
          "klass": "TechLearnableMove",
          "move": "sandstorm"
        },
        {
          "klass": "TechLearnableMove",
          "move": "facade"
        },
        {
          "klass": "TechLearnableMove",
          "move": "rest"
        },
        {
          "klass": "TechLearnableMove",
          "move": "round"
        },
        {
          "klass": "TechLearnableMove",
          "move": "charge_beam"
        },
        {
          "klass": "TechLearnableMove",
          "move": "rock_polish"
        },
        {
          "klass": "TechLearnableMove",
          "move": "volt_switch"
        },
        {
          "klass": "TechLearnableMove",
          "move": "thunder_wave"
        },
        {
          "klass": "TechLearnableMove",
          "move": "swagger"
        },
        {
          "klass": "TechLearnableMove",
          "move": "sleep_talk"
        },
        {
          "klass": "TechLearnableMove",
          "move": "substitute"
        },
        {
          "klass": "TechLearnableMove",
          "move": "flash_cannon"
        },
        {
          "klass": "TechLearnableMove",
          "move": "wild_charge"
        },
        {
          "klass": "TechLearnableMove",
          "move": "confide"
        },
        {
          "klass": "TechLearnableMove",
          "move": "secret_power"
        },
        {
          "klass": "TechLearnableMove",
          "move": "rock_smash"
        }
      ],
      "resources": {
        "icon": "599",
        "iconShiny": "",
        "front": "599",
        "frontShiny": "599",
        "back": "599",
        "backShiny": "599",
        "footprint": "599",
        "character": "599_0",
        "characterShiny": "599s_0",
        "cry": "599cry.ogg",
        "hasFemale": false
      }
    }
  ]
}