{
  "klass": "Specie",
  "id": 775,
  "dbSymbol": "komala",
  "forms": [
    {
      "form": 0,
      "height": 0.4,
      "weight": 19.9,
      "type1": "normal",
      "type2": "__undef__",
      "baseHp": 65,
      "baseAtk": 115,
      "baseDfe": 65,
      "baseSpd": 65,
      "baseAts": 75,
      "baseDfs": 95,
      "evHp": 0,
      "evAtk": 2,
      "evDfe": 0,
      "evSpd": 0,
      "evAts": 0,
      "evDfs": 0,
      "evolutions": [],
      "experienceType": 2,
      "baseExperience": 168,
      "baseLoyalty": 70,
      "catchRate": 45,
      "femaleRate": 50,
      "breedGroups": [
        5,
        5
      ],
      "hatchSteps": 5120,
      "babyDbSymbol": "komala",
      "babyForm": 0,
      "itemHeld": [
        {
          "dbSymbol": "none",
          "chance": 0
        },
        {
          "dbSymbol": "none",
          "chance": 0
        }
      ],
      "abilities": [
        "comatose",
        "comatose",
        "comatose"
      ],
      "frontOffsetY": 0,
      "moveSet": [
        {
          "klass": "LevelLearnableMove",
          "move": "defense_curl",
          "level": 1
        },
        {
          "klass": "LevelLearnableMove",
          "move": "rollout",
          "level": 1
        },
        {
          "klass": "LevelLearnableMove",
          "move": "swallow",
          "level": 6
        },
        {
          "klass": "LevelLearnableMove",
          "move": "spit_up",
          "level": 6
        },
        {
          "klass": "LevelLearnableMove",
          "move": "stockpile",
          "level": 6
        },
        {
          "klass": "LevelLearnableMove",
          "move": "rapid_spin",
          "level": 11
        },
        {
          "klass": "LevelLearnableMove",
          "move": "yawn",
          "level": 16
        },
        {
          "klass": "LevelLearnableMove",
          "move": "slam",
          "level": 21
        },
        {
          "klass": "LevelLearnableMove",
          "move": "flail",
          "level": 26
        },
        {
          "klass": "LevelLearnableMove",
          "move": "sucker_punch",
          "level": 31
        },
        {
          "klass": "LevelLearnableMove",
          "move": "psych_up",
          "level": 36
        },
        {
          "klass": "LevelLearnableMove",
          "move": "wood_hammer",
          "level": 41
        },
        {
          "klass": "LevelLearnableMove",
          "move": "thrash",
          "level": 46
        },
        {
          "klass": "TutorLearnableMove",
          "move": "last_resort"
        },
        {
          "klass": "TutorLearnableMove",
          "move": "endeavor"
        },
        {
          "klass": "TutorLearnableMove",
          "move": "snore"
        },
        {
          "klass": "TutorLearnableMove",
          "move": "knock_off"
        },
        {
          "klass": "TutorLearnableMove",
          "move": "superpower"
        },
        {
          "klass": "TutorLearnableMove",
          "move": "iron_head"
        },
        {
          "klass": "TutorLearnableMove",
          "move": "zen_headbutt"
        },
        {
          "klass": "TutorLearnableMove",
          "move": "stomping_tantrum"
        },
        {
          "klass": "TechLearnableMove",
          "move": "work_up"
        },
        {
          "klass": "TechLearnableMove",
          "move": "calm_mind"
        },
        {
          "klass": "TechLearnableMove",
          "move": "toxic"
        },
        {
          "klass": "TechLearnableMove",
          "move": "bulk_up"
        },
        {
          "klass": "TechLearnableMove",
          "move": "hidden_power"
        },
        {
          "klass": "TechLearnableMove",
          "move": "sunny_day"
        },
        {
          "klass": "TechLearnableMove",
          "move": "protect"
        },
        {
          "klass": "TechLearnableMove",
          "move": "frustration"
        },
        {
          "klass": "TechLearnableMove",
          "move": "earthquake"
        },
        {
          "klass": "TechLearnableMove",
          "move": "return"
        },
        {
          "klass": "TechLearnableMove",
          "move": "brick_break"
        },
        {
          "klass": "TechLearnableMove",
          "move": "double_team"
        },
        {
          "klass": "TechLearnableMove",
          "move": "facade"
        },
        {
          "klass": "TechLearnableMove",
          "move": "attract"
        },
        {
          "klass": "TechLearnableMove",
          "move": "low_sweep"
        },
        {
          "klass": "TechLearnableMove",
          "move": "round"
        },
        {
          "klass": "TechLearnableMove",
          "move": "quash"
        },
        {
          "klass": "TechLearnableMove",
          "move": "acrobatics"
        },
        {
          "klass": "TechLearnableMove",
          "move": "shadow_claw"
        },
        {
          "klass": "TechLearnableMove",
          "move": "payback"
        },
        {
          "klass": "TechLearnableMove",
          "move": "swords_dance"
        },
        {
          "klass": "TechLearnableMove",
          "move": "psych_up"
        },
        {
          "klass": "TechLearnableMove",
          "move": "bulldoze"
        },
        {
          "klass": "TechLearnableMove",
          "move": "rock_slide"
        },
        {
          "klass": "TechLearnableMove",
          "move": "swagger"
        },
        {
          "klass": "TechLearnableMove",
          "move": "sleep_talk"
        },
        {
          "klass": "TechLearnableMove",
          "move": "u_turn"
        },
        {
          "klass": "TechLearnableMove",
          "move": "substitute"
        },
        {
          "klass": "TechLearnableMove",
          "move": "confide"
        },
        {
          "klass": "TechLearnableMove",
          "move": "secret_power"
        },
        {
          "klass": "TechLearnableMove",
          "move": "rock_smash"
        },
        {
          "klass": "BreedLearnableMove",
          "move": "charm"
        },
        {
          "klass": "BreedLearnableMove",
          "move": "play_rough"
        },
        {
          "klass": "BreedLearnableMove",
          "move": "sing"
        },
        {
          "klass": "BreedLearnableMove",
          "move": "wish"
        }
      ],
      "resources": {
        "icon": "775",
        "iconShiny": "",
        "front": "775",
        "frontShiny": "775",
        "back": "775",
        "backShiny": "775",
        "footprint": "",
        "character": "775_0",
        "characterShiny": "775s_0",
        "cry": "775cry.ogg",
        "hasFemale": false
      }
    }
  ]
}