{
  "klass": "Specie",
  "id": 98,
  "dbSymbol": "krabby",
  "forms": [
    {
      "form": 0,
      "height": 0.4,
      "weight": 6.5,
      "type1": "water",
      "type2": "__undef__",
      "baseHp": 30,
      "baseAtk": 105,
      "baseDfe": 90,
      "baseSpd": 50,
      "baseAts": 25,
      "baseDfs": 25,
      "evHp": 0,
      "evAtk": 1,
      "evDfe": 0,
      "evSpd": 0,
      "evAts": 0,
      "evDfs": 0,
      "evolutions": [
        {
          "dbSymbol": "kingler",
          "form": 0,
          "conditions": [
            {
              "type": "minLevel",
              "value": 28
            }
          ]
        }
      ],
      "experienceType": 1,
      "baseExperience": 65,
      "baseLoyalty": 70,
      "catchRate": 225,
      "femaleRate": 50,
      "breedGroups": [
        9,
        9
      ],
      "hatchSteps": 5120,
      "babyDbSymbol": "krabby",
      "babyForm": 0,
      "itemHeld": [
        {
          "dbSymbol": "none",
          "chance": 0
        },
        {
          "dbSymbol": "none",
          "chance": 0
        }
      ],
      "abilities": [
        "hyper_cutter",
        "shell_armor",
        "sheer_force"
      ],
      "frontOffsetY": 0,
      "moveSet": [
        {
          "klass": "LevelLearnableMove",
          "move": "bubble",
          "level": 1
        },
        {
          "klass": "LevelLearnableMove",
          "move": "mud_sport",
          "level": 1
        },
        {
          "klass": "LevelLearnableMove",
          "move": "vise_grip",
          "level": 5
        },
        {
          "klass": "LevelLearnableMove",
          "move": "leer",
          "level": 9
        },
        {
          "klass": "LevelLearnableMove",
          "move": "harden",
          "level": 11
        },
        {
          "klass": "LevelLearnableMove",
          "move": "bubble_beam",
          "level": 15
        },
        {
          "klass": "LevelLearnableMove",
          "move": "mud_shot",
          "level": 19
        },
        {
          "klass": "LevelLearnableMove",
          "move": "metal_claw",
          "level": 21
        },
        {
          "klass": "LevelLearnableMove",
          "move": "stomp",
          "level": 25
        },
        {
          "klass": "LevelLearnableMove",
          "move": "protect",
          "level": 29
        },
        {
          "klass": "LevelLearnableMove",
          "move": "guillotine",
          "level": 31
        },
        {
          "klass": "LevelLearnableMove",
          "move": "slam",
          "level": 35
        },
        {
          "klass": "LevelLearnableMove",
          "move": "brine",
          "level": 39
        },
        {
          "klass": "LevelLearnableMove",
          "move": "crabhammer",
          "level": 41
        },
        {
          "klass": "LevelLearnableMove",
          "move": "flail",
          "level": 45
        },
        {
          "klass": "TutorLearnableMove",
          "move": "liquidation"
        },
        {
          "klass": "TutorLearnableMove",
          "move": "ally_switch"
        },
        {
          "klass": "TutorLearnableMove",
          "move": "iron_defense"
        },
        {
          "klass": "TutorLearnableMove",
          "move": "snore"
        },
        {
          "klass": "TutorLearnableMove",
          "move": "knock_off"
        },
        {
          "klass": "TutorLearnableMove",
          "move": "superpower"
        },
        {
          "klass": "TutorLearnableMove",
          "move": "water_pulse"
        },
        {
          "klass": "TutorLearnableMove",
          "move": "icy_wind"
        },
        {
          "klass": "TechLearnableMove",
          "move": "toxic"
        },
        {
          "klass": "TechLearnableMove",
          "move": "hail"
        },
        {
          "klass": "TechLearnableMove",
          "move": "hidden_power"
        },
        {
          "klass": "TechLearnableMove",
          "move": "ice_beam"
        },
        {
          "klass": "TechLearnableMove",
          "move": "blizzard"
        },
        {
          "klass": "TechLearnableMove",
          "move": "protect"
        },
        {
          "klass": "TechLearnableMove",
          "move": "rain_dance"
        },
        {
          "klass": "TechLearnableMove",
          "move": "frustration"
        },
        {
          "klass": "TechLearnableMove",
          "move": "return"
        },
        {
          "klass": "TechLearnableMove",
          "move": "brick_break"
        },
        {
          "klass": "TechLearnableMove",
          "move": "double_team"
        },
        {
          "klass": "TechLearnableMove",
          "move": "rock_tomb"
        },
        {
          "klass": "TechLearnableMove",
          "move": "facade"
        },
        {
          "klass": "TechLearnableMove",
          "move": "rest"
        },
        {
          "klass": "TechLearnableMove",
          "move": "attract"
        },
        {
          "klass": "TechLearnableMove",
          "move": "thief"
        },
        {
          "klass": "TechLearnableMove",
          "move": "round"
        },
        {
          "klass": "TechLearnableMove",
          "move": "false_swipe"
        },
        {
          "klass": "TechLearnableMove",
          "move": "scald"
        },
        {
          "klass": "TechLearnableMove",
          "move": "fling"
        },
        {
          "klass": "TechLearnableMove",
          "move": "swords_dance"
        },
        {
          "klass": "TechLearnableMove",
          "move": "rock_slide"
        },
        {
          "klass": "TechLearnableMove",
          "move": "x_scissor"
        },
        {
          "klass": "TechLearnableMove",
          "move": "swagger"
        },
        {
          "klass": "TechLearnableMove",
          "move": "sleep_talk"
        },
        {
          "klass": "TechLearnableMove",
          "move": "substitute"
        },
        {
          "klass": "TechLearnableMove",
          "move": "surf"
        },
        {
          "klass": "TechLearnableMove",
          "move": "confide"
        },
        {
          "klass": "TechLearnableMove",
          "move": "secret_power"
        },
        {
          "klass": "TechLearnableMove",
          "move": "cut"
        },
        {
          "klass": "TechLearnableMove",
          "move": "strength"
        },
        {
          "klass": "TechLearnableMove",
          "move": "rock_smash"
        },
        {
          "klass": "TechLearnableMove",
          "move": "whirlpool"
        },
        {
          "klass": "BreedLearnableMove",
          "move": "amnesia"
        },
        {
          "klass": "BreedLearnableMove",
          "move": "chip_away"
        },
        {
          "klass": "BreedLearnableMove",
          "move": "haze"
        },
        {
          "klass": "BreedLearnableMove",
          "move": "tickle"
        },
        {
          "klass": "BreedLearnableMove",
          "move": "flail"
        },
        {
          "klass": "BreedLearnableMove",
          "move": "agility"
        },
        {
          "klass": "BreedLearnableMove",
          "move": "ally_switch"
        },
        {
          "klass": "BreedLearnableMove",
          "move": "bide"
        },
        {
          "klass": "BreedLearnableMove",
          "move": "ancient_power"
        },
        {
          "klass": "BreedLearnableMove",
          "move": "knock_off"
        },
        {
          "klass": "BreedLearnableMove",
          "move": "slam"
        },
        {
          "klass": "BreedLearnableMove",
          "move": "endure"
        }
      ],
      "resources": {
        "icon": "098",
        "iconShiny": "",
        "front": "098",
        "frontShiny": "098",
        "back": "098",
        "backShiny": "098",
        "footprint": "098",
        "character": "098_0",
        "characterShiny": "098s_0",
        "cry": "098cry.ogg",
        "hasFemale": false
      }
    }
  ]
}
