{
  "klass": "Specie",
  "id": 401,
  "dbSymbol": "kricketot",
  "forms": [
    {
      "form": 0,
      "height": 0.3,
      "weight": 2.2,
      "type1": "bug",
      "type2": "__undef__",
      "baseHp": 37,
      "baseAtk": 25,
      "baseDfe": 41,
      "baseSpd": 25,
      "baseAts": 25,
      "baseDfs": 41,
      "evHp": 0,
      "evAtk": 0,
      "evDfe": 1,
      "evSpd": 0,
      "evAts": 0,
      "evDfs": 0,
      "evolutions": [
        {
          "dbSymbol": "kricketune",
          "form": 0,
          "conditions": [
            {
              "type": "minLevel",
              "value": 10
            }
          ]
        }
      ],
      "experienceType": 3,
      "baseExperience": 39,
      "baseLoyalty": 70,
      "catchRate": 255,
      "femaleRate": 50,
      "breedGroups": [
        3,
        3
      ],
      "hatchSteps": 3840,
      "babyDbSymbol": "kricketot",
      "babyForm": 0,
      "itemHeld": [
        {
          "dbSymbol": "none",
          "chance": 0
        },
        {
          "dbSymbol": "none",
          "chance": 0
        }
      ],
      "abilities": [
        "shed_skin",
        "shed_skin",
        "run_away"
      ],
      "frontOffsetY": 0,
      "moveSet": [
        {
          "klass": "LevelLearnableMove",
          "move": "bide",
          "level": 1
        },
        {
          "klass": "LevelLearnableMove",
          "move": "growl",
          "level": 1
        },
        {
          "klass": "LevelLearnableMove",
          "move": "struggle_bug",
          "level": 6
        },
        {
          "klass": "LevelLearnableMove",
          "move": "bug_bite",
          "level": 16
        },
        {
          "klass": "TutorLearnableMove",
          "move": "endeavor"
        },
        {
          "klass": "TutorLearnableMove",
          "move": "bug_bite"
        },
        {
          "klass": "TutorLearnableMove",
          "move": "snore"
        },
        {
          "klass": "TutorLearnableMove",
          "move": "uproar"
        }
      ],
      "resources": {
        "icon": "401",
        "iconShiny": "",
        "front": "401",
        "frontF": "401f",
        "frontShiny": "401",
        "frontShinyF": "401f",
        "back": "401",
        "backF": "401f",
        "backShiny": "401",
        "backShinyF": "401f",
        "footprint": "401",
        "character": "401_0",
        "characterShiny": "401s_0",
        "cry": "401cry.ogg",
        "hasFemale": true
      }
    }
  ]
}