{
  "klass": "Specie",
  "id": 552,
  "dbSymbol": "krokorok",
  "forms": [
    {
      "form": 0,
      "height": 1,
      "weight": 33.4,
      "type1": "ground",
      "type2": "dark",
      "baseHp": 60,
      "baseAtk": 82,
      "baseDfe": 45,
      "baseSpd": 74,
      "baseAts": 45,
      "baseDfs": 45,
      "evHp": 0,
      "evAtk": 2,
      "evDfe": 0,
      "evSpd": 0,
      "evAts": 0,
      "evDfs": 0,
      "evolutions": [
        {
          "dbSymbol": "krookodile",
          "form": 0,
          "conditions": [
            {
              "type": "minLevel",
              "value": 40
            }
          ]
        }
      ],
      "experienceType": 3,
      "baseExperience": 123,
      "baseLoyalty": 70,
      "catchRate": 90,
      "femaleRate": 50,
      "breedGroups": [
        5,
        5
      ],
      "hatchSteps": 5120,
      "babyDbSymbol": "sandile",
      "babyForm": 0,
      "itemHeld": [
        {
          "dbSymbol": "none",
          "chance": 0
        },
        {
          "dbSymbol": "none",
          "chance": 0
        }
      ],
      "abilities": [
        "intimidate",
        "moxie",
        "anger_point"
      ],
      "frontOffsetY": 0,
      "moveSet": [
        {
          "klass": "LevelLearnableMove",
          "move": "rage",
          "level": 1
        },
        {
          "klass": "LevelLearnableMove",
          "move": "leer",
          "level": 1
        },
        {
          "klass": "LevelLearnableMove",
          "move": "sand_attack",
          "level": 1
        },
        {
          "klass": "LevelLearnableMove",
          "move": "bite",
          "level": 1
        },
        {
          "klass": "LevelLearnableMove",
          "move": "bite",
          "level": 4
        },
        {
          "klass": "LevelLearnableMove",
          "move": "sand_attack",
          "level": 7
        },
        {
          "klass": "LevelLearnableMove",
          "move": "torment",
          "level": 10
        },
        {
          "klass": "LevelLearnableMove",
          "move": "sand_tomb",
          "level": 13
        },
        {
          "klass": "LevelLearnableMove",
          "move": "assurance",
          "level": 16
        },
        {
          "klass": "LevelLearnableMove",
          "move": "mud_slap",
          "level": 19
        },
        {
          "klass": "LevelLearnableMove",
          "move": "embargo",
          "level": 22
        },
        {
          "klass": "LevelLearnableMove",
          "move": "swagger",
          "level": 25
        },
        {
          "klass": "LevelLearnableMove",
          "move": "crunch",
          "level": 28
        },
        {
          "klass": "LevelLearnableMove",
          "move": "dig",
          "level": 32
        },
        {
          "klass": "LevelLearnableMove",
          "move": "scary_face",
          "level": 36
        },
        {
          "klass": "LevelLearnableMove",
          "move": "foul_play",
          "level": 40
        },
        {
          "klass": "LevelLearnableMove",
          "move": "sandstorm",
          "level": 44
        },
        {
          "klass": "LevelLearnableMove",
          "move": "earthquake",
          "level": 48
        },
        {
          "klass": "LevelLearnableMove",
          "move": "thrash",
          "level": 52
        },
        {
          "klass": "TutorLearnableMove",
          "move": "uproar"
        },
        {
          "klass": "TutorLearnableMove",
          "move": "spite"
        },
        {
          "klass": "TutorLearnableMove",
          "move": "aqua_tail"
        },
        {
          "klass": "TutorLearnableMove",
          "move": "focus_punch"
        },
        {
          "klass": "TutorLearnableMove",
          "move": "stealth_rock"
        },
        {
          "klass": "TutorLearnableMove",
          "move": "iron_tail"
        },
        {
          "klass": "TutorLearnableMove",
          "move": "snore"
        },
        {
          "klass": "TutorLearnableMove",
          "move": "knock_off"
        },
        {
          "klass": "TutorLearnableMove",
          "move": "snatch"
        },
        {
          "klass": "TutorLearnableMove",
          "move": "earth_power"
        },
        {
          "klass": "TutorLearnableMove",
          "move": "low_kick"
        },
        {
          "klass": "TutorLearnableMove",
          "move": "foul_play"
        },
        {
          "klass": "TechLearnableMove",
          "move": "roar"
        },
        {
          "klass": "TechLearnableMove",
          "move": "toxic"
        },
        {
          "klass": "TechLearnableMove",
          "move": "hidden_power"
        },
        {
          "klass": "TechLearnableMove",
          "move": "taunt"
        },
        {
          "klass": "TechLearnableMove",
          "move": "protect"
        },
        {
          "klass": "TechLearnableMove",
          "move": "frustration"
        },
        {
          "klass": "TechLearnableMove",
          "move": "earthquake"
        },
        {
          "klass": "TechLearnableMove",
          "move": "return"
        },
        {
          "klass": "TechLearnableMove",
          "move": "brick_break"
        },
        {
          "klass": "TechLearnableMove",
          "move": "double_team"
        },
        {
          "klass": "TechLearnableMove",
          "move": "sludge_bomb"
        },
        {
          "klass": "TechLearnableMove",
          "move": "sandstorm"
        },
        {
          "klass": "TechLearnableMove",
          "move": "rock_tomb"
        },
        {
          "klass": "TechLearnableMove",
          "move": "torment"
        },
        {
          "klass": "TechLearnableMove",
          "move": "facade"
        },
        {
          "klass": "TechLearnableMove",
          "move": "rest"
        },
        {
          "klass": "TechLearnableMove",
          "move": "attract"
        },
        {
          "klass": "TechLearnableMove",
          "move": "thief"
        },
        {
          "klass": "TechLearnableMove",
          "move": "low_sweep"
        },
        {
          "klass": "TechLearnableMove",
          "move": "round"
        },
        {
          "klass": "TechLearnableMove",
          "move": "fling"
        },
        {
          "klass": "TechLearnableMove",
          "move": "brutal_swing"
        },
        {
          "klass": "TechLearnableMove",
          "move": "embargo"
        },
        {
          "klass": "TechLearnableMove",
          "move": "shadow_claw"
        },
        {
          "klass": "TechLearnableMove",
          "move": "payback"
        },
        {
          "klass": "TechLearnableMove",
          "move": "stone_edge"
        },
        {
          "klass": "TechLearnableMove",
          "move": "bulldoze"
        },
        {
          "klass": "TechLearnableMove",
          "move": "rock_slide"
        },
        {
          "klass": "TechLearnableMove",
          "move": "grass_knot"
        },
        {
          "klass": "TechLearnableMove",
          "move": "swagger"
        },
        {
          "klass": "TechLearnableMove",
          "move": "sleep_talk"
        },
        {
          "klass": "TechLearnableMove",
          "move": "substitute"
        },
        {
          "klass": "TechLearnableMove",
          "move": "snarl"
        },
        {
          "klass": "TechLearnableMove",
          "move": "dark_pulse"
        },
        {
          "klass": "TechLearnableMove",
          "move": "confide"
        },
        {
          "klass": "TechLearnableMove",
          "move": "secret_power"
        },
        {
          "klass": "TechLearnableMove",
          "move": "power_up_punch"
        },
        {
          "klass": "TechLearnableMove",
          "move": "cut"
        },
        {
          "klass": "TechLearnableMove",
          "move": "strength"
        },
        {
          "klass": "TechLearnableMove",
          "move": "rock_smash"
        },
        {
          "klass": "TechLearnableMove",
          "move": "rock_climb"
        }
      ],
      "resources": {
        "icon": "552",
        "iconShiny": "",
        "front": "552",
        "frontShiny": "552",
        "back": "552",
        "backShiny": "552",
        "footprint": "552",
        "character": "552_0",
        "characterShiny": "552s_0",
        "cry": "552cry.ogg",
        "hasFemale": false
      }
    }
  ]
}