{
  "klass": "Specie",
  "id": 645,
  "dbSymbol": "landorus",
  "forms": [
    {
      "form": 0,
      "height": 1.5,
      "weight": 68,
      "type1": "ground",
      "type2": "flying",
      "baseHp": 89,
      "baseAtk": 125,
      "baseDfe": 90,
      "baseSpd": 101,
      "baseAts": 115,
      "baseDfs": 80,
      "evHp": 0,
      "evAtk": 0,
      "evDfe": 0,
      "evSpd": 0,
      "evAts": 3,
      "evDfs": 0,
      "evolutions": [],
      "experienceType": 2,
      "baseExperience": 270,
      "baseLoyalty": 90,
      "catchRate": 3,
      "femaleRate": 0,
      "breedGroups": [
        15,
        15
      ],
      "hatchSteps": 30720,
      "babyDbSymbol": "__undef__",
      "babyForm": 0,
      "itemHeld": [
        {
          "dbSymbol": "none",
          "chance": 0
        },
        {
          "dbSymbol": "none",
          "chance": 0
        }
      ],
      "abilities": [
        "sand_force",
        "sand_force",
        "sheer_force"
      ],
      "frontOffsetY": 0,
      "moveSet": [
        {
          "klass": "LevelLearnableMove",
          "move": "fissure",
          "level": 1
        },
        {
          "klass": "LevelLearnableMove",
          "move": "block",
          "level": 1
        },
        {
          "klass": "LevelLearnableMove",
          "move": "outrage",
          "level": 1
        },
        {
          "klass": "LevelLearnableMove",
          "move": "hammer_arm",
          "level": 1
        },
        {
          "klass": "LevelLearnableMove",
          "move": "rock_tomb",
          "level": 1
        },
        {
          "klass": "LevelLearnableMove",
          "move": "imprison",
          "level": 1
        },
        {
          "klass": "LevelLearnableMove",
          "move": "mud_shot",
          "level": 1
        },
        {
          "klass": "LevelLearnableMove",
          "move": "punishment",
          "level": 7
        },
        {
          "klass": "LevelLearnableMove",
          "move": "bulldoze",
          "level": 13
        },
        {
          "klass": "LevelLearnableMove",
          "move": "rock_throw",
          "level": 19
        },
        {
          "klass": "LevelLearnableMove",
          "move": "extrasensory",
          "level": 25
        },
        {
          "klass": "LevelLearnableMove",
          "move": "swords_dance",
          "level": 31
        },
        {
          "klass": "LevelLearnableMove",
          "move": "earth_power",
          "level": 37
        },
        {
          "klass": "LevelLearnableMove",
          "move": "rock_slide",
          "level": 43
        },
        {
          "klass": "LevelLearnableMove",
          "move": "earthquake",
          "level": 49
        },
        {
          "klass": "LevelLearnableMove",
          "move": "sandstorm",
          "level": 55
        },
        {
          "klass": "LevelLearnableMove",
          "move": "fissure",
          "level": 61
        },
        {
          "klass": "LevelLearnableMove",
          "move": "stone_edge",
          "level": 67
        },
        {
          "klass": "LevelLearnableMove",
          "move": "hammer_arm",
          "level": 73
        },
        {
          "klass": "LevelLearnableMove",
          "move": "outrage",
          "level": 79
        },
        {
          "klass": "TutorLearnableMove",
          "move": "defog"
        },
        {
          "klass": "TutorLearnableMove",
          "move": "block"
        },
        {
          "klass": "TutorLearnableMove",
          "move": "outrage"
        },
        {
          "klass": "TutorLearnableMove",
          "move": "gravity"
        },
        {
          "klass": "TutorLearnableMove",
          "move": "role_play"
        },
        {
          "klass": "TutorLearnableMove",
          "move": "stealth_rock"
        },
        {
          "klass": "TutorLearnableMove",
          "move": "iron_tail"
        },
        {
          "klass": "TutorLearnableMove",
          "move": "snore"
        },
        {
          "klass": "TutorLearnableMove",
          "move": "knock_off"
        },
        {
          "klass": "TutorLearnableMove",
          "move": "superpower"
        },
        {
          "klass": "TutorLearnableMove",
          "move": "earth_power"
        },
        {
          "klass": "TechLearnableMove",
          "move": "calm_mind"
        },
        {
          "klass": "TechLearnableMove",
          "move": "toxic"
        },
        {
          "klass": "TechLearnableMove",
          "move": "bulk_up"
        },
        {
          "klass": "TechLearnableMove",
          "move": "hidden_power"
        },
        {
          "klass": "TechLearnableMove",
          "move": "hyper_beam"
        },
        {
          "klass": "TechLearnableMove",
          "move": "protect"
        },
        {
          "klass": "TechLearnableMove",
          "move": "frustration"
        },
        {
          "klass": "TechLearnableMove",
          "move": "smack_down"
        },
        {
          "klass": "TechLearnableMove",
          "move": "earthquake"
        },
        {
          "klass": "TechLearnableMove",
          "move": "return"
        },
        {
          "klass": "TechLearnableMove",
          "move": "psychic"
        },
        {
          "klass": "TechLearnableMove",
          "move": "brick_break"
        },
        {
          "klass": "TechLearnableMove",
          "move": "double_team"
        },
        {
          "klass": "TechLearnableMove",
          "move": "sludge_wave"
        },
        {
          "klass": "TechLearnableMove",
          "move": "sludge_bomb"
        },
        {
          "klass": "TechLearnableMove",
          "move": "sandstorm"
        },
        {
          "klass": "TechLearnableMove",
          "move": "rock_tomb"
        },
        {
          "klass": "TechLearnableMove",
          "move": "facade"
        },
        {
          "klass": "TechLearnableMove",
          "move": "rest"
        },
        {
          "klass": "TechLearnableMove",
          "move": "attract"
        },
        {
          "klass": "TechLearnableMove",
          "move": "round"
        },
        {
          "klass": "TechLearnableMove",
          "move": "focus_blast"
        },
        {
          "klass": "TechLearnableMove",
          "move": "fling"
        },
        {
          "klass": "TechLearnableMove",
          "move": "brutal_swing"
        },
        {
          "klass": "TechLearnableMove",
          "move": "explosion"
        },
        {
          "klass": "TechLearnableMove",
          "move": "payback"
        },
        {
          "klass": "TechLearnableMove",
          "move": "giga_impact"
        },
        {
          "klass": "TechLearnableMove",
          "move": "rock_polish"
        },
        {
          "klass": "TechLearnableMove",
          "move": "stone_edge"
        },
        {
          "klass": "TechLearnableMove",
          "move": "swords_dance"
        },
        {
          "klass": "TechLearnableMove",
          "move": "fly"
        },
        {
          "klass": "TechLearnableMove",
          "move": "bulldoze"
        },
        {
          "klass": "TechLearnableMove",
          "move": "rock_slide"
        },
        {
          "klass": "TechLearnableMove",
          "move": "grass_knot"
        },
        {
          "klass": "TechLearnableMove",
          "move": "swagger"
        },
        {
          "klass": "TechLearnableMove",
          "move": "sleep_talk"
        },
        {
          "klass": "TechLearnableMove",
          "move": "u_turn"
        },
        {
          "klass": "TechLearnableMove",
          "move": "substitute"
        },
        {
          "klass": "TechLearnableMove",
          "move": "confide"
        },
        {
          "klass": "TechLearnableMove",
          "move": "secret_power"
        },
        {
          "klass": "TechLearnableMove",
          "move": "strength"
        },
        {
          "klass": "TechLearnableMove",
          "move": "rock_smash"
        }
      ],
      "resources": {
        "icon": "645",
        "iconShiny": "",
        "front": "645",
        "frontShiny": "645",
        "back": "645",
        "backShiny": "645",
        "footprint": "645",
        "character": "645_0",
        "characterShiny": "645s_0",
        "cry": "645cry.ogg",
        "hasFemale": false
      }
    },
    {
      "form": 1,
      "height": 1.3,
      "weight": 68,
      "type1": "ground",
      "type2": "flying",
      "baseHp": 89,
      "baseAtk": 145,
      "baseDfe": 90,
      "baseSpd": 91,
      "baseAts": 105,
      "baseDfs": 80,
      "evHp": 0,
      "evAtk": 3,
      "evDfe": 0,
      "evSpd": 0,
      "evAts": 0,
      "evDfs": 0,
      "evolutions": [],
      "experienceType": 2,
      "baseExperience": 270,
      "baseLoyalty": 90,
      "catchRate": 3,
      "femaleRate": 0,
      "breedGroups": [
        15,
        15
      ],
      "hatchSteps": 30720,
      "babyDbSymbol": "__undef__",
      "babyForm": 1,
      "itemHeld": [
        {
          "dbSymbol": "none",
          "chance": 0
        },
        {
          "dbSymbol": "none",
          "chance": 0
        }
      ],
      "abilities": [
        "intimidate",
        "intimidate",
        "intimidate"
      ],
      "frontOffsetY": 0,
      "moveSet": [
        {
          "klass": "LevelLearnableMove",
          "move": "fissure",
          "level": 1
        },
        {
          "klass": "LevelLearnableMove",
          "move": "block",
          "level": 1
        },
        {
          "klass": "LevelLearnableMove",
          "move": "outrage",
          "level": 1
        },
        {
          "klass": "LevelLearnableMove",
          "move": "hammer_arm",
          "level": 1
        },
        {
          "klass": "LevelLearnableMove",
          "move": "rock_tomb",
          "level": 1
        },
        {
          "klass": "LevelLearnableMove",
          "move": "mud_shot",
          "level": 1
        },
        {
          "klass": "LevelLearnableMove",
          "move": "imprison",
          "level": 1
        },
        {
          "klass": "LevelLearnableMove",
          "move": "punishment",
          "level": 7
        },
        {
          "klass": "LevelLearnableMove",
          "move": "bulldoze",
          "level": 13
        },
        {
          "klass": "LevelLearnableMove",
          "move": "rock_throw",
          "level": 19
        },
        {
          "klass": "LevelLearnableMove",
          "move": "extrasensory",
          "level": 25
        },
        {
          "klass": "LevelLearnableMove",
          "move": "swords_dance",
          "level": 31
        },
        {
          "klass": "LevelLearnableMove",
          "move": "earth_power",
          "level": 37
        },
        {
          "klass": "LevelLearnableMove",
          "move": "rock_slide",
          "level": 43
        },
        {
          "klass": "LevelLearnableMove",
          "move": "earthquake",
          "level": 49
        },
        {
          "klass": "LevelLearnableMove",
          "move": "sandstorm",
          "level": 55
        },
        {
          "klass": "LevelLearnableMove",
          "move": "fissure",
          "level": 61
        },
        {
          "klass": "LevelLearnableMove",
          "move": "stone_edge",
          "level": 67
        },
        {
          "klass": "LevelLearnableMove",
          "move": "hammer_arm",
          "level": 73
        },
        {
          "klass": "LevelLearnableMove",
          "move": "outrage",
          "level": 79
        },
        {
          "klass": "TutorLearnableMove",
          "move": "defog"
        },
        {
          "klass": "TutorLearnableMove",
          "move": "block"
        },
        {
          "klass": "TutorLearnableMove",
          "move": "outrage"
        },
        {
          "klass": "TutorLearnableMove",
          "move": "gravity"
        },
        {
          "klass": "TutorLearnableMove",
          "move": "role_play"
        },
        {
          "klass": "TutorLearnableMove",
          "move": "stealth_rock"
        },
        {
          "klass": "TutorLearnableMove",
          "move": "iron_tail"
        },
        {
          "klass": "TutorLearnableMove",
          "move": "snore"
        },
        {
          "klass": "TutorLearnableMove",
          "move": "knock_off"
        },
        {
          "klass": "TutorLearnableMove",
          "move": "superpower"
        },
        {
          "klass": "TutorLearnableMove",
          "move": "earth_power"
        },
        {
          "klass": "TechLearnableMove",
          "move": "calm_mind"
        },
        {
          "klass": "TechLearnableMove",
          "move": "toxic"
        },
        {
          "klass": "TechLearnableMove",
          "move": "bulk_up"
        },
        {
          "klass": "TechLearnableMove",
          "move": "hidden_power"
        },
        {
          "klass": "TechLearnableMove",
          "move": "hyper_beam"
        },
        {
          "klass": "TechLearnableMove",
          "move": "protect"
        },
        {
          "klass": "TechLearnableMove",
          "move": "frustration"
        },
        {
          "klass": "TechLearnableMove",
          "move": "smack_down"
        },
        {
          "klass": "TechLearnableMove",
          "move": "earthquake"
        },
        {
          "klass": "TechLearnableMove",
          "move": "return"
        },
        {
          "klass": "TechLearnableMove",
          "move": "psychic"
        },
        {
          "klass": "TechLearnableMove",
          "move": "brick_break"
        },
        {
          "klass": "TechLearnableMove",
          "move": "double_team"
        },
        {
          "klass": "TechLearnableMove",
          "move": "sludge_wave"
        },
        {
          "klass": "TechLearnableMove",
          "move": "sludge_bomb"
        },
        {
          "klass": "TechLearnableMove",
          "move": "sandstorm"
        },
        {
          "klass": "TechLearnableMove",
          "move": "rock_tomb"
        },
        {
          "klass": "TechLearnableMove",
          "move": "facade"
        },
        {
          "klass": "TechLearnableMove",
          "move": "rest"
        },
        {
          "klass": "TechLearnableMove",
          "move": "attract"
        },
        {
          "klass": "TechLearnableMove",
          "move": "round"
        },
        {
          "klass": "TechLearnableMove",
          "move": "focus_blast"
        },
        {
          "klass": "TechLearnableMove",
          "move": "fling"
        },
        {
          "klass": "TechLearnableMove",
          "move": "brutal_swing"
        },
        {
          "klass": "TechLearnableMove",
          "move": "explosion"
        },
        {
          "klass": "TechLearnableMove",
          "move": "payback"
        },
        {
          "klass": "TechLearnableMove",
          "move": "giga_impact"
        },
        {
          "klass": "TechLearnableMove",
          "move": "rock_polish"
        },
        {
          "klass": "TechLearnableMove",
          "move": "stone_edge"
        },
        {
          "klass": "TechLearnableMove",
          "move": "swords_dance"
        },
        {
          "klass": "TechLearnableMove",
          "move": "fly"
        },
        {
          "klass": "TechLearnableMove",
          "move": "bulldoze"
        },
        {
          "klass": "TechLearnableMove",
          "move": "rock_slide"
        },
        {
          "klass": "TechLearnableMove",
          "move": "grass_knot"
        },
        {
          "klass": "TechLearnableMove",
          "move": "swagger"
        },
        {
          "klass": "TechLearnableMove",
          "move": "sleep_talk"
        },
        {
          "klass": "TechLearnableMove",
          "move": "u_turn"
        },
        {
          "klass": "TechLearnableMove",
          "move": "substitute"
        },
        {
          "klass": "TechLearnableMove",
          "move": "confide"
        },
        {
          "klass": "TechLearnableMove",
          "move": "secret_power"
        },
        {
          "klass": "TechLearnableMove",
          "move": "strength"
        },
        {
          "klass": "TechLearnableMove",
          "move": "rock_smash"
        }
      ],
      "resources": {
        "icon": "645_01",
        "iconShiny": "",
        "front": "645_01",
        "frontShiny": "645_01",
        "back": "645_01",
        "backShiny": "645_01",
        "footprint": "645",
        "character": "",
        "characterShiny": "",
        "cry": "645cry.ogg",
        "hasFemale": false
      }
    }
  ]
}