{
  "klass": "Specie",
  "id": 171,
  "dbSymbol": "lanturn",
  "forms": [
    {
      "form": 0,
      "height": 1.2,
      "weight": 22.5,
      "type1": "water",
      "type2": "electric",
      "baseHp": 125,
      "baseAtk": 58,
      "baseDfe": 58,
      "baseSpd": 67,
      "baseAts": 76,
      "baseDfs": 76,
      "evHp": 2,
      "evAtk": 0,
      "evDfe": 0,
      "evSpd": 0,
      "evAts": 0,
      "evDfs": 0,
      "evolutions": [],
      "experienceType": 2,
      "baseExperience": 161,
      "baseLoyalty": 70,
      "catchRate": 75,
      "femaleRate": 50,
      "breedGroups": [
        12,
        12
      ],
      "hatchSteps": 5120,
      "babyDbSymbol": "chinchou",
      "babyForm": 0,
      "itemHeld": [
        {
          "dbSymbol": "deep_sea_scale",
          "chance": 5
        },
        {
          "dbSymbol": "none",
          "chance": 0
        }
      ],
      "abilities": [
        "volt_absorb",
        "illuminate",
        "water_absorb"
      ],
      "frontOffsetY": 0,
      "moveSet": [
        {
          "klass": "LevelLearnableMove",
          "move": "supersonic",
          "level": 1
        },
        {
          "klass": "LevelLearnableMove",
          "move": "bubble",
          "level": 1
        },
        {
          "klass": "LevelLearnableMove",
          "move": "electro_ball",
          "level": 1
        },
        {
          "klass": "LevelLearnableMove",
          "move": "thunder_wave",
          "level": 1
        },
        {
          "klass": "LevelLearnableMove",
          "move": "eerie_impulse",
          "level": 1
        },
        {
          "klass": "LevelLearnableMove",
          "move": "stockpile",
          "level": 1
        },
        {
          "klass": "LevelLearnableMove",
          "move": "spotlight",
          "level": 1
        },
        {
          "klass": "LevelLearnableMove",
          "move": "spit_up",
          "level": 1
        },
        {
          "klass": "LevelLearnableMove",
          "move": "swallow",
          "level": 1
        },
        {
          "klass": "LevelLearnableMove",
          "move": "thunder_wave",
          "level": 6
        },
        {
          "klass": "LevelLearnableMove",
          "move": "electro_ball",
          "level": 9
        },
        {
          "klass": "LevelLearnableMove",
          "move": "water_gun",
          "level": 12
        },
        {
          "klass": "LevelLearnableMove",
          "move": "confuse_ray",
          "level": 17
        },
        {
          "klass": "LevelLearnableMove",
          "move": "bubble_beam",
          "level": 20
        },
        {
          "klass": "LevelLearnableMove",
          "move": "spark",
          "level": 23
        },
        {
          "klass": "LevelLearnableMove",
          "move": "signal_beam",
          "level": 29
        },
        {
          "klass": "LevelLearnableMove",
          "move": "flail",
          "level": 33
        },
        {
          "klass": "LevelLearnableMove",
          "move": "discharge",
          "level": 37
        },
        {
          "klass": "LevelLearnableMove",
          "move": "take_down",
          "level": 43
        },
        {
          "klass": "LevelLearnableMove",
          "move": "aqua_ring",
          "level": 47
        },
        {
          "klass": "LevelLearnableMove",
          "move": "hydro_pump",
          "level": 51
        },
        {
          "klass": "LevelLearnableMove",
          "move": "ion_deluge",
          "level": 54
        },
        {
          "klass": "LevelLearnableMove",
          "move": "charge",
          "level": 58
        },
        {
          "klass": "TutorLearnableMove",
          "move": "heal_bell"
        },
        {
          "klass": "TutorLearnableMove",
          "move": "shock_wave"
        },
        {
          "klass": "TutorLearnableMove",
          "move": "signal_beam"
        },
        {
          "klass": "TutorLearnableMove",
          "move": "bounce"
        },
        {
          "klass": "TutorLearnableMove",
          "move": "snore"
        },
        {
          "klass": "TutorLearnableMove",
          "move": "aqua_tail"
        },
        {
          "klass": "TutorLearnableMove",
          "move": "icy_wind"
        },
        {
          "klass": "TutorLearnableMove",
          "move": "water_pulse"
        },
        {
          "klass": "TechLearnableMove",
          "move": "toxic"
        },
        {
          "klass": "TechLearnableMove",
          "move": "hail"
        },
        {
          "klass": "TechLearnableMove",
          "move": "hidden_power"
        },
        {
          "klass": "TechLearnableMove",
          "move": "ice_beam"
        },
        {
          "klass": "TechLearnableMove",
          "move": "blizzard"
        },
        {
          "klass": "TechLearnableMove",
          "move": "hyper_beam"
        },
        {
          "klass": "TechLearnableMove",
          "move": "protect"
        },
        {
          "klass": "TechLearnableMove",
          "move": "rain_dance"
        },
        {
          "klass": "TechLearnableMove",
          "move": "frustration"
        },
        {
          "klass": "TechLearnableMove",
          "move": "thunderbolt"
        },
        {
          "klass": "TechLearnableMove",
          "move": "thunder"
        },
        {
          "klass": "TechLearnableMove",
          "move": "return"
        },
        {
          "klass": "TechLearnableMove",
          "move": "double_team"
        },
        {
          "klass": "TechLearnableMove",
          "move": "facade"
        },
        {
          "klass": "TechLearnableMove",
          "move": "rest"
        },
        {
          "klass": "TechLearnableMove",
          "move": "attract"
        },
        {
          "klass": "TechLearnableMove",
          "move": "round"
        },
        {
          "klass": "TechLearnableMove",
          "move": "scald"
        },
        {
          "klass": "TechLearnableMove",
          "move": "charge_beam"
        },
        {
          "klass": "TechLearnableMove",
          "move": "giga_impact"
        },
        {
          "klass": "TechLearnableMove",
          "move": "volt_switch"
        },
        {
          "klass": "TechLearnableMove",
          "move": "thunder_wave"
        },
        {
          "klass": "TechLearnableMove",
          "move": "swagger"
        },
        {
          "klass": "TechLearnableMove",
          "move": "sleep_talk"
        },
        {
          "klass": "TechLearnableMove",
          "move": "substitute"
        },
        {
          "klass": "TechLearnableMove",
          "move": "wild_charge"
        },
        {
          "klass": "TechLearnableMove",
          "move": "surf"
        },
        {
          "klass": "TechLearnableMove",
          "move": "waterfall"
        },
        {
          "klass": "TechLearnableMove",
          "move": "dazzling_gleam"
        },
        {
          "klass": "TechLearnableMove",
          "move": "confide"
        },
        {
          "klass": "TechLearnableMove",
          "move": "secret_power"
        },
        {
          "klass": "TechLearnableMove",
          "move": "whirlpool"
        },
        {
          "klass": "EvolutionLearnableMove",
          "move": "swallow"
        },
        {
          "klass": "EvolutionLearnableMove",
          "move": "spit_up"
        },
        {
          "klass": "EvolutionLearnableMove",
          "move": "stockpile"
        }
      ],
      "resources": {
        "icon": "171",
        "iconShiny": "",
        "front": "171",
        "frontShiny": "171",
        "back": "171",
        "backShiny": "171",
        "footprint": "171",
        "character": "171_0",
        "characterShiny": "171s_0",
        "cry": "171cry.ogg",
        "hasFemale": false
      }
    }
  ]
}
