{
  "klass": "Specie",
  "id": 131,
  "dbSymbol": "lapras",
  "forms": [
    {
      "form": 0,
      "height": 2.5,
      "weight": 220,
      "type1": "water",
      "type2": "ice",
      "baseHp": 130,
      "baseAtk": 85,
      "baseDfe": 80,
      "baseSpd": 60,
      "baseAts": 85,
      "baseDfs": 95,
      "evHp": 2,
      "evAtk": 0,
      "evDfe": 0,
      "evSpd": 0,
      "evAts": 0,
      "evDfs": 0,
      "evolutions": [],
      "experienceType": 2,
      "baseExperience": 187,
      "baseLoyalty": 70,
      "catchRate": 45,
      "femaleRate": 50,
      "breedGroups": [
        1,
        2
      ],
      "hatchSteps": 10240,
      "babyDbSymbol": "lapras",
      "babyForm": 0,
      "itemHeld": [
        {
          "dbSymbol": "none",
          "chance": 0
        },
        {
          "dbSymbol": "none",
          "chance": 0
        }
      ],
      "abilities": [
        "water_absorb",
        "shell_armor",
        "hydration"
      ],
      "frontOffsetY": 0,
      "moveSet": [
        {
          "klass": "LevelLearnableMove",
          "move": "sing",
          "level": 1
        },
        {
          "klass": "LevelLearnableMove",
          "move": "water_gun",
          "level": 1
        },
        {
          "klass": "LevelLearnableMove",
          "move": "growl",
          "level": 1
        },
        {
          "klass": "LevelLearnableMove",
          "move": "mist",
          "level": 4
        },
        {
          "klass": "LevelLearnableMove",
          "move": "confuse_ray",
          "level": 7
        },
        {
          "klass": "LevelLearnableMove",
          "move": "ice_shard",
          "level": 10
        },
        {
          "klass": "LevelLearnableMove",
          "move": "water_pulse",
          "level": 14
        },
        {
          "klass": "LevelLearnableMove",
          "move": "body_slam",
          "level": 18
        },
        {
          "klass": "LevelLearnableMove",
          "move": "rain_dance",
          "level": 22
        },
        {
          "klass": "LevelLearnableMove",
          "move": "perish_song",
          "level": 27
        },
        {
          "klass": "LevelLearnableMove",
          "move": "ice_beam",
          "level": 32
        },
        {
          "klass": "LevelLearnableMove",
          "move": "brine",
          "level": 37
        },
        {
          "klass": "LevelLearnableMove",
          "move": "safeguard",
          "level": 43
        },
        {
          "klass": "LevelLearnableMove",
          "move": "hydro_pump",
          "level": 47
        },
        {
          "klass": "LevelLearnableMove",
          "move": "sheer_cold",
          "level": 50
        },
        {
          "klass": "TutorLearnableMove",
          "move": "block"
        },
        {
          "klass": "TutorLearnableMove",
          "move": "outrage"
        },
        {
          "klass": "TutorLearnableMove",
          "move": "dragon_pulse"
        },
        {
          "klass": "TutorLearnableMove",
          "move": "heal_bell"
        },
        {
          "klass": "TutorLearnableMove",
          "move": "aqua_tail"
        },
        {
          "klass": "TutorLearnableMove",
          "move": "hyper_voice"
        },
        {
          "klass": "TutorLearnableMove",
          "move": "shock_wave"
        },
        {
          "klass": "TutorLearnableMove",
          "move": "iron_tail"
        },
        {
          "klass": "TutorLearnableMove",
          "move": "signal_beam"
        },
        {
          "klass": "TutorLearnableMove",
          "move": "snore"
        },
        {
          "klass": "TutorLearnableMove",
          "move": "iron_head"
        },
        {
          "klass": "TutorLearnableMove",
          "move": "zen_headbutt"
        },
        {
          "klass": "TutorLearnableMove",
          "move": "drill_run"
        },
        {
          "klass": "TutorLearnableMove",
          "move": "icy_wind"
        },
        {
          "klass": "TutorLearnableMove",
          "move": "water_pulse"
        },
        {
          "klass": "TechLearnableMove",
          "move": "roar"
        },
        {
          "klass": "TechLearnableMove",
          "move": "toxic"
        },
        {
          "klass": "TechLearnableMove",
          "move": "hail"
        },
        {
          "klass": "TechLearnableMove",
          "move": "hidden_power"
        },
        {
          "klass": "TechLearnableMove",
          "move": "ice_beam"
        },
        {
          "klass": "TechLearnableMove",
          "move": "blizzard"
        },
        {
          "klass": "TechLearnableMove",
          "move": "hyper_beam"
        },
        {
          "klass": "TechLearnableMove",
          "move": "protect"
        },
        {
          "klass": "TechLearnableMove",
          "move": "rain_dance"
        },
        {
          "klass": "TechLearnableMove",
          "move": "safeguard"
        },
        {
          "klass": "TechLearnableMove",
          "move": "frustration"
        },
        {
          "klass": "TechLearnableMove",
          "move": "thunderbolt"
        },
        {
          "klass": "TechLearnableMove",
          "move": "thunder"
        },
        {
          "klass": "TechLearnableMove",
          "move": "return"
        },
        {
          "klass": "TechLearnableMove",
          "move": "psychic"
        },
        {
          "klass": "TechLearnableMove",
          "move": "double_team"
        },
        {
          "klass": "TechLearnableMove",
          "move": "facade"
        },
        {
          "klass": "TechLearnableMove",
          "move": "rest"
        },
        {
          "klass": "TechLearnableMove",
          "move": "attract"
        },
        {
          "klass": "TechLearnableMove",
          "move": "round"
        },
        {
          "klass": "TechLearnableMove",
          "move": "echoed_voice"
        },
        {
          "klass": "TechLearnableMove",
          "move": "smart_strike"
        },
        {
          "klass": "TechLearnableMove",
          "move": "giga_impact"
        },
        {
          "klass": "TechLearnableMove",
          "move": "bulldoze"
        },
        {
          "klass": "TechLearnableMove",
          "move": "frost_breath"
        },
        {
          "klass": "TechLearnableMove",
          "move": "dream_eater"
        },
        {
          "klass": "TechLearnableMove",
          "move": "swagger"
        },
        {
          "klass": "TechLearnableMove",
          "move": "sleep_talk"
        },
        {
          "klass": "TechLearnableMove",
          "move": "substitute"
        },
        {
          "klass": "TechLearnableMove",
          "move": "surf"
        },
        {
          "klass": "TechLearnableMove",
          "move": "waterfall"
        },
        {
          "klass": "TechLearnableMove",
          "move": "confide"
        },
        {
          "klass": "TechLearnableMove",
          "move": "secret_power"
        },
        {
          "klass": "TechLearnableMove",
          "move": "strength"
        },
        {
          "klass": "TechLearnableMove",
          "move": "rock_smash"
        },
        {
          "klass": "TechLearnableMove",
          "move": "whirlpool"
        },
        {
          "klass": "BreedLearnableMove",
          "move": "ancient_power"
        },
        {
          "klass": "BreedLearnableMove",
          "move": "avalanche"
        },
        {
          "klass": "BreedLearnableMove",
          "move": "curse"
        },
        {
          "klass": "BreedLearnableMove",
          "move": "dragon_dance"
        },
        {
          "klass": "BreedLearnableMove",
          "move": "dragon_pulse"
        },
        {
          "klass": "BreedLearnableMove",
          "move": "fissure"
        },
        {
          "klass": "BreedLearnableMove",
          "move": "foresight"
        },
        {
          "klass": "BreedLearnableMove",
          "move": "freeze_dry"
        },
        {
          "klass": "BreedLearnableMove",
          "move": "future_sight"
        },
        {
          "klass": "BreedLearnableMove",
          "move": "horn_drill"
        },
        {
          "klass": "BreedLearnableMove",
          "move": "refresh"
        },
        {
          "klass": "BreedLearnableMove",
          "move": "sleep_talk"
        },
        {
          "klass": "BreedLearnableMove",
          "move": "tickle"
        },
        {
          "klass": "BreedLearnableMove",
          "move": "whirlpool"
        }
      ],
      "resources": {
        "icon": "131",
        "iconShiny": "",
        "front": "131",
        "frontShiny": "131",
        "back": "131",
        "backShiny": "131",
        "footprint": "131",
        "character": "131_0",
        "characterShiny": "131s_0",
        "cry": "131cry.ogg",
        "hasFemale": false
      }
    }
  ]
}
