{
  "klass": "Specie",
  "id": 246,
  "dbSymbol": "larvitar",
  "forms": [
    {
      "form": 0,
      "height": 0.6,
      "weight": 72,
      "type1": "rock",
      "type2": "ground",
      "baseHp": 50,
      "baseAtk": 64,
      "baseDfe": 50,
      "baseSpd": 41,
      "baseAts": 45,
      "baseDfs": 50,
      "evHp": 0,
      "evAtk": 1,
      "evDfe": 0,
      "evSpd": 0,
      "evAts": 0,
      "evDfs": 0,
      "evolutions": [
        {
          "dbSymbol": "pupitar",
          "form": 0,
          "conditions": [
            {
              "type": "minLevel",
              "value": 30
            }
          ]
        }
      ],
      "experienceType": 2,
      "baseExperience": 60,
      "baseLoyalty": 35,
      "catchRate": 45,
      "femaleRate": 50,
      "breedGroups": [
        1,
        1
      ],
      "hatchSteps": 10240,
      "babyDbSymbol": "larvitar",
      "babyForm": 0,
      "itemHeld": [
        {
          "dbSymbol": "none",
          "chance": 0
        },
        {
          "dbSymbol": "none",
          "chance": 0
        }
      ],
      "abilities": [
        "guts",
        "guts",
        "sand_veil"
      ],
      "frontOffsetY": 0,
      "moveSet": [
        {
          "klass": "LevelLearnableMove",
          "move": "leer",
          "level": 1
        },
        {
          "klass": "LevelLearnableMove",
          "move": "bite",
          "level": 1
        },
        {
          "klass": "LevelLearnableMove",
          "move": "sandstorm",
          "level": 5
        },
        {
          "klass": "LevelLearnableMove",
          "move": "screech",
          "level": 10
        },
        {
          "klass": "LevelLearnableMove",
          "move": "chip_away",
          "level": 14
        },
        {
          "klass": "LevelLearnableMove",
          "move": "rock_slide",
          "level": 19
        },
        {
          "klass": "LevelLearnableMove",
          "move": "scary_face",
          "level": 23
        },
        {
          "klass": "LevelLearnableMove",
          "move": "thrash",
          "level": 28
        },
        {
          "klass": "LevelLearnableMove",
          "move": "dark_pulse",
          "level": 32
        },
        {
          "klass": "LevelLearnableMove",
          "move": "payback",
          "level": 37
        },
        {
          "klass": "LevelLearnableMove",
          "move": "crunch",
          "level": 41
        },
        {
          "klass": "LevelLearnableMove",
          "move": "earthquake",
          "level": 46
        },
        {
          "klass": "LevelLearnableMove",
          "move": "stone_edge",
          "level": 50
        },
        {
          "klass": "LevelLearnableMove",
          "move": "hyper_beam",
          "level": 55
        },
        {
          "klass": "TutorLearnableMove",
          "move": "outrage"
        },
        {
          "klass": "TutorLearnableMove",
          "move": "spite"
        },
        {
          "klass": "TutorLearnableMove",
          "move": "iron_defense"
        },
        {
          "klass": "TutorLearnableMove",
          "move": "stealth_rock"
        },
        {
          "klass": "TutorLearnableMove",
          "move": "iron_tail"
        },
        {
          "klass": "TutorLearnableMove",
          "move": "snore"
        },
        {
          "klass": "TutorLearnableMove",
          "move": "superpower"
        },
        {
          "klass": "TutorLearnableMove",
          "move": "earth_power"
        },
        {
          "klass": "TutorLearnableMove",
          "move": "iron_head"
        },
        {
          "klass": "TutorLearnableMove",
          "move": "uproar"
        },
        {
          "klass": "TechLearnableMove",
          "move": "toxic"
        },
        {
          "klass": "TechLearnableMove",
          "move": "hidden_power"
        },
        {
          "klass": "TechLearnableMove",
          "move": "sunny_day"
        },
        {
          "klass": "TechLearnableMove",
          "move": "taunt"
        },
        {
          "klass": "TechLearnableMove",
          "move": "hyper_beam"
        },
        {
          "klass": "TechLearnableMove",
          "move": "protect"
        },
        {
          "klass": "TechLearnableMove",
          "move": "rain_dance"
        },
        {
          "klass": "TechLearnableMove",
          "move": "frustration"
        },
        {
          "klass": "TechLearnableMove",
          "move": "smack_down"
        },
        {
          "klass": "TechLearnableMove",
          "move": "earthquake"
        },
        {
          "klass": "TechLearnableMove",
          "move": "return"
        },
        {
          "klass": "TechLearnableMove",
          "move": "brick_break"
        },
        {
          "klass": "TechLearnableMove",
          "move": "double_team"
        },
        {
          "klass": "TechLearnableMove",
          "move": "sandstorm"
        },
        {
          "klass": "TechLearnableMove",
          "move": "rock_tomb"
        },
        {
          "klass": "TechLearnableMove",
          "move": "torment"
        },
        {
          "klass": "TechLearnableMove",
          "move": "facade"
        },
        {
          "klass": "TechLearnableMove",
          "move": "rest"
        },
        {
          "klass": "TechLearnableMove",
          "move": "attract"
        },
        {
          "klass": "TechLearnableMove",
          "move": "round"
        },
        {
          "klass": "TechLearnableMove",
          "move": "payback"
        },
        {
          "klass": "TechLearnableMove",
          "move": "rock_polish"
        },
        {
          "klass": "TechLearnableMove",
          "move": "stone_edge"
        },
        {
          "klass": "TechLearnableMove",
          "move": "bulldoze"
        },
        {
          "klass": "TechLearnableMove",
          "move": "rock_slide"
        },
        {
          "klass": "TechLearnableMove",
          "move": "swagger"
        },
        {
          "klass": "TechLearnableMove",
          "move": "sleep_talk"
        },
        {
          "klass": "TechLearnableMove",
          "move": "substitute"
        },
        {
          "klass": "TechLearnableMove",
          "move": "snarl"
        },
        {
          "klass": "TechLearnableMove",
          "move": "dark_pulse"
        },
        {
          "klass": "TechLearnableMove",
          "move": "confide"
        },
        {
          "klass": "TechLearnableMove",
          "move": "secret_power"
        },
        {
          "klass": "TechLearnableMove",
          "move": "power_up_punch"
        },
        {
          "klass": "TechLearnableMove",
          "move": "rock_smash"
        },
        {
          "klass": "BreedLearnableMove",
          "move": "ancient_power"
        },
        {
          "klass": "BreedLearnableMove",
          "move": "assurance"
        },
        {
          "klass": "BreedLearnableMove",
          "move": "curse"
        },
        {
          "klass": "BreedLearnableMove",
          "move": "dragon_dance"
        },
        {
          "klass": "BreedLearnableMove",
          "move": "focus_energy"
        },
        {
          "klass": "BreedLearnableMove",
          "move": "iron_defense"
        },
        {
          "klass": "BreedLearnableMove",
          "move": "iron_head"
        },
        {
          "klass": "BreedLearnableMove",
          "move": "iron_tail"
        },
        {
          "klass": "BreedLearnableMove",
          "move": "outrage"
        },
        {
          "klass": "BreedLearnableMove",
          "move": "pursuit"
        },
        {
          "klass": "BreedLearnableMove",
          "move": "stealth_rock"
        },
        {
          "klass": "BreedLearnableMove",
          "move": "stomp"
        }
      ],
      "resources": {
        "icon": "246",
        "iconShiny": "",
        "front": "246",
        "frontShiny": "246",
        "back": "246",
        "backShiny": "246",
        "footprint": "246",
        "character": "246_0",
        "characterShiny": "246s_0",
        "cry": "246cry.ogg",
        "hasFemale": false
      }
    }
  ]
}