{
  "klass": "Specie",
  "id": 166,
  "dbSymbol": "ledian",
  "forms": [
    {
      "form": 0,
      "height": 1.4,
      "weight": 35.6,
      "type1": "bug",
      "type2": "flying",
      "baseHp": 55,
      "baseAtk": 35,
      "baseDfe": 50,
      "baseSpd": 85,
      "baseAts": 55,
      "baseDfs": 110,
      "evHp": 0,
      "evAtk": 0,
      "evDfe": 0,
      "evSpd": 0,
      "evAts": 0,
      "evDfs": 2,
      "evolutions": [],
      "experienceType": 0,
      "baseExperience": 137,
      "baseLoyalty": 70,
      "catchRate": 90,
      "femaleRate": 50,
      "breedGroups": [
        3,
        3
      ],
      "hatchSteps": 3840,
      "babyDbSymbol": "ledyba",
      "babyForm": 0,
      "itemHeld": [
        {
          "dbSymbol": "none",
          "chance": 0
        },
        {
          "dbSymbol": "none",
          "chance": 0
        }
      ],
      "abilities": [
        "swarm",
        "early_bird",
        "iron_fist"
      ],
      "frontOffsetY": 0,
      "moveSet": [
        {
          "klass": "LevelLearnableMove",
          "move": "tackle",
          "level": 1
        },
        {
          "klass": "LevelLearnableMove",
          "move": "supersonic",
          "level": 1
        },
        {
          "klass": "LevelLearnableMove",
          "move": "swift",
          "level": 1
        },
        {
          "klass": "LevelLearnableMove",
          "move": "supersonic",
          "level": 5
        },
        {
          "klass": "LevelLearnableMove",
          "move": "swift",
          "level": 8
        },
        {
          "klass": "LevelLearnableMove",
          "move": "light_screen",
          "level": 12
        },
        {
          "klass": "LevelLearnableMove",
          "move": "safeguard",
          "level": 12
        },
        {
          "klass": "LevelLearnableMove",
          "move": "reflect",
          "level": 12
        },
        {
          "klass": "LevelLearnableMove",
          "move": "mach_punch",
          "level": 15
        },
        {
          "klass": "LevelLearnableMove",
          "move": "silver_wind",
          "level": 20
        },
        {
          "klass": "LevelLearnableMove",
          "move": "comet_punch",
          "level": 24
        },
        {
          "klass": "LevelLearnableMove",
          "move": "baton_pass",
          "level": 29
        },
        {
          "klass": "LevelLearnableMove",
          "move": "agility",
          "level": 33
        },
        {
          "klass": "LevelLearnableMove",
          "move": "bug_buzz",
          "level": 38
        },
        {
          "klass": "LevelLearnableMove",
          "move": "air_slash",
          "level": 42
        },
        {
          "klass": "LevelLearnableMove",
          "move": "double_edge",
          "level": 47
        },
        {
          "klass": "TutorLearnableMove",
          "move": "uproar"
        },
        {
          "klass": "TutorLearnableMove",
          "move": "giga_drain"
        },
        {
          "klass": "TutorLearnableMove",
          "move": "focus_punch"
        },
        {
          "klass": "TutorLearnableMove",
          "move": "bug_bite"
        },
        {
          "klass": "TutorLearnableMove",
          "move": "thunder_punch"
        },
        {
          "klass": "TutorLearnableMove",
          "move": "ice_punch"
        },
        {
          "klass": "TutorLearnableMove",
          "move": "snore"
        },
        {
          "klass": "TutorLearnableMove",
          "move": "knock_off"
        },
        {
          "klass": "TutorLearnableMove",
          "move": "defog"
        },
        {
          "klass": "TutorLearnableMove",
          "move": "drain_punch"
        },
        {
          "klass": "TutorLearnableMove",
          "move": "tailwind"
        },
        {
          "klass": "TechLearnableMove",
          "move": "toxic"
        },
        {
          "klass": "TechLearnableMove",
          "move": "hidden_power"
        },
        {
          "klass": "TechLearnableMove",
          "move": "sunny_day"
        },
        {
          "klass": "TechLearnableMove",
          "move": "hyper_beam"
        },
        {
          "klass": "TechLearnableMove",
          "move": "light_screen"
        },
        {
          "klass": "TechLearnableMove",
          "move": "protect"
        },
        {
          "klass": "TechLearnableMove",
          "move": "roost"
        },
        {
          "klass": "TechLearnableMove",
          "move": "safeguard"
        },
        {
          "klass": "TechLearnableMove",
          "move": "frustration"
        },
        {
          "klass": "TechLearnableMove",
          "move": "solar_beam"
        },
        {
          "klass": "TechLearnableMove",
          "move": "return"
        },
        {
          "klass": "TechLearnableMove",
          "move": "brick_break"
        },
        {
          "klass": "TechLearnableMove",
          "move": "double_team"
        },
        {
          "klass": "TechLearnableMove",
          "move": "reflect"
        },
        {
          "klass": "TechLearnableMove",
          "move": "aerial_ace"
        },
        {
          "klass": "TechLearnableMove",
          "move": "facade"
        },
        {
          "klass": "TechLearnableMove",
          "move": "rest"
        },
        {
          "klass": "TechLearnableMove",
          "move": "attract"
        },
        {
          "klass": "TechLearnableMove",
          "move": "thief"
        },
        {
          "klass": "TechLearnableMove",
          "move": "round"
        },
        {
          "klass": "TechLearnableMove",
          "move": "focus_blast"
        },
        {
          "klass": "TechLearnableMove",
          "move": "fling"
        },
        {
          "klass": "TechLearnableMove",
          "move": "acrobatics"
        },
        {
          "klass": "TechLearnableMove",
          "move": "giga_impact"
        },
        {
          "klass": "TechLearnableMove",
          "move": "swords_dance"
        },
        {
          "klass": "TechLearnableMove",
          "move": "infestation"
        },
        {
          "klass": "TechLearnableMove",
          "move": "swagger"
        },
        {
          "klass": "TechLearnableMove",
          "move": "sleep_talk"
        },
        {
          "klass": "TechLearnableMove",
          "move": "u_turn"
        },
        {
          "klass": "TechLearnableMove",
          "move": "substitute"
        },
        {
          "klass": "TechLearnableMove",
          "move": "confide"
        },
        {
          "klass": "TechLearnableMove",
          "move": "struggle_bug"
        },
        {
          "klass": "TechLearnableMove",
          "move": "secret_power"
        },
        {
          "klass": "TechLearnableMove",
          "move": "power_up_punch"
        },
        {
          "klass": "TechLearnableMove",
          "move": "strength"
        },
        {
          "klass": "TechLearnableMove",
          "move": "rock_smash"
        }
      ],
      "resources": {
        "icon": "166",
        "iconShiny": "",
        "front": "166",
        "frontF": "166f",
        "frontShiny": "166",
        "frontShinyF": "166f",
        "back": "166",
        "backF": "166f",
        "backShiny": "166",
        "backShinyF": "166f",
        "footprint": "166",
        "character": "166_0",
        "characterShiny": "166s_0",
        "cry": "166cry.ogg",
        "hasFemale": true
      }
    }
  ]
}