{
  "klass": "Specie",
  "id": 510,
  "dbSymbol": "liepard",
  "forms": [
    {
      "form": 0,
      "height": 1.1,
      "weight": 37.5,
      "type1": "dark",
      "type2": "__undef__",
      "baseHp": 64,
      "baseAtk": 88,
      "baseDfe": 50,
      "baseSpd": 106,
      "baseAts": 88,
      "baseDfs": 50,
      "evHp": 0,
      "evAtk": 0,
      "evDfe": 0,
      "evSpd": 2,
      "evAts": 0,
      "evDfs": 0,
      "evolutions": [],
      "experienceType": 1,
      "baseExperience": 156,
      "baseLoyalty": 70,
      "catchRate": 90,
      "femaleRate": 50,
      "breedGroups": [
        5,
        5
      ],
      "hatchSteps": 5120,
      "babyDbSymbol": "purrloin",
      "babyForm": 0,
      "itemHeld": [
        {
          "dbSymbol": "none",
          "chance": 0
        },
        {
          "dbSymbol": "none",
          "chance": 0
        }
      ],
      "abilities": [
        "limber",
        "unburden",
        "prankster"
      ],
      "frontOffsetY": 0,
      "moveSet": [
        {
          "klass": "LevelLearnableMove",
          "move": "scratch",
          "level": 1
        },
        {
          "klass": "LevelLearnableMove",
          "move": "assist",
          "level": 1
        },
        {
          "klass": "LevelLearnableMove",
          "move": "growl",
          "level": 1
        },
        {
          "klass": "LevelLearnableMove",
          "move": "sand_attack",
          "level": 1
        },
        {
          "klass": "LevelLearnableMove",
          "move": "growl",
          "level": 3
        },
        {
          "klass": "LevelLearnableMove",
          "move": "assist",
          "level": 6
        },
        {
          "klass": "LevelLearnableMove",
          "move": "sand_attack",
          "level": 10
        },
        {
          "klass": "LevelLearnableMove",
          "move": "fury_swipes",
          "level": 12
        },
        {
          "klass": "LevelLearnableMove",
          "move": "pursuit",
          "level": 15
        },
        {
          "klass": "LevelLearnableMove",
          "move": "torment",
          "level": 19
        },
        {
          "klass": "LevelLearnableMove",
          "move": "fake_out",
          "level": 22
        },
        {
          "klass": "LevelLearnableMove",
          "move": "hone_claws",
          "level": 26
        },
        {
          "klass": "LevelLearnableMove",
          "move": "assurance",
          "level": 31
        },
        {
          "klass": "LevelLearnableMove",
          "move": "slash",
          "level": 34
        },
        {
          "klass": "LevelLearnableMove",
          "move": "taunt",
          "level": 38
        },
        {
          "klass": "LevelLearnableMove",
          "move": "night_slash",
          "level": 43
        },
        {
          "klass": "LevelLearnableMove",
          "move": "snatch",
          "level": 47
        },
        {
          "klass": "LevelLearnableMove",
          "move": "nasty_plot",
          "level": 50
        },
        {
          "klass": "LevelLearnableMove",
          "move": "sucker_punch",
          "level": 55
        },
        {
          "klass": "LevelLearnableMove",
          "move": "play_rough",
          "level": 58
        },
        {
          "klass": "TutorLearnableMove",
          "move": "seed_bomb"
        },
        {
          "klass": "TutorLearnableMove",
          "move": "spite"
        },
        {
          "klass": "TutorLearnableMove",
          "move": "gunk_shot"
        },
        {
          "klass": "TutorLearnableMove",
          "move": "throat_chop"
        },
        {
          "klass": "TutorLearnableMove",
          "move": "role_play"
        },
        {
          "klass": "TutorLearnableMove",
          "move": "covet"
        },
        {
          "klass": "TutorLearnableMove",
          "move": "hyper_voice"
        },
        {
          "klass": "TutorLearnableMove",
          "move": "iron_tail"
        },
        {
          "klass": "TutorLearnableMove",
          "move": "snore"
        },
        {
          "klass": "TutorLearnableMove",
          "move": "knock_off"
        },
        {
          "klass": "TutorLearnableMove",
          "move": "snatch"
        },
        {
          "klass": "TutorLearnableMove",
          "move": "trick"
        },
        {
          "klass": "TutorLearnableMove",
          "move": "laser_focus"
        },
        {
          "klass": "TutorLearnableMove",
          "move": "foul_play"
        },
        {
          "klass": "TechLearnableMove",
          "move": "toxic"
        },
        {
          "klass": "TechLearnableMove",
          "move": "hidden_power"
        },
        {
          "klass": "TechLearnableMove",
          "move": "sunny_day"
        },
        {
          "klass": "TechLearnableMove",
          "move": "taunt"
        },
        {
          "klass": "TechLearnableMove",
          "move": "hyper_beam"
        },
        {
          "klass": "TechLearnableMove",
          "move": "protect"
        },
        {
          "klass": "TechLearnableMove",
          "move": "rain_dance"
        },
        {
          "klass": "TechLearnableMove",
          "move": "frustration"
        },
        {
          "klass": "TechLearnableMove",
          "move": "return"
        },
        {
          "klass": "TechLearnableMove",
          "move": "shadow_ball"
        },
        {
          "klass": "TechLearnableMove",
          "move": "double_team"
        },
        {
          "klass": "TechLearnableMove",
          "move": "aerial_ace"
        },
        {
          "klass": "TechLearnableMove",
          "move": "torment"
        },
        {
          "klass": "TechLearnableMove",
          "move": "facade"
        },
        {
          "klass": "TechLearnableMove",
          "move": "rest"
        },
        {
          "klass": "TechLearnableMove",
          "move": "attract"
        },
        {
          "klass": "TechLearnableMove",
          "move": "thief"
        },
        {
          "klass": "TechLearnableMove",
          "move": "round"
        },
        {
          "klass": "TechLearnableMove",
          "move": "echoed_voice"
        },
        {
          "klass": "TechLearnableMove",
          "move": "embargo"
        },
        {
          "klass": "TechLearnableMove",
          "move": "shadow_claw"
        },
        {
          "klass": "TechLearnableMove",
          "move": "payback"
        },
        {
          "klass": "TechLearnableMove",
          "move": "giga_impact"
        },
        {
          "klass": "TechLearnableMove",
          "move": "thunder_wave"
        },
        {
          "klass": "TechLearnableMove",
          "move": "psych_up"
        },
        {
          "klass": "TechLearnableMove",
          "move": "dream_eater"
        },
        {
          "klass": "TechLearnableMove",
          "move": "grass_knot"
        },
        {
          "klass": "TechLearnableMove",
          "move": "swagger"
        },
        {
          "klass": "TechLearnableMove",
          "move": "sleep_talk"
        },
        {
          "klass": "TechLearnableMove",
          "move": "u_turn"
        },
        {
          "klass": "TechLearnableMove",
          "move": "substitute"
        },
        {
          "klass": "TechLearnableMove",
          "move": "snarl"
        },
        {
          "klass": "TechLearnableMove",
          "move": "dark_pulse"
        },
        {
          "klass": "TechLearnableMove",
          "move": "confide"
        },
        {
          "klass": "TechLearnableMove",
          "move": "secret_power"
        },
        {
          "klass": "TechLearnableMove",
          "move": "cut"
        },
        {
          "klass": "TechLearnableMove",
          "move": "rock_smash"
        }
      ],
      "resources": {
        "icon": "510",
        "iconShiny": "",
        "front": "510",
        "frontShiny": "510",
        "back": "510",
        "backShiny": "510",
        "footprint": "510",
        "character": "510_0",
        "characterShiny": "510s_0",
        "cry": "510cry.ogg",
        "hasFemale": false
      }
    }
  ]
}