{
  "klass": "Specie",
  "id": 345,
  "dbSymbol": "lileep",
  "forms": [
    {
      "form": 0,
      "height": 1,
      "weight": 23.8,
      "type1": "rock",
      "type2": "grass",
      "baseHp": 66,
      "baseAtk": 41,
      "baseDfe": 77,
      "baseSpd": 23,
      "baseAts": 61,
      "baseDfs": 87,
      "evHp": 0,
      "evAtk": 0,
      "evDfe": 0,
      "evSpd": 0,
      "evAts": 0,
      "evDfs": 1,
      "evolutions": [
        {
          "dbSymbol": "cradily",
          "form": 0,
          "conditions": [
            {
              "type": "minLevel",
              "value": 40
            }
          ]
        }
      ],
      "experienceType": 4,
      "baseExperience": 71,
      "baseLoyalty": 70,
      "catchRate": 45,
      "femaleRate": 12.5,
      "breedGroups": [
        9,
        9
      ],
      "hatchSteps": 7680,
      "babyDbSymbol": "lileep",
      "babyForm": 0,
      "itemHeld": [
        {
          "dbSymbol": "none",
          "chance": 0
        },
        {
          "dbSymbol": "none",
          "chance": 0
        }
      ],
      "abilities": [
        "suction_cups",
        "suction_cups",
        "storm_drain"
      ],
      "frontOffsetY": 0,
      "moveSet": [
        {
          "klass": "LevelLearnableMove",
          "move": "constrict",
          "level": 1
        },
        {
          "klass": "LevelLearnableMove",
          "move": "astonish",
          "level": 1
        },
        {
          "klass": "LevelLearnableMove",
          "move": "acid",
          "level": 5
        },
        {
          "klass": "LevelLearnableMove",
          "move": "ingrain",
          "level": 9
        },
        {
          "klass": "LevelLearnableMove",
          "move": "confuse_ray",
          "level": 13
        },
        {
          "klass": "LevelLearnableMove",
          "move": "ancient_power",
          "level": 17
        },
        {
          "klass": "LevelLearnableMove",
          "move": "brine",
          "level": 21
        },
        {
          "klass": "LevelLearnableMove",
          "move": "giga_drain",
          "level": 26
        },
        {
          "klass": "LevelLearnableMove",
          "move": "gastro_acid",
          "level": 31
        },
        {
          "klass": "LevelLearnableMove",
          "move": "amnesia",
          "level": 36
        },
        {
          "klass": "LevelLearnableMove",
          "move": "energy_ball",
          "level": 41
        },
        {
          "klass": "LevelLearnableMove",
          "move": "swallow",
          "level": 46
        },
        {
          "klass": "LevelLearnableMove",
          "move": "spit_up",
          "level": 46
        },
        {
          "klass": "LevelLearnableMove",
          "move": "stockpile",
          "level": 46
        },
        {
          "klass": "LevelLearnableMove",
          "move": "wring_out",
          "level": 52
        },
        {
          "klass": "TutorLearnableMove",
          "move": "pain_split"
        },
        {
          "klass": "TutorLearnableMove",
          "move": "seed_bomb"
        },
        {
          "klass": "TutorLearnableMove",
          "move": "bind"
        },
        {
          "klass": "TutorLearnableMove",
          "move": "giga_drain"
        },
        {
          "klass": "TutorLearnableMove",
          "move": "stealth_rock"
        },
        {
          "klass": "TutorLearnableMove",
          "move": "snore"
        },
        {
          "klass": "TutorLearnableMove",
          "move": "gastro_acid"
        },
        {
          "klass": "TutorLearnableMove",
          "move": "synthesis"
        },
        {
          "klass": "TutorLearnableMove",
          "move": "earth_power"
        },
        {
          "klass": "TutorLearnableMove",
          "move": "worry_seed"
        },
        {
          "klass": "TechLearnableMove",
          "move": "toxic"
        },
        {
          "klass": "TechLearnableMove",
          "move": "hidden_power"
        },
        {
          "klass": "TechLearnableMove",
          "move": "sunny_day"
        },
        {
          "klass": "TechLearnableMove",
          "move": "protect"
        },
        {
          "klass": "TechLearnableMove",
          "move": "frustration"
        },
        {
          "klass": "TechLearnableMove",
          "move": "solar_beam"
        },
        {
          "klass": "TechLearnableMove",
          "move": "smack_down"
        },
        {
          "klass": "TechLearnableMove",
          "move": "return"
        },
        {
          "klass": "TechLearnableMove",
          "move": "double_team"
        },
        {
          "klass": "TechLearnableMove",
          "move": "sludge_bomb"
        },
        {
          "klass": "TechLearnableMove",
          "move": "sandstorm"
        },
        {
          "klass": "TechLearnableMove",
          "move": "rock_tomb"
        },
        {
          "klass": "TechLearnableMove",
          "move": "facade"
        },
        {
          "klass": "TechLearnableMove",
          "move": "rest"
        },
        {
          "klass": "TechLearnableMove",
          "move": "attract"
        },
        {
          "klass": "TechLearnableMove",
          "move": "round"
        },
        {
          "klass": "TechLearnableMove",
          "move": "energy_ball"
        },
        {
          "klass": "TechLearnableMove",
          "move": "rock_polish"
        },
        {
          "klass": "TechLearnableMove",
          "move": "swords_dance"
        },
        {
          "klass": "TechLearnableMove",
          "move": "rock_slide"
        },
        {
          "klass": "TechLearnableMove",
          "move": "infestation"
        },
        {
          "klass": "TechLearnableMove",
          "move": "grass_knot"
        },
        {
          "klass": "TechLearnableMove",
          "move": "swagger"
        },
        {
          "klass": "TechLearnableMove",
          "move": "sleep_talk"
        },
        {
          "klass": "TechLearnableMove",
          "move": "substitute"
        },
        {
          "klass": "TechLearnableMove",
          "move": "confide"
        },
        {
          "klass": "TechLearnableMove",
          "move": "secret_power"
        },
        {
          "klass": "BreedLearnableMove",
          "move": "barrier"
        },
        {
          "klass": "BreedLearnableMove",
          "move": "curse"
        },
        {
          "klass": "BreedLearnableMove",
          "move": "endure"
        },
        {
          "klass": "BreedLearnableMove",
          "move": "mega_drain"
        },
        {
          "klass": "BreedLearnableMove",
          "move": "mirror_coat"
        },
        {
          "klass": "BreedLearnableMove",
          "move": "recover"
        },
        {
          "klass": "BreedLearnableMove",
          "move": "stealth_rock"
        },
        {
          "klass": "BreedLearnableMove",
          "move": "tickle"
        },
        {
          "klass": "BreedLearnableMove",
          "move": "wring_out"
        }
      ],
      "resources": {
        "icon": "345",
        "iconShiny": "",
        "front": "345",
        "frontShiny": "345",
        "back": "345",
        "backShiny": "345",
        "footprint": "345",
        "character": "345_0",
        "characterShiny": "345s_0",
        "cry": "345cry.ogg",
        "hasFemale": false
      }
    }
  ]
}