{
  "klass": "Specie",
  "id": 549,
  "dbSymbol": "lilligant",
  "forms": [
    {
      "form": 0,
      "height": 1.1,
      "weight": 16.3,
      "type1": "grass",
      "type2": "__undef__",
      "baseHp": 70,
      "baseAtk": 60,
      "baseDfe": 75,
      "baseSpd": 90,
      "baseAts": 110,
      "baseDfs": 75,
      "evHp": 0,
      "evAtk": 0,
      "evDfe": 0,
      "evSpd": 0,
      "evAts": 2,
      "evDfs": 0,
      "evolutions": [],
      "experienceType": 1,
      "baseExperience": 168,
      "baseLoyalty": 70,
      "catchRate": 75,
      "femaleRate": 100,
      "breedGroups": [
        7,
        7
      ],
      "hatchSteps": 5120,
      "babyDbSymbol": "petilil",
      "babyForm": 0,
      "itemHeld": [
        {
          "dbSymbol": "none",
          "chance": 0
        },
        {
          "dbSymbol": "none",
          "chance": 0
        }
      ],
      "abilities": [
        "chlorophyll",
        "own_tempo",
        "leaf_guard"
      ],
      "frontOffsetY": 0,
      "moveSet": [
        {
          "klass": "LevelLearnableMove",
          "move": "mega_drain",
          "level": 1
        },
        {
          "klass": "LevelLearnableMove",
          "move": "growth",
          "level": 1
        },
        {
          "klass": "LevelLearnableMove",
          "move": "synthesis",
          "level": 1
        },
        {
          "klass": "LevelLearnableMove",
          "move": "leech_seed",
          "level": 1
        },
        {
          "klass": "LevelLearnableMove",
          "move": "teeter_dance",
          "level": 10
        },
        {
          "klass": "LevelLearnableMove",
          "move": "quiver_dance",
          "level": 28
        },
        {
          "klass": "LevelLearnableMove",
          "move": "petal_dance",
          "level": 46
        },
        {
          "klass": "LevelLearnableMove",
          "move": "petal_blizzard",
          "level": 50
        },
        {
          "klass": "TutorLearnableMove",
          "move": "laser_focus"
        },
        {
          "klass": "TutorLearnableMove",
          "move": "after_you"
        },
        {
          "klass": "TutorLearnableMove",
          "move": "seed_bomb"
        },
        {
          "klass": "TutorLearnableMove",
          "move": "helping_hand"
        },
        {
          "klass": "TutorLearnableMove",
          "move": "giga_drain"
        },
        {
          "klass": "TutorLearnableMove",
          "move": "heal_bell"
        },
        {
          "klass": "TutorLearnableMove",
          "move": "covet"
        },
        {
          "klass": "TutorLearnableMove",
          "move": "snore"
        },
        {
          "klass": "TutorLearnableMove",
          "move": "worry_seed"
        },
        {
          "klass": "TutorLearnableMove",
          "move": "synthesis"
        },
        {
          "klass": "TutorLearnableMove",
          "move": "role_play"
        },
        {
          "klass": "TechLearnableMove",
          "move": "toxic"
        },
        {
          "klass": "TechLearnableMove",
          "move": "hidden_power"
        },
        {
          "klass": "TechLearnableMove",
          "move": "sunny_day"
        },
        {
          "klass": "TechLearnableMove",
          "move": "hyper_beam"
        },
        {
          "klass": "TechLearnableMove",
          "move": "light_screen"
        },
        {
          "klass": "TechLearnableMove",
          "move": "protect"
        },
        {
          "klass": "TechLearnableMove",
          "move": "safeguard"
        },
        {
          "klass": "TechLearnableMove",
          "move": "frustration"
        },
        {
          "klass": "TechLearnableMove",
          "move": "solar_beam"
        },
        {
          "klass": "TechLearnableMove",
          "move": "return"
        },
        {
          "klass": "TechLearnableMove",
          "move": "double_team"
        },
        {
          "klass": "TechLearnableMove",
          "move": "facade"
        },
        {
          "klass": "TechLearnableMove",
          "move": "rest"
        },
        {
          "klass": "TechLearnableMove",
          "move": "attract"
        },
        {
          "klass": "TechLearnableMove",
          "move": "round"
        },
        {
          "klass": "TechLearnableMove",
          "move": "energy_ball"
        },
        {
          "klass": "TechLearnableMove",
          "move": "giga_impact"
        },
        {
          "klass": "TechLearnableMove",
          "move": "swords_dance"
        },
        {
          "klass": "TechLearnableMove",
          "move": "dream_eater"
        },
        {
          "klass": "TechLearnableMove",
          "move": "grass_knot"
        },
        {
          "klass": "TechLearnableMove",
          "move": "swagger"
        },
        {
          "klass": "TechLearnableMove",
          "move": "sleep_talk"
        },
        {
          "klass": "TechLearnableMove",
          "move": "substitute"
        },
        {
          "klass": "TechLearnableMove",
          "move": "nature_power"
        },
        {
          "klass": "TechLearnableMove",
          "move": "confide"
        },
        {
          "klass": "TechLearnableMove",
          "move": "secret_power"
        },
        {
          "klass": "TechLearnableMove",
          "move": "cut"
        }
      ],
      "resources": {
        "icon": "549",
        "iconF": "549",
        "iconShiny": "",
        "front": "549",
        "frontF": "549",
        "frontShiny": "549",
        "frontShinyF": "549",
        "back": "549",
        "backF": "549",
        "backShiny": "549",
        "backShinyF": "549",
        "footprint": "549",
        "character": "549_0",
        "characterF": "549_0",
        "characterShiny": "549s_0",
        "characterShinyF": "549s_0",
        "cry": "549cry.ogg",
        "hasFemale": true
      }
    }
  ]
}