{
  "klass": "Specie",
  "id": 506,
  "dbSymbol": "lillipup",
  "forms": [
    {
      "form": 0,
      "height": 0.4,
      "weight": 4.1,
      "type1": "normal",
      "type2": "__undef__",
      "baseHp": 45,
      "baseAtk": 60,
      "baseDfe": 45,
      "baseSpd": 55,
      "baseAts": 25,
      "baseDfs": 45,
      "evHp": 0,
      "evAtk": 1,
      "evDfe": 0,
      "evSpd": 0,
      "evAts": 0,
      "evDfs": 0,
      "evolutions": [
        {
          "dbSymbol": "herdier",
          "form": 0,
          "conditions": [
            {
              "type": "minLevel",
              "value": 16
            }
          ]
        }
      ],
      "experienceType": 3,
      "baseExperience": 55,
      "baseLoyalty": 70,
      "catchRate": 255,
      "femaleRate": 50,
      "breedGroups": [
        5,
        5
      ],
      "hatchSteps": 3840,
      "babyDbSymbol": "lillipup",
      "babyForm": 0,
      "itemHeld": [
        {
          "dbSymbol": "none",
          "chance": 0
        },
        {
          "dbSymbol": "none",
          "chance": 0
        }
      ],
      "abilities": [
        "vital_spirit",
        "pickup",
        "run_away"
      ],
      "frontOffsetY": 0,
      "moveSet": [
        {
          "klass": "LevelLearnableMove",
          "move": "tackle",
          "level": 1
        },
        {
          "klass": "LevelLearnableMove",
          "move": "leer",
          "level": 1
        },
        {
          "klass": "LevelLearnableMove",
          "move": "odor_sleuth",
          "level": 5
        },
        {
          "klass": "LevelLearnableMove",
          "move": "bite",
          "level": 8
        },
        {
          "klass": "LevelLearnableMove",
          "move": "baby_doll_eyes",
          "level": 10
        },
        {
          "klass": "LevelLearnableMove",
          "move": "helping_hand",
          "level": 12
        },
        {
          "klass": "LevelLearnableMove",
          "move": "take_down",
          "level": 15
        },
        {
          "klass": "LevelLearnableMove",
          "move": "work_up",
          "level": 19
        },
        {
          "klass": "LevelLearnableMove",
          "move": "crunch",
          "level": 22
        },
        {
          "klass": "LevelLearnableMove",
          "move": "roar",
          "level": 26
        },
        {
          "klass": "LevelLearnableMove",
          "move": "retaliate",
          "level": 29
        },
        {
          "klass": "LevelLearnableMove",
          "move": "reversal",
          "level": 33
        },
        {
          "klass": "LevelLearnableMove",
          "move": "last_resort",
          "level": 36
        },
        {
          "klass": "LevelLearnableMove",
          "move": "giga_impact",
          "level": 40
        },
        {
          "klass": "LevelLearnableMove",
          "move": "play_rough",
          "level": 45
        },
        {
          "klass": "TutorLearnableMove",
          "move": "after_you"
        },
        {
          "klass": "TutorLearnableMove",
          "move": "helping_hand"
        },
        {
          "klass": "TutorLearnableMove",
          "move": "last_resort"
        },
        {
          "klass": "TutorLearnableMove",
          "move": "covet"
        },
        {
          "klass": "TutorLearnableMove",
          "move": "hyper_voice"
        },
        {
          "klass": "TutorLearnableMove",
          "move": "shock_wave"
        },
        {
          "klass": "TutorLearnableMove",
          "move": "snore"
        },
        {
          "klass": "TutorLearnableMove",
          "move": "uproar"
        },
        {
          "klass": "TechLearnableMove",
          "move": "work_up"
        },
        {
          "klass": "TechLearnableMove",
          "move": "roar"
        },
        {
          "klass": "TechLearnableMove",
          "move": "toxic"
        },
        {
          "klass": "TechLearnableMove",
          "move": "hidden_power"
        },
        {
          "klass": "TechLearnableMove",
          "move": "sunny_day"
        },
        {
          "klass": "TechLearnableMove",
          "move": "protect"
        },
        {
          "klass": "TechLearnableMove",
          "move": "rain_dance"
        },
        {
          "klass": "TechLearnableMove",
          "move": "frustration"
        },
        {
          "klass": "TechLearnableMove",
          "move": "thunderbolt"
        },
        {
          "klass": "TechLearnableMove",
          "move": "return"
        },
        {
          "klass": "TechLearnableMove",
          "move": "shadow_ball"
        },
        {
          "klass": "TechLearnableMove",
          "move": "double_team"
        },
        {
          "klass": "TechLearnableMove",
          "move": "rock_tomb"
        },
        {
          "klass": "TechLearnableMove",
          "move": "aerial_ace"
        },
        {
          "klass": "TechLearnableMove",
          "move": "facade"
        },
        {
          "klass": "TechLearnableMove",
          "move": "rest"
        },
        {
          "klass": "TechLearnableMove",
          "move": "attract"
        },
        {
          "klass": "TechLearnableMove",
          "move": "round"
        },
        {
          "klass": "TechLearnableMove",
          "move": "giga_impact"
        },
        {
          "klass": "TechLearnableMove",
          "move": "thunder_wave"
        },
        {
          "klass": "TechLearnableMove",
          "move": "swagger"
        },
        {
          "klass": "TechLearnableMove",
          "move": "sleep_talk"
        },
        {
          "klass": "TechLearnableMove",
          "move": "substitute"
        },
        {
          "klass": "TechLearnableMove",
          "move": "wild_charge"
        },
        {
          "klass": "TechLearnableMove",
          "move": "snarl"
        },
        {
          "klass": "TechLearnableMove",
          "move": "confide"
        },
        {
          "klass": "TechLearnableMove",
          "move": "secret_power"
        },
        {
          "klass": "TechLearnableMove",
          "move": "rock_smash"
        },
        {
          "klass": "BreedLearnableMove",
          "move": "after_you"
        },
        {
          "klass": "BreedLearnableMove",
          "move": "charm"
        },
        {
          "klass": "BreedLearnableMove",
          "move": "endure"
        },
        {
          "klass": "BreedLearnableMove",
          "move": "fire_fang"
        },
        {
          "klass": "BreedLearnableMove",
          "move": "howl"
        },
        {
          "klass": "BreedLearnableMove",
          "move": "ice_fang"
        },
        {
          "klass": "BreedLearnableMove",
          "move": "lick"
        },
        {
          "klass": "BreedLearnableMove",
          "move": "mud_slap"
        },
        {
          "klass": "BreedLearnableMove",
          "move": "psychic_fangs"
        },
        {
          "klass": "BreedLearnableMove",
          "move": "pursuit"
        },
        {
          "klass": "BreedLearnableMove",
          "move": "sand_attack"
        },
        {
          "klass": "BreedLearnableMove",
          "move": "thunder_fang"
        },
        {
          "klass": "BreedLearnableMove",
          "move": "yawn"
        }
      ],
      "resources": {
        "icon": "506",
        "iconShiny": "",
        "front": "506",
        "frontShiny": "506",
        "back": "506",
        "backShiny": "506",
        "footprint": "506",
        "character": "506_0",
        "characterShiny": "506s_0",
        "cry": "506cry.ogg",
        "hasFemale": false
      }
    }
  ]
}