{
  "klass": "Specie",
  "id": 428,
  "dbSymbol": "lopunny",
  "forms": [
    {
      "form": 0,
      "height": 1.2,
      "weight": 33.3,
      "type1": "normal",
      "type2": "__undef__",
      "baseHp": 65,
      "baseAtk": 76,
      "baseDfe": 84,
      "baseSpd": 105,
      "baseAts": 54,
      "baseDfs": 96,
      "evHp": 0,
      "evAtk": 0,
      "evDfe": 0,
      "evSpd": 2,
      "evAts": 0,
      "evDfs": 0,
      "evolutions": [
        {
          "form": 30,
          "conditions": [
            {
              "type": "gemme",
              "value": "lopunnite"
            }
          ]
        }
      ],
      "experienceType": 1,
      "baseExperience": 168,
      "baseLoyalty": 140,
      "catchRate": 60,
      "femaleRate": 50,
      "breedGroups": [
        8,
        5
      ],
      "hatchSteps": 5120,
      "babyDbSymbol": "buneary",
      "babyForm": 0,
      "itemHeld": [
        {
          "dbSymbol": "none",
          "chance": 0
        },
        {
          "dbSymbol": "none",
          "chance": 0
        }
      ],
      "abilities": [
        "cute_charm",
        "klutz",
        "limber"
      ],
      "frontOffsetY": 0,
      "moveSet": [
        {
          "klass": "LevelLearnableMove",
          "move": "defense_curl",
          "level": 1
        },
        {
          "klass": "LevelLearnableMove",
          "move": "foresight",
          "level": 1
        },
        {
          "klass": "LevelLearnableMove",
          "move": "splash",
          "level": 1
        },
        {
          "klass": "LevelLearnableMove",
          "move": "pound",
          "level": 1
        },
        {
          "klass": "LevelLearnableMove",
          "move": "rototiller",
          "level": 1
        },
        {
          "klass": "LevelLearnableMove",
          "move": "magic_coat",
          "level": 1
        },
        {
          "klass": "LevelLearnableMove",
          "move": "return",
          "level": 1
        },
        {
          "klass": "LevelLearnableMove",
          "move": "healing_wish",
          "level": 1
        },
        {
          "klass": "LevelLearnableMove",
          "move": "mirror_coat",
          "level": 1
        },
        {
          "klass": "LevelLearnableMove",
          "move": "bounce",
          "level": 1
        },
        {
          "klass": "LevelLearnableMove",
          "move": "endure",
          "level": 6
        },
        {
          "klass": "LevelLearnableMove",
          "move": "baby_doll_eyes",
          "level": 13
        },
        {
          "klass": "LevelLearnableMove",
          "move": "quick_attack",
          "level": 16
        },
        {
          "klass": "LevelLearnableMove",
          "move": "jump_kick",
          "level": 23
        },
        {
          "klass": "LevelLearnableMove",
          "move": "baton_pass",
          "level": 26
        },
        {
          "klass": "LevelLearnableMove",
          "move": "agility",
          "level": 33
        },
        {
          "klass": "LevelLearnableMove",
          "move": "dizzy_punch",
          "level": 36
        },
        {
          "klass": "LevelLearnableMove",
          "move": "after_you",
          "level": 43
        },
        {
          "klass": "LevelLearnableMove",
          "move": "charm",
          "level": 46
        },
        {
          "klass": "LevelLearnableMove",
          "move": "entrainment",
          "level": 53
        },
        {
          "klass": "LevelLearnableMove",
          "move": "bounce",
          "level": 56
        },
        {
          "klass": "LevelLearnableMove",
          "move": "healing_wish",
          "level": 63
        },
        {
          "klass": "LevelLearnableMove",
          "move": "high_jump_kick",
          "level": 66
        },
        {
          "klass": "TutorLearnableMove",
          "move": "after_you"
        },
        {
          "klass": "TutorLearnableMove",
          "move": "low_kick"
        },
        {
          "klass": "TutorLearnableMove",
          "move": "uproar"
        },
        {
          "klass": "TutorLearnableMove",
          "move": "helping_hand"
        },
        {
          "klass": "TutorLearnableMove",
          "move": "last_resort"
        },
        {
          "klass": "TutorLearnableMove",
          "move": "endeavor"
        },
        {
          "klass": "TutorLearnableMove",
          "move": "heal_bell"
        },
        {
          "klass": "TutorLearnableMove",
          "move": "covet"
        },
        {
          "klass": "TutorLearnableMove",
          "move": "hyper_voice"
        },
        {
          "klass": "TutorLearnableMove",
          "move": "focus_punch"
        },
        {
          "klass": "TutorLearnableMove",
          "move": "shock_wave"
        },
        {
          "klass": "TutorLearnableMove",
          "move": "thunder_punch"
        },
        {
          "klass": "TutorLearnableMove",
          "move": "fire_punch"
        },
        {
          "klass": "TutorLearnableMove",
          "move": "ice_punch"
        },
        {
          "klass": "TutorLearnableMove",
          "move": "iron_tail"
        },
        {
          "klass": "TutorLearnableMove",
          "move": "bounce"
        },
        {
          "klass": "TutorLearnableMove",
          "move": "magic_coat"
        },
        {
          "klass": "TutorLearnableMove",
          "move": "snore"
        },
        {
          "klass": "TutorLearnableMove",
          "move": "laser_focus"
        },
        {
          "klass": "TutorLearnableMove",
          "move": "drain_punch"
        },
        {
          "klass": "TutorLearnableMove",
          "move": "water_pulse"
        },
        {
          "klass": "TechLearnableMove",
          "move": "work_up"
        },
        {
          "klass": "TechLearnableMove",
          "move": "toxic"
        },
        {
          "klass": "TechLearnableMove",
          "move": "hidden_power"
        },
        {
          "klass": "TechLearnableMove",
          "move": "sunny_day"
        },
        {
          "klass": "TechLearnableMove",
          "move": "ice_beam"
        },
        {
          "klass": "TechLearnableMove",
          "move": "blizzard"
        },
        {
          "klass": "TechLearnableMove",
          "move": "hyper_beam"
        },
        {
          "klass": "TechLearnableMove",
          "move": "protect"
        },
        {
          "klass": "TechLearnableMove",
          "move": "rain_dance"
        },
        {
          "klass": "TechLearnableMove",
          "move": "frustration"
        },
        {
          "klass": "TechLearnableMove",
          "move": "solar_beam"
        },
        {
          "klass": "TechLearnableMove",
          "move": "thunderbolt"
        },
        {
          "klass": "TechLearnableMove",
          "move": "thunder"
        },
        {
          "klass": "TechLearnableMove",
          "move": "return"
        },
        {
          "klass": "TechLearnableMove",
          "move": "shadow_ball"
        },
        {
          "klass": "TechLearnableMove",
          "move": "double_team"
        },
        {
          "klass": "TechLearnableMove",
          "move": "facade"
        },
        {
          "klass": "TechLearnableMove",
          "move": "rest"
        },
        {
          "klass": "TechLearnableMove",
          "move": "attract"
        },
        {
          "klass": "TechLearnableMove",
          "move": "low_sweep"
        },
        {
          "klass": "TechLearnableMove",
          "move": "round"
        },
        {
          "klass": "TechLearnableMove",
          "move": "focus_blast"
        },
        {
          "klass": "TechLearnableMove",
          "move": "fling"
        },
        {
          "klass": "TechLearnableMove",
          "move": "charge_beam"
        },
        {
          "klass": "TechLearnableMove",
          "move": "brutal_swing"
        },
        {
          "klass": "TechLearnableMove",
          "move": "giga_impact"
        },
        {
          "klass": "TechLearnableMove",
          "move": "thunder_wave"
        },
        {
          "klass": "TechLearnableMove",
          "move": "grass_knot"
        },
        {
          "klass": "TechLearnableMove",
          "move": "swagger"
        },
        {
          "klass": "TechLearnableMove",
          "move": "sleep_talk"
        },
        {
          "klass": "TechLearnableMove",
          "move": "substitute"
        },
        {
          "klass": "TechLearnableMove",
          "move": "confide"
        },
        {
          "klass": "TechLearnableMove",
          "move": "secret_power"
        },
        {
          "klass": "TechLearnableMove",
          "move": "power_up_punch"
        },
        {
          "klass": "TechLearnableMove",
          "move": "cut"
        },
        {
          "klass": "TechLearnableMove",
          "move": "strength"
        },
        {
          "klass": "TechLearnableMove",
          "move": "rock_smash"
        },
        {
          "klass": "EvolutionLearnableMove",
          "move": "return"
        }
      ],
      "resources": {
        "icon": "428",
        "iconShiny": "",
        "front": "428",
        "frontShiny": "428",
        "back": "428",
        "backShiny": "428",
        "footprint": "428",
        "character": "428_0",
        "characterShiny": "428s_0",
        "cry": "428cry.ogg",
        "hasFemale": false
      }
    },
    {
      "form": 30,
      "height": 1.3,
      "weight": 28.3,
      "type1": "normal",
      "type2": "fighting",
      "baseHp": 65,
      "baseAtk": 136,
      "baseDfe": 94,
      "baseSpd": 135,
      "baseAts": 54,
      "baseDfs": 96,
      "evHp": 0,
      "evAtk": 0,
      "evDfe": 0,
      "evSpd": 2,
      "evAts": 0,
      "evDfs": 0,
      "evolutions": [],
      "experienceType": 1,
      "baseExperience": 203,
      "baseLoyalty": 140,
      "catchRate": 60,
      "femaleRate": 50,
      "breedGroups": [
        8,
        5
      ],
      "hatchSteps": 5120,
      "babyDbSymbol": "buneary",
      "babyForm": 0,
      "itemHeld": [],
      "abilities": [
        "scrappy",
        "scrappy",
        "scrappy"
      ],
      "frontOffsetY": 0,
      "moveSet": [
        {
          "klass": "LevelLearnableMove",
          "move": "defense_curl",
          "level": 1
        },
        {
          "klass": "LevelLearnableMove",
          "move": "foresight",
          "level": 1
        },
        {
          "klass": "LevelLearnableMove",
          "move": "splash",
          "level": 1
        },
        {
          "klass": "LevelLearnableMove",
          "move": "pound",
          "level": 1
        },
        {
          "klass": "LevelLearnableMove",
          "move": "rototiller",
          "level": 1
        },
        {
          "klass": "LevelLearnableMove",
          "move": "bounce",
          "level": 1
        },
        {
          "klass": "LevelLearnableMove",
          "move": "magic_coat",
          "level": 1
        },
        {
          "klass": "LevelLearnableMove",
          "move": "healing_wish",
          "level": 1
        },
        {
          "klass": "LevelLearnableMove",
          "move": "mirror_coat",
          "level": 1
        },
        {
          "klass": "LevelLearnableMove",
          "move": "endure",
          "level": 6
        },
        {
          "klass": "LevelLearnableMove",
          "move": "return",
          "level": 13
        },
        {
          "klass": "LevelLearnableMove",
          "move": "quick_attack",
          "level": 16
        },
        {
          "klass": "LevelLearnableMove",
          "move": "jump_kick",
          "level": 23
        },
        {
          "klass": "LevelLearnableMove",
          "move": "baton_pass",
          "level": 26
        },
        {
          "klass": "LevelLearnableMove",
          "move": "agility",
          "level": 33
        },
        {
          "klass": "LevelLearnableMove",
          "move": "dizzy_punch",
          "level": 36
        },
        {
          "klass": "LevelLearnableMove",
          "move": "after_you",
          "level": 43
        },
        {
          "klass": "LevelLearnableMove",
          "move": "charm",
          "level": 46
        },
        {
          "klass": "LevelLearnableMove",
          "move": "entrainment",
          "level": 53
        },
        {
          "klass": "LevelLearnableMove",
          "move": "bounce",
          "level": 56
        },
        {
          "klass": "LevelLearnableMove",
          "move": "healing_wish",
          "level": 63
        },
        {
          "klass": "LevelLearnableMove",
          "move": "high_jump_kick",
          "level": 66
        },
        {
          "klass": "TechLearnableMove",
          "move": "hone_claws"
        },
        {
          "klass": "TechLearnableMove",
          "move": "dragon_claw"
        },
        {
          "klass": "TechLearnableMove",
          "move": "psyshock"
        },
        {
          "klass": "TechLearnableMove",
          "move": "calm_mind"
        },
        {
          "klass": "TechLearnableMove",
          "move": "roar"
        },
        {
          "klass": "TechLearnableMove",
          "move": "toxic"
        },
        {
          "klass": "TechLearnableMove",
          "move": "hail"
        },
        {
          "klass": "TechLearnableMove",
          "move": "bulk_up"
        },
        {
          "klass": "TechLearnableMove",
          "move": "venoshock"
        },
        {
          "klass": "TechLearnableMove",
          "move": "hidden_power"
        },
        {
          "klass": "TechLearnableMove",
          "move": "sunny_day"
        },
        {
          "klass": "TechLearnableMove",
          "move": "taunt"
        },
        {
          "klass": "TechLearnableMove",
          "move": "ice_beam"
        },
        {
          "klass": "TechLearnableMove",
          "move": "blizzard"
        },
        {
          "klass": "TechLearnableMove",
          "move": "hyper_beam"
        },
        {
          "klass": "TechLearnableMove",
          "move": "light_screen"
        },
        {
          "klass": "TechLearnableMove",
          "move": "protect"
        },
        {
          "klass": "TechLearnableMove",
          "move": "rain_dance"
        },
        {
          "klass": "TechLearnableMove",
          "move": "roost"
        },
        {
          "klass": "TechLearnableMove",
          "move": "safeguard"
        },
        {
          "klass": "TechLearnableMove",
          "move": "frustration"
        },
        {
          "klass": "TechLearnableMove",
          "move": "solar_beam"
        },
        {
          "klass": "TechLearnableMove",
          "move": "smack_down"
        },
        {
          "klass": "TechLearnableMove",
          "move": "thunderbolt"
        },
        {
          "klass": "TechLearnableMove",
          "move": "thunder"
        },
        {
          "klass": "TechLearnableMove",
          "move": "earthquake"
        },
        {
          "klass": "TechLearnableMove",
          "move": "return"
        },
        {
          "klass": "TechLearnableMove",
          "move": "dig"
        },
        {
          "klass": "TechLearnableMove",
          "move": "psychic"
        },
        {
          "klass": "TechLearnableMove",
          "move": "shadow_ball"
        },
        {
          "klass": "TechLearnableMove",
          "move": "brick_break"
        },
        {
          "klass": "TechLearnableMove",
          "move": "double_team"
        },
        {
          "klass": "TechLearnableMove",
          "move": "reflect"
        },
        {
          "klass": "TechLearnableMove",
          "move": "sludge_wave"
        },
        {
          "klass": "TechLearnableMove",
          "move": "flamethrower"
        },
        {
          "klass": "TechLearnableMove",
          "move": "sludge_bomb"
        },
        {
          "klass": "TechLearnableMove",
          "move": "sandstorm"
        },
        {
          "klass": "TechLearnableMove",
          "move": "fire_blast"
        },
        {
          "klass": "TechLearnableMove",
          "move": "rock_tomb"
        },
        {
          "klass": "TechLearnableMove",
          "move": "aerial_ace"
        },
        {
          "klass": "TechLearnableMove",
          "move": "torment"
        },
        {
          "klass": "TechLearnableMove",
          "move": "facade"
        },
        {
          "klass": "TechLearnableMove",
          "move": "flame_charge"
        },
        {
          "klass": "TechLearnableMove",
          "move": "rest"
        },
        {
          "klass": "TechLearnableMove",
          "move": "attract"
        },
        {
          "klass": "TechLearnableMove",
          "move": "thief"
        },
        {
          "klass": "TechLearnableMove",
          "move": "low_sweep"
        },
        {
          "klass": "TechLearnableMove",
          "move": "round"
        },
        {
          "klass": "TechLearnableMove",
          "move": "echoed_voice"
        },
        {
          "klass": "TechLearnableMove",
          "move": "overheat"
        },
        {
          "klass": "TechLearnableMove",
          "move": "steel_wing"
        },
        {
          "klass": "TechLearnableMove",
          "move": "focus_blast"
        },
        {
          "klass": "TechLearnableMove",
          "move": "energy_ball"
        },
        {
          "klass": "TechLearnableMove",
          "move": "false_swipe"
        },
        {
          "klass": "TechLearnableMove",
          "move": "scald"
        },
        {
          "klass": "TechLearnableMove",
          "move": "fling"
        },
        {
          "klass": "TechLearnableMove",
          "move": "charge_beam"
        },
        {
          "klass": "TechLearnableMove",
          "move": "sky_drop"
        },
        {
          "klass": "TechLearnableMove",
          "move": "incinerate"
        },
        {
          "klass": "TechLearnableMove",
          "move": "quash"
        },
        {
          "klass": "TechLearnableMove",
          "move": "will_o_wisp"
        },
        {
          "klass": "TechLearnableMove",
          "move": "acrobatics"
        },
        {
          "klass": "TechLearnableMove",
          "move": "embargo"
        },
        {
          "klass": "TechLearnableMove",
          "move": "explosion"
        },
        {
          "klass": "TechLearnableMove",
          "move": "shadow_claw"
        },
        {
          "klass": "TechLearnableMove",
          "move": "payback"
        },
        {
          "klass": "TechLearnableMove",
          "move": "retaliate"
        },
        {
          "klass": "TechLearnableMove",
          "move": "giga_impact"
        },
        {
          "klass": "TechLearnableMove",
          "move": "rock_polish"
        },
        {
          "klass": "TechLearnableMove",
          "move": "flash"
        },
        {
          "klass": "TechLearnableMove",
          "move": "stone_edge"
        },
        {
          "klass": "TechLearnableMove",
          "move": "volt_switch"
        },
        {
          "klass": "TechLearnableMove",
          "move": "thunder_wave"
        },
        {
          "klass": "TechLearnableMove",
          "move": "gyro_ball"
        },
        {
          "klass": "TechLearnableMove",
          "move": "swords_dance"
        },
        {
          "klass": "TechLearnableMove",
          "move": "struggle_bug"
        },
        {
          "klass": "TechLearnableMove",
          "move": "psych_up"
        },
        {
          "klass": "TechLearnableMove",
          "move": "bulldoze"
        },
        {
          "klass": "TechLearnableMove",
          "move": "frost_breath"
        },
        {
          "klass": "TechLearnableMove",
          "move": "rock_slide"
        },
        {
          "klass": "TechLearnableMove",
          "move": "x_scissor"
        },
        {
          "klass": "TechLearnableMove",
          "move": "dragon_tail"
        },
        {
          "klass": "TechLearnableMove",
          "move": "infestation"
        },
        {
          "klass": "TechLearnableMove",
          "move": "poison_jab"
        },
        {
          "klass": "TechLearnableMove",
          "move": "dream_eater"
        },
        {
          "klass": "TechLearnableMove",
          "move": "grass_knot"
        },
        {
          "klass": "TechLearnableMove",
          "move": "swagger"
        },
        {
          "klass": "TechLearnableMove",
          "move": "sleep_talk"
        },
        {
          "klass": "TechLearnableMove",
          "move": "u_turn"
        },
        {
          "klass": "TechLearnableMove",
          "move": "substitute"
        },
        {
          "klass": "TechLearnableMove",
          "move": "flash_cannon"
        },
        {
          "klass": "TechLearnableMove",
          "move": "trick_room"
        },
        {
          "klass": "TechLearnableMove",
          "move": "cut"
        },
        {
          "klass": "TechLearnableMove",
          "move": "fly"
        },
        {
          "klass": "TechLearnableMove",
          "move": "surf"
        },
        {
          "klass": "TechLearnableMove",
          "move": "strength"
        },
        {
          "klass": "TechLearnableMove",
          "move": "waterfall"
        },
        {
          "klass": "TechLearnableMove",
          "move": "rock_smash"
        },
        {
          "klass": "TechLearnableMove",
          "move": "wild_charge"
        },
        {
          "klass": "TechLearnableMove",
          "move": "secret_power"
        },
        {
          "klass": "TechLearnableMove",
          "move": "snarl"
        },
        {
          "klass": "TechLearnableMove",
          "move": "nature_power"
        },
        {
          "klass": "TechLearnableMove",
          "move": "dark_pulse"
        },
        {
          "klass": "TechLearnableMove",
          "move": "power_up_punch"
        },
        {
          "klass": "TechLearnableMove",
          "move": "dazzling_gleam"
        },
        {
          "klass": "TechLearnableMove",
          "move": "confide"
        },
        {
          "klass": "TechLearnableMove",
          "move": "whirlpool"
        }
      ],
      "resources": {
        "icon": "428_30",
        "iconShiny": "",
        "front": "428_30",
        "frontShiny": "428_30",
        "back": "428_30",
        "backShiny": "428_30",
        "footprint": "428",
        "character": "428_30",
        "characterShiny": "428s_30",
        "cry": "428_30cry.ogg",
        "hasFemale": false
      }
    }
  ]
}
