{
  "klass": "Specie",
  "id": 270,
  "dbSymbol": "lotad",
  "forms": [
    {
      "form": 0,
      "height": 0.5,
      "weight": 2.6,
      "type1": "water",
      "type2": "grass",
      "baseHp": 40,
      "baseAtk": 30,
      "baseDfe": 30,
      "baseSpd": 30,
      "baseAts": 40,
      "baseDfs": 50,
      "evHp": 0,
      "evAtk": 0,
      "evDfe": 0,
      "evSpd": 0,
      "evAts": 0,
      "evDfs": 1,
      "evolutions": [
        {
          "dbSymbol": "lombre",
          "form": 0,
          "conditions": [
            {
              "type": "minLevel",
              "value": 14
            }
          ]
        }
      ],
      "experienceType": 3,
      "baseExperience": 44,
      "baseLoyalty": 70,
      "catchRate": 255,
      "femaleRate": 50,
      "breedGroups": [
        2,
        7
      ],
      "hatchSteps": 3840,
      "babyDbSymbol": "lotad",
      "babyForm": 0,
      "itemHeld": [
        {
          "dbSymbol": "mental_herb",
          "chance": 5
        },
        {
          "dbSymbol": "none",
          "chance": 0
        }
      ],
      "abilities": [
        "swift_swim",
        "rain_dish",
        "own_tempo"
      ],
      "frontOffsetY": 0,
      "moveSet": [
        {
          "klass": "LevelLearnableMove",
          "move": "astonish",
          "level": 1
        },
        {
          "klass": "LevelLearnableMove",
          "move": "growl",
          "level": 3
        },
        {
          "klass": "LevelLearnableMove",
          "move": "absorb",
          "level": 6
        },
        {
          "klass": "LevelLearnableMove",
          "move": "bubble",
          "level": 9
        },
        {
          "klass": "LevelLearnableMove",
          "move": "natural_gift",
          "level": 12
        },
        {
          "klass": "LevelLearnableMove",
          "move": "mist",
          "level": 15
        },
        {
          "klass": "LevelLearnableMove",
          "move": "mega_drain",
          "level": 18
        },
        {
          "klass": "LevelLearnableMove",
          "move": "bubble_beam",
          "level": 21
        },
        {
          "klass": "LevelLearnableMove",
          "move": "nature_power",
          "level": 24
        },
        {
          "klass": "LevelLearnableMove",
          "move": "rain_dance",
          "level": 27
        },
        {
          "klass": "LevelLearnableMove",
          "move": "giga_drain",
          "level": 30
        },
        {
          "klass": "LevelLearnableMove",
          "move": "zen_headbutt",
          "level": 33
        },
        {
          "klass": "LevelLearnableMove",
          "move": "energy_ball",
          "level": 36
        },
        {
          "klass": "TutorLearnableMove",
          "move": "uproar"
        },
        {
          "klass": "TutorLearnableMove",
          "move": "seed_bomb"
        },
        {
          "klass": "TutorLearnableMove",
          "move": "giga_drain"
        },
        {
          "klass": "TutorLearnableMove",
          "move": "zen_headbutt"
        },
        {
          "klass": "TutorLearnableMove",
          "move": "snore"
        },
        {
          "klass": "TutorLearnableMove",
          "move": "synthesis"
        },
        {
          "klass": "TutorLearnableMove",
          "move": "icy_wind"
        },
        {
          "klass": "TutorLearnableMove",
          "move": "water_pulse"
        },
        {
          "klass": "TechLearnableMove",
          "move": "toxic"
        },
        {
          "klass": "TechLearnableMove",
          "move": "hail"
        },
        {
          "klass": "TechLearnableMove",
          "move": "hidden_power"
        },
        {
          "klass": "TechLearnableMove",
          "move": "sunny_day"
        },
        {
          "klass": "TechLearnableMove",
          "move": "ice_beam"
        },
        {
          "klass": "TechLearnableMove",
          "move": "blizzard"
        },
        {
          "klass": "TechLearnableMove",
          "move": "protect"
        },
        {
          "klass": "TechLearnableMove",
          "move": "rain_dance"
        },
        {
          "klass": "TechLearnableMove",
          "move": "frustration"
        },
        {
          "klass": "TechLearnableMove",
          "move": "solar_beam"
        },
        {
          "klass": "TechLearnableMove",
          "move": "return"
        },
        {
          "klass": "TechLearnableMove",
          "move": "double_team"
        },
        {
          "klass": "TechLearnableMove",
          "move": "facade"
        },
        {
          "klass": "TechLearnableMove",
          "move": "rest"
        },
        {
          "klass": "TechLearnableMove",
          "move": "attract"
        },
        {
          "klass": "TechLearnableMove",
          "move": "thief"
        },
        {
          "klass": "TechLearnableMove",
          "move": "round"
        },
        {
          "klass": "TechLearnableMove",
          "move": "echoed_voice"
        },
        {
          "klass": "TechLearnableMove",
          "move": "energy_ball"
        },
        {
          "klass": "TechLearnableMove",
          "move": "scald"
        },
        {
          "klass": "TechLearnableMove",
          "move": "swords_dance"
        },
        {
          "klass": "TechLearnableMove",
          "move": "grass_knot"
        },
        {
          "klass": "TechLearnableMove",
          "move": "swagger"
        },
        {
          "klass": "TechLearnableMove",
          "move": "sleep_talk"
        },
        {
          "klass": "TechLearnableMove",
          "move": "substitute"
        },
        {
          "klass": "TechLearnableMove",
          "move": "surf"
        },
        {
          "klass": "TechLearnableMove",
          "move": "nature_power"
        },
        {
          "klass": "TechLearnableMove",
          "move": "confide"
        },
        {
          "klass": "TechLearnableMove",
          "move": "secret_power"
        },
        {
          "klass": "BreedLearnableMove",
          "move": "counter"
        },
        {
          "klass": "BreedLearnableMove",
          "move": "flail"
        },
        {
          "klass": "BreedLearnableMove",
          "move": "giga_drain"
        },
        {
          "klass": "BreedLearnableMove",
          "move": "leech_seed"
        },
        {
          "klass": "BreedLearnableMove",
          "move": "razor_leaf"
        },
        {
          "klass": "BreedLearnableMove",
          "move": "sweet_scent"
        },
        {
          "klass": "BreedLearnableMove",
          "move": "synthesis"
        },
        {
          "klass": "BreedLearnableMove",
          "move": "teeter_dance"
        },
        {
          "klass": "BreedLearnableMove",
          "move": "tickle"
        },
        {
          "klass": "BreedLearnableMove",
          "move": "water_gun"
        }
      ],
      "resources": {
        "icon": "270",
        "iconShiny": "",
        "front": "270",
        "frontShiny": "270",
        "back": "270",
        "backShiny": "270",
        "footprint": "270",
        "character": "270_0",
        "characterShiny": "270s_0",
        "cry": "270cry.ogg",
        "hasFemale": false
      }
    }
  ]
}